Linux 7.0.0-22-generic (warpnixOS-devmachine) 	2026-06-15 	_x86_64_	(8 CPU)

15:54:36     LINUX RESTART	(8 CPU)

16:00:00        CPU      %usr     %nice      %sys   %iowait    %steal      %irq     %soft    %guest    %gnice     %idle
16:10:11        all      0.61      0.01      0.63      0.33      0.00      0.00      0.03      0.00      0.00     98.38
16:10:11          0      0.47      0.00      0.63      0.24      0.00      0.00      0.05      0.00      0.00     98.62
16:10:11          1      0.45      0.04      0.61      0.39      0.00      0.00      0.11      0.00      0.00     98.41
16:10:11          2      0.52      0.04      0.69      0.76      0.00      0.00      0.02      0.00      0.00     97.97
16:10:11          3      0.54      0.00      0.55      0.21      0.00      0.00      0.02      0.00      0.00     98.67
16:10:11          4      0.54      0.00      0.62      0.18      0.00      0.00      0.01      0.00      0.00     98.64
16:10:11          5      0.51      0.00      0.60      0.17      0.00      0.00      0.04      0.00      0.00     98.68
16:10:11          6      0.72      0.00      0.61      0.06      0.00      0.00      0.02      0.00      0.00     98.60
16:10:11          7      1.16      0.00      0.71      0.65      0.00      0.00      0.01      0.00      0.00     97.48
16:20:11        all      0.02      0.00      0.03      0.01      0.00      0.00      0.01      0.00      0.00     99.93
16:20:11          0      0.03      0.00      0.03      0.01      0.00      0.00      0.01      0.00      0.00     99.92
16:20:11          1      0.03      0.00      0.03      0.00      0.00      0.00      0.01      0.00      0.00     99.93
16:20:11          2      0.02      0.00      0.03      0.00      0.00      0.00      0.01      0.00      0.00     99.95
16:20:11          3      0.03      0.00      0.03      0.00      0.00      0.00      0.01      0.00      0.00     99.94
16:20:11          4      0.02      0.01      0.03      0.01      0.00      0.00      0.01      0.00      0.00     99.92
16:20:11          5      0.03      0.00      0.04      0.00      0.00      0.00      0.01      0.00      0.00     99.93
16:20:11          6      0.02      0.00      0.03      0.02      0.00      0.00      0.00      0.00      0.00     99.93
16:20:11          7      0.02      0.00      0.03      0.00      0.00      0.00      0.00      0.00      0.00     99.94
16:30:11        all      0.01      0.00      0.02      0.00      0.00      0.00      0.00      0.00      0.00     99.97
16:30:11          0      0.01      0.00      0.02      0.00      0.00      0.00      0.00      0.00      0.00     99.97
16:30:11          1      0.01      0.00      0.02      0.00      0.00      0.00      0.00      0.00      0.00     99.97
16:30:11          2      0.02      0.00      0.02      0.00      0.00      0.00      0.00      0.00      0.00     99.96
16:30:11          3      0.01      0.00      0.02      0.00      0.00      0.00      0.00      0.00      0.00     99.97
16:30:11          4      0.01      0.00      0.02      0.00      0.00      0.00      0.00      0.00      0.00     99.97
16:30:11          5      0.01      0.00      0.02      0.00      0.00      0.00      0.00      0.00      0.00     99.97
16:30:11          6      0.01      0.00      0.01      0.01      0.00      0.00      0.00      0.00      0.00     99.97
16:30:11          7      0.02      0.00      0.02      0.00      0.00      0.00      0.00      0.00      0.00     99.96
16:40:12        all      0.08      0.01      0.04      0.01      0.00      0.00      0.00      0.00      0.00     99.86
16:40:12          0      0.05      0.00      0.04      0.01      0.00      0.00      0.00      0.00      0.00     99.90
16:40:12          1      0.02      0.00      0.04      0.02      0.00      0.00      0.00      0.00      0.00     99.91
16:40:12          2      0.11      0.00      0.05      0.00      0.00      0.00      0.00      0.00      0.00     99.84
16:40:12          3      0.09      0.00      0.03      0.00      0.00      0.00      0.00      0.00      0.00     99.87
16:40:12          4      0.09      0.00      0.05      0.00      0.00      0.00      0.00      0.00      0.00     99.85
16:40:12          5      0.03      0.00      0.03      0.01      0.00      0.00      0.00      0.00      0.00     99.93
16:40:12          6      0.06      0.00      0.05      0.00      0.00      0.00      0.00      0.00      0.00     99.89
16:40:12          7      0.19      0.05      0.04      0.00      0.00      0.00      0.00      0.00      0.00     99.72
16:50:11        all      0.06      0.00      0.10      0.00      0.00      0.00      0.00      0.00      0.00     99.83
16:50:11          0      0.04      0.00      0.10      0.00      0.00      0.00      0.01      0.00      0.00     99.85
16:50:11          1      0.27      0.00      0.11      0.00      0.00      0.00      0.00      0.00      0.00     99.63
16:50:11          2      0.03      0.01      0.11      0.00      0.00      0.00      0.00      0.00      0.00     99.85
16:50:11          3      0.03      0.00      0.11      0.00      0.00      0.00      0.00      0.00      0.00     99.87
16:50:11          4      0.03      0.00      0.12      0.01      0.00      0.00      0.00      0.00      0.00     99.84
16:50:11          5      0.05      0.00      0.10      0.00      0.00      0.00      0.00      0.00      0.00     99.85
16:50:11          6      0.03      0.00      0.10      0.00      0.00      0.00      0.00      0.00      0.00     99.87
16:50:11          7      0.04      0.00      0.10      0.00      0.00      0.00      0.00      0.00      0.00     99.86
17:00:11        all      0.01      0.00      0.01      0.00      0.00      0.00      0.00      0.00      0.00     99.98
17:00:11          0      0.01      0.00      0.01      0.00      0.00      0.00      0.00      0.00      0.00     99.98
17:00:11          1      0.01      0.00      0.01      0.00      0.00      0.00      0.00      0.00      0.00     99.99
17:00:11          2      0.01      0.00      0.01      0.00      0.00      0.00      0.00      0.00      0.00     99.99
17:00:11          3      0.01      0.00      0.01      0.00      0.00      0.00      0.00      0.00      0.00     99.98
17:00:11          4      0.00      0.00      0.01      0.00      0.00      0.00      0.00      0.00      0.00     99.99
17:00:11          5      0.01      0.00      0.01      0.00      0.00      0.00      0.00      0.00      0.00     99.97
17:00:11          6      0.00      0.00      0.01      0.00      0.00      0.00      0.00      0.00      0.00     99.99
17:00:11          7      0.00      0.00      0.01      0.00      0.00      0.00      0.00      0.00      0.00     99.99
17:10:11        all     33.77      0.00      0.45      0.06      0.00      0.00      0.02      0.00      0.00     65.70
17:10:11          0     33.76      0.00      0.36      0.00      0.00      0.00      0.00      0.00      0.00     65.88
17:10:11          1     34.02      0.00      0.57      0.20      0.00      0.00      0.10      0.00      0.00     65.11
17:10:11          2     33.62      0.00      0.59      0.13      0.00      0.00      0.01      0.00      0.00     65.66
17:10:11          3     33.67      0.00      0.42      0.00      0.00      0.00      0.00      0.00      0.00     65.90
17:10:11          4     33.66      0.00      0.54      0.16      0.00      0.00      0.00      0.00      0.00     65.65
17:10:11          5     33.75      0.00      0.32      0.00      0.00      0.00      0.00      0.00      0.00     65.93
17:10:11          6     33.73      0.00      0.43      0.00      0.00      0.00      0.00      0.00      0.00     65.84
17:10:11          7     33.97      0.00      0.39      0.00      0.00      0.00      0.00      0.00      0.00     65.65
17:20:08        all     58.37      0.00      1.00      0.08      0.00      0.00      0.17      0.00      0.00     40.38
17:20:08          0     58.57      0.00      0.75      0.07      0.00      0.00      0.03      0.00      0.00     40.58
17:20:08          1     55.77      0.00      2.66      0.10      0.00      0.00      1.26      0.00      0.00     40.21
17:20:08          2     58.37      0.00      0.78      0.09      0.00      0.00      0.01      0.00      0.00     40.75
17:20:08          3     58.53      0.00      0.74      0.13      0.00      0.00      0.01      0.00      0.00     40.60
17:20:08          4     58.79      0.00      0.72      0.07      0.00      0.00      0.01      0.00      0.00     40.41
17:20:08          5     58.45      0.00      0.68      0.07      0.00      0.00      0.01      0.00      0.00     40.80
17:20:08          6     58.75      0.00      0.89      0.08      0.00      0.00      0.00      0.00      0.00     40.28
17:20:08          7     59.71      0.00      0.78      0.05      0.00      0.00      0.00      0.00      0.00     39.46
17:30:30        all      0.07      0.00      0.06      0.01      0.00      0.00      0.00      0.00      0.00     99.86
17:30:30          0      0.08      0.00      0.07      0.00      0.00      0.00      0.01      0.00      0.00     99.84
17:30:30          1      0.08      0.00      0.06      0.01      0.00      0.00      0.01      0.00      0.00     99.85
17:30:30          2      0.08      0.00      0.07      0.01      0.00      0.00      0.00      0.00      0.00     99.85
17:30:30          3      0.08      0.00      0.07      0.00      0.00      0.00      0.00      0.00      0.00     99.85
17:30:30          4      0.07      0.00      0.06      0.00      0.00      0.00      0.00      0.00      0.00     99.87
17:30:30          5      0.06      0.00      0.06      0.02      0.00      0.00      0.00      0.00      0.00     99.85
17:30:30          6      0.06      0.00      0.05      0.00      0.00      0.00      0.00      0.00      0.00     99.89
17:30:30          7      0.06      0.00      0.05      0.00      0.00      0.00      0.00      0.00      0.00     99.89
17:40:01        all      0.01      0.00      0.01      0.00      0.00      0.00      0.00      0.00      0.00     99.98
17:40:01          0      0.01      0.00      0.01      0.00      0.00      0.00      0.01      0.00      0.00     99.97
17:40:01          1      0.01      0.00      0.01      0.00      0.00      0.00      0.00      0.00      0.00     99.98
17:40:01          2      0.01      0.00      0.01      0.00      0.00      0.00      0.00      0.00      0.00     99.98
17:40:01          3      0.01      0.00      0.01      0.00      0.00      0.00      0.00      0.00      0.00     99.98
17:40:01          4      0.01      0.00      0.01      0.00      0.00      0.00      0.00      0.00      0.00     99.98
17:40:01          5      0.01      0.00      0.01      0.00      0.00      0.00      0.00      0.00      0.00     99.98
17:40:01          6      0.01      0.00      0.01      0.00      0.00      0.00      0.00      0.00      0.00     99.98
17:40:01          7      0.00      0.00      0.01      0.00      0.00      0.00      0.00      0.00      0.00     99.99
17:50:11        all      0.01      0.00      0.01      0.00      0.00      0.00      0.00      0.00      0.00     99.98
17:50:11          0      0.01      0.00      0.01      0.00      0.00      0.00      0.00      0.00      0.00     99.98
17:50:11          1      0.01      0.00      0.01      0.00      0.00      0.00      0.00      0.00      0.00     99.98
17:50:11          2      0.01      0.00      0.01      0.00      0.00      0.00      0.00      0.00      0.00     99.98
17:50:11          3      0.01      0.00      0.01      0.00      0.00      0.00      0.00      0.00      0.00     99.98
17:50:11          4      0.01      0.00      0.01      0.00      0.00      0.00      0.00      0.00      0.00     99.98
17:50:11          5      0.00      0.00      0.01      0.00      0.00      0.00      0.00      0.00      0.00     99.98
17:50:11          6      0.01      0.00      0.01      0.00      0.00      0.00      0.00      0.00      0.00     99.98
17:50:11          7      0.00      0.00      0.01      0.00      0.00      0.00      0.00      0.00      0.00     99.99

17:50:11        CPU      %usr     %nice      %sys   %iowait    %steal      %irq     %soft    %guest    %gnice     %idle
18:00:11        all      0.01      0.00      0.01      0.00      0.00      0.00      0.00      0.00      0.00     99.98
18:00:11          0      0.01      0.00      0.01      0.00      0.00      0.00      0.01      0.00      0.00     99.98
18:00:11          1      0.01      0.00      0.01      0.00      0.00      0.00      0.00      0.00      0.00     99.98
18:00:11          2      0.00      0.00      0.01      0.00      0.00      0.00      0.00      0.00      0.00     99.98
18:00:11          3      0.00      0.00      0.01      0.00      0.00      0.00      0.00      0.00      0.00     99.99
18:00:11          4      0.01      0.00      0.01      0.00      0.00      0.00      0.00      0.00      0.00     99.99
18:00:11          5      0.01      0.00      0.01      0.00      0.00      0.00      0.00      0.00      0.00     99.98
18:00:11          6      0.01      0.00      0.01      0.00      0.00      0.00      0.00      0.00      0.00     99.98
18:00:11          7      0.00      0.00      0.01      0.00      0.00      0.00      0.00      0.00      0.00     99.99
18:10:11        all      0.02      0.00      0.02      0.00      0.00      0.00      0.00      0.00      0.00     99.95
18:10:11          0      0.01      0.00      0.02      0.00      0.00      0.00      0.01      0.00      0.00     99.96
18:10:11          1      0.03      0.00      0.03      0.00      0.00      0.00      0.00      0.00      0.00     99.94
18:10:11          2      0.03      0.00      0.03      0.00      0.00      0.00      0.00      0.00      0.00     99.94
18:10:11          3      0.02      0.00      0.02      0.00      0.00      0.00      0.00      0.00      0.00     99.96
18:10:11          4      0.04      0.00      0.03      0.00      0.00      0.00      0.00      0.00      0.00     99.93
18:10:11          5      0.02      0.00      0.02      0.00      0.00      0.00      0.00      0.00      0.00     99.96
18:10:11          6      0.03      0.00      0.03      0.00      0.00      0.00      0.00      0.00      0.00     99.95
18:10:11          7      0.02      0.00      0.02      0.00      0.00      0.00      0.00      0.00      0.00     99.96
18:20:18        all      0.01      0.00      0.01      0.00      0.00      0.00      0.00      0.00      0.00     99.98
18:20:18          0      0.00      0.00      0.01      0.00      0.00      0.00      0.00      0.00      0.00     99.99
18:20:18          1      0.01      0.00      0.01      0.00      0.00      0.00      0.00      0.00      0.00     99.97
18:20:18          2      0.01      0.00      0.01      0.00      0.00      0.00      0.00      0.00      0.00     99.98
18:20:18          3      0.01      0.00      0.01      0.00      0.00      0.00      0.00      0.00      0.00     99.99
18:20:18          4      0.01      0.00      0.01      0.00      0.00      0.00      0.00      0.00      0.00     99.98
18:20:18          5      0.00      0.00      0.01      0.00      0.00      0.00      0.00      0.00      0.00     99.98
18:20:18          6      0.00      0.00      0.01      0.00      0.00      0.00      0.00      0.00      0.00     99.99
18:20:18          7      0.00      0.00      0.00      0.00      0.00      0.00      0.00      0.00      0.00     99.99
18:30:11        all      0.01      0.00      0.01      0.00      0.00      0.00      0.00      0.00      0.00     99.98
18:30:11          0      0.01      0.00      0.01      0.00      0.00      0.00      0.00      0.00      0.00     99.98
18:30:11          1      0.01      0.00      0.01      0.00      0.00      0.00      0.00      0.00      0.00     99.98
18:30:11          2      0.01      0.00      0.01      0.00      0.00      0.00      0.00      0.00      0.00     99.98
18:30:11          3      0.01      0.00      0.01      0.00      0.00      0.00      0.00      0.00      0.00     99.98
18:30:11          4      0.01      0.00      0.01      0.00      0.00      0.00      0.00      0.00      0.00     99.98
18:30:11          5      0.01      0.00      0.01      0.00      0.00      0.00      0.00      0.00      0.00     99.98
18:30:11          6      0.00      0.00      0.01      0.00      0.00      0.00      0.00      0.00      0.00     99.98
18:30:11          7      0.00      0.00      0.01      0.00      0.00      0.00      0.00      0.00      0.00     99.99
18:40:11        all      0.01      0.00      0.01      0.00      0.00      0.00      0.00      0.00      0.00     99.98
18:40:11          0      0.00      0.00      0.01      0.00      0.00      0.00      0.01      0.00      0.00     99.98
18:40:11          1      0.01      0.00      0.01      0.00      0.00      0.00      0.00      0.00      0.00     99.98
18:40:11          2      0.01      0.00      0.01      0.01      0.00      0.00      0.00      0.00      0.00     99.98
18:40:11          3      0.01      0.00      0.01      0.00      0.00      0.00      0.00      0.00      0.00     99.98
18:40:11          4      0.00      0.00      0.01      0.00      0.00      0.00      0.00      0.00      0.00     99.99
18:40:11          5      0.01      0.00      0.01      0.00      0.00      0.00      0.00      0.00      0.00     99.98
18:40:11          6      0.01      0.00      0.01      0.00      0.00      0.00      0.00      0.00      0.00     99.98
18:40:11          7      0.00      0.00      0.01      0.00      0.00      0.00      0.00      0.00      0.00     99.99
18:50:10        all      0.01      0.00      0.01      0.00      0.00      0.00      0.00      0.00      0.00     99.98
18:50:10          0      0.00      0.00      0.01      0.00      0.00      0.00      0.00      0.00      0.00     99.98
18:50:10          1      0.01      0.00      0.01      0.00      0.00      0.00      0.00      0.00      0.00     99.99
18:50:10          2      0.01      0.00      0.01      0.00      0.00      0.00      0.00      0.00      0.00     99.98
18:50:10          3      0.01      0.00      0.01      0.00      0.00      0.00      0.00      0.00      0.00     99.98
18:50:10          4      0.01      0.00      0.01      0.00      0.00      0.00      0.00      0.00      0.00     99.98
18:50:10          5      0.01      0.00      0.01      0.00      0.00      0.00      0.00      0.00      0.00     99.98
18:50:10          6      0.01      0.00      0.01      0.00      0.00      0.00      0.00      0.00      0.00     99.98
18:50:10          7      0.00      0.00      0.01      0.00      0.00      0.00      0.00      0.00      0.00     99.99
19:00:19        all      0.01      0.00      0.01      0.00      0.00      0.00      0.00      0.00      0.00     99.98
19:00:19          0      0.01      0.00      0.01      0.00      0.00      0.00      0.00      0.00      0.00     99.98
19:00:19          1      0.00      0.00      0.01      0.00      0.00      0.00      0.00      0.00      0.00     99.99
19:00:19          2      0.01      0.00      0.01      0.00      0.00      0.00      0.00      0.00      0.00     99.98
19:00:19          3      0.01      0.00      0.01      0.00      0.00      0.00      0.00      0.00      0.00     99.98
19:00:19          4      0.00      0.00      0.01      0.00      0.00      0.00      0.00      0.00      0.00     99.99
19:00:19          5      0.00      0.00      0.01      0.00      0.00      0.00      0.00      0.00      0.00     99.99
19:00:19          6      0.01      0.00      0.01      0.00      0.00      0.00      0.00      0.00      0.00     99.98
19:00:19          7      0.00      0.00      0.00      0.00      0.00      0.00      0.00      0.00      0.00     99.99
19:10:11        all      0.01      0.00      0.01      0.00      0.00      0.00      0.00      0.00      0.00     99.98
19:10:11          0      0.01      0.00      0.01      0.00      0.00      0.00      0.01      0.00      0.00     99.98
19:10:11          1      0.00      0.00      0.01      0.00      0.00      0.00      0.00      0.00      0.00     99.98
19:10:11          2      0.01      0.00      0.01      0.00      0.00      0.00      0.00      0.00      0.00     99.98
19:10:11          3      0.00      0.00      0.01      0.00      0.00      0.00      0.00      0.00      0.00     99.99
19:10:11          4      0.01      0.00      0.01      0.00      0.00      0.00      0.00      0.00      0.00     99.98
19:10:11          5      0.01      0.00      0.01      0.00      0.00      0.00      0.00      0.00      0.00     99.99
19:10:11          6      0.01      0.00      0.01      0.00      0.00      0.00      0.00      0.00      0.00     99.98
19:10:11          7      0.00      0.00      0.00      0.00      0.00      0.00      0.00      0.00      0.00     99.99
19:20:04        all      0.01      0.00      0.01      0.00      0.00      0.00      0.00      0.00      0.00     99.99
19:20:04          0      0.00      0.00      0.01      0.00      0.00      0.00      0.00      0.00      0.00     99.99
19:20:04          1      0.00      0.00      0.01      0.00      0.00      0.00      0.00      0.00      0.00     99.99
19:20:04          2      0.01      0.00      0.01      0.00      0.00      0.00      0.00      0.00      0.00     99.97
19:20:04          3      0.01      0.00      0.01      0.00      0.00      0.00      0.00      0.00      0.00     99.98
19:20:04          4      0.01      0.00      0.01      0.00      0.00      0.00      0.00      0.00      0.00     99.98
19:20:04          5      0.01      0.00      0.01      0.00      0.00      0.00      0.00      0.00      0.00     99.98
19:20:04          6      0.01      0.00      0.01      0.00      0.00      0.00      0.00      0.00      0.00     99.99
19:20:04          7      0.00      0.00      0.00      0.00      0.00      0.00      0.00      0.00      0.00     99.99
19:30:11        all      0.01      0.00      0.01      0.00      0.00      0.00      0.00      0.00      0.00     99.99
19:30:11          0      0.00      0.00      0.01      0.00      0.00      0.00      0.00      0.00      0.00     99.99
19:30:11          1      0.00      0.00      0.01      0.00      0.00      0.00      0.00      0.00      0.00     99.98
19:30:11          2      0.01      0.00      0.01      0.00      0.00      0.00      0.00      0.00      0.00     99.98
19:30:11          3      0.01      0.00      0.01      0.00      0.00      0.00      0.00      0.00      0.00     99.98
19:30:11          4      0.01      0.00      0.01      0.00      0.00      0.00      0.00      0.00      0.00     99.98
19:30:11          5      0.00      0.00      0.01      0.00      0.00      0.00      0.00      0.00      0.00     99.99
19:30:11          6      0.00      0.00      0.01      0.00      0.00      0.00      0.00      0.00      0.00     99.99
19:30:11          7      0.00      0.00      0.00      0.00      0.00      0.00      0.00      0.00      0.00    100.00
19:40:10        all      0.01      0.00      0.01      0.00      0.00      0.00      0.00      0.00      0.00     99.98
19:40:10          0      0.01      0.00      0.01      0.00      0.00      0.00      0.00      0.00      0.00     99.98
19:40:10          1      0.01      0.00      0.01      0.00      0.00      0.00      0.00      0.00      0.00     99.97
19:40:10          2      0.01      0.00      0.01      0.00      0.00      0.00      0.00      0.00      0.00     99.99
19:40:10          3      0.01      0.00      0.01      0.00      0.00      0.00      0.00      0.00      0.00     99.97
19:40:10          4      0.01      0.00      0.01      0.00      0.00      0.00      0.00      0.00      0.00     99.98
19:40:10          5      0.01      0.00      0.01      0.00      0.00      0.00      0.00      0.00      0.00     99.98
19:40:10          6      0.01      0.00      0.01      0.00      0.00      0.00      0.00      0.00      0.00     99.99
19:40:10          7      0.00      0.00      0.01      0.00      0.00      0.00      0.00      0.00      0.00     99.99

19:40:10        CPU      %usr     %nice      %sys   %iowait    %steal      %irq     %soft    %guest    %gnice     %idle
19:50:06        all      0.01      0.00      0.01      0.00      0.00      0.00      0.00      0.00      0.00     99.98
19:50:06          0      0.01      0.00      0.01      0.00      0.00      0.00      0.01      0.00      0.00     99.98
19:50:06          1      0.01      0.00      0.01      0.00      0.00      0.00      0.00      0.00      0.00     99.98
19:50:06          2      0.00      0.00      0.01      0.00      0.00      0.00      0.00      0.00      0.00     99.99
19:50:06          3      0.01      0.00      0.01      0.00      0.00      0.00      0.00      0.00      0.00     99.98
19:50:06          4      0.01      0.00      0.01      0.00      0.00      0.00      0.00      0.00      0.00     99.98
19:50:06          5      0.01      0.00      0.01      0.00      0.00      0.00      0.00      0.00      0.00     99.99
19:50:06          6      0.00      0.00      0.01      0.00      0.00      0.00      0.00      0.00      0.00     99.99
19:50:06          7      0.00      0.00      0.01      0.00      0.00      0.00      0.00      0.00      0.00     99.99
20:00:11        all      0.01      0.00      0.01      0.00      0.00      0.00      0.00      0.00      0.00     99.98
20:00:11          0      0.00      0.00      0.01      0.00      0.00      0.00      0.00      0.00      0.00     99.99
20:00:11          1      0.01      0.00      0.01      0.00      0.00      0.00      0.00      0.00      0.00     99.98
20:00:11          2      0.00      0.00      0.01      0.00      0.00      0.00      0.00      0.00      0.00     99.99
20:00:11          3      0.00      0.00      0.01      0.00      0.00      0.00      0.00      0.00      0.00     99.98
20:00:11          4      0.01      0.00      0.01      0.00      0.00      0.00      0.00      0.00      0.00     99.98
20:00:11          5      0.00      0.00      0.01      0.00      0.00      0.00      0.00      0.00      0.00     99.99
20:00:11          6      0.00      0.00      0.01      0.00      0.00      0.00      0.00      0.00      0.00     99.99
20:00:11          7      0.00      0.00      0.00      0.00      0.00      0.00      0.00      0.00      0.00     99.99
20:10:12        all      0.01      0.00      0.01      0.00      0.00      0.00      0.00      0.00      0.00     99.98
20:10:12          0      0.00      0.00      0.01      0.00      0.00      0.00      0.00      0.00      0.00     99.98
20:10:12          1      0.00      0.00      0.01      0.00      0.00      0.00      0.00      0.00      0.00     99.98
20:10:12          2      0.01      0.00      0.01      0.00      0.00      0.00      0.00      0.00      0.00     99.99
20:10:12          3      0.01      0.00      0.01      0.00      0.00      0.00      0.00      0.00      0.00     99.98
20:10:12          4      0.00      0.00      0.01      0.00      0.00      0.00      0.00      0.00      0.00     99.98
20:10:12          5      0.00      0.00      0.01      0.00      0.00      0.00      0.00      0.00      0.00     99.99
20:10:12          6      0.01      0.00      0.01      0.00      0.00      0.00      0.00      0.00      0.00     99.98
20:10:12          7      0.00      0.00      0.00      0.00      0.00      0.00      0.00      0.00      0.00     99.99
20:20:11        all      0.00      0.00      0.01      0.00      0.00      0.00      0.00      0.00      0.00     99.99
20:20:11          0      0.00      0.00      0.01      0.00      0.00      0.00      0.01      0.00      0.00     99.99
20:20:11          1      0.00      0.00      0.01      0.00      0.00      0.00      0.00      0.00      0.00     99.99
20:20:11          2      0.00      0.00      0.01      0.00      0.00      0.00      0.00      0.00      0.00     99.99
20:20:11          3      0.01      0.00      0.01      0.00      0.00      0.00      0.00      0.00      0.00     99.98
20:20:11          4      0.01      0.00      0.01      0.00      0.00      0.00      0.00      0.00      0.00     99.98
20:20:11          5      0.01      0.00      0.01      0.00      0.00      0.00      0.00      0.00      0.00     99.98
20:20:11          6      0.01      0.00      0.01      0.00      0.00      0.00      0.00      0.00      0.00     99.98
20:20:11          7      0.00      0.00      0.00      0.00      0.00      0.00      0.00      0.00      0.00     99.99
20:30:10        all      0.01      0.00      0.01      0.00      0.00      0.00      0.00      0.00      0.00     99.98
20:30:10          0      0.01      0.00      0.01      0.00      0.00      0.00      0.01      0.00      0.00     99.98
20:30:10          1      0.01      0.00      0.01      0.00      0.00      0.00      0.00      0.00      0.00     99.98
20:30:10          2      0.01      0.00      0.01      0.00      0.00      0.00      0.00      0.00      0.00     99.98
20:30:10          3      0.01      0.00      0.01      0.00      0.00      0.00      0.00      0.00      0.00     99.98
20:30:10          4      0.01      0.00      0.01      0.00      0.00      0.00      0.00      0.00      0.00     99.98
20:30:10          5      0.01      0.00      0.01      0.00      0.00      0.00      0.00      0.00      0.00     99.97
20:30:10          6      0.01      0.00      0.01      0.00      0.00      0.00      0.00      0.00      0.00     99.97
20:30:10          7      0.00      0.00      0.01      0.00      0.00      0.00      0.00      0.00      0.00     99.99
20:40:11        all      0.01      0.00      0.01      0.00      0.00      0.00      0.00      0.00      0.00     99.98
20:40:11          0      0.01      0.00      0.01      0.00      0.00      0.00      0.00      0.00      0.00     99.98
20:40:11          1      0.01      0.00      0.01      0.00      0.00      0.00      0.00      0.00      0.00     99.98
20:40:11          2      0.00      0.00      0.01      0.00      0.00      0.00      0.00      0.00      0.00     99.98
20:40:11          3      0.00      0.00      0.01      0.00      0.00      0.00      0.00      0.00      0.00     99.99
20:40:11          4      0.00      0.00      0.01      0.00      0.00      0.00      0.00      0.00      0.00     99.98
20:40:11          5      0.01      0.00      0.01      0.00      0.00      0.00      0.00      0.00      0.00     99.98
20:40:11          6      0.01      0.00      0.01      0.00      0.00      0.00      0.00      0.00      0.00     99.98
20:40:11          7      0.00      0.00      0.01      0.00      0.00      0.00      0.00      0.00      0.00     99.99
20:50:11        all      0.01      0.00      0.01      0.00      0.00      0.00      0.00      0.00      0.00     99.98
20:50:11          0      0.01      0.00      0.01      0.00      0.00      0.00      0.00      0.00      0.00     99.98
20:50:11          1      0.01      0.00      0.01      0.00      0.00      0.00      0.00      0.00      0.00     99.98
20:50:11          2      0.00      0.00      0.01      0.00      0.00      0.00      0.00      0.00      0.00     99.99
20:50:11          3      0.01      0.00      0.01      0.00      0.00      0.00      0.00      0.00      0.00     99.97
20:50:11          4      0.01      0.00      0.01      0.00      0.00      0.00      0.00      0.00      0.00     99.98
20:50:11          5      0.01      0.00      0.01      0.00      0.00      0.00      0.00      0.00      0.00     99.98
20:50:11          6      0.00      0.00      0.01      0.00      0.00      0.00      0.00      0.00      0.00     99.99
20:50:11          7      0.00      0.00      0.01      0.00      0.00      0.00      0.00      0.00      0.00     99.99
21:00:11        all      0.01      0.00      0.01      0.00      0.00      0.00      0.00      0.00      0.00     99.98
21:00:11          0      0.01      0.00      0.01      0.00      0.00      0.00      0.00      0.00      0.00     99.98
21:00:11          1      0.01      0.00      0.01      0.00      0.00      0.00      0.00      0.00      0.00     99.98
21:00:11          2      0.01      0.00      0.01      0.00      0.00      0.00      0.00      0.00      0.00     99.98
21:00:11          3      0.01      0.00      0.01      0.00      0.00      0.00      0.00      0.00      0.00     99.98
21:00:11          4      0.01      0.00      0.01      0.00      0.00      0.00      0.00      0.00      0.00     99.99
21:00:11          5      0.01      0.00      0.01      0.00      0.00      0.00      0.00      0.00      0.00     99.98
21:00:11          6      0.00      0.00      0.01      0.00      0.00      0.00      0.00      0.00      0.00     99.99
21:00:11          7      0.00      0.00      0.01      0.00      0.00      0.00      0.00      0.00      0.00     99.99
21:10:11        all      0.01      0.00      0.01      0.00      0.00      0.00      0.00      0.00      0.00     99.98
21:10:11          0      0.00      0.00      0.01      0.00      0.00      0.00      0.01      0.00      0.00     99.99
21:10:11          1      0.00      0.00      0.01      0.00      0.00      0.00      0.00      0.00      0.00     99.98
21:10:11          2      0.01      0.00      0.01      0.00      0.00      0.00      0.00      0.00      0.00     99.98
21:10:11          3      0.01      0.00      0.01      0.00      0.00      0.00      0.00      0.00      0.00     99.97
21:10:11          4      0.00      0.00      0.01      0.00      0.00      0.00      0.00      0.00      0.00     99.99
21:10:11          5      0.01      0.00      0.01      0.00      0.00      0.00      0.00      0.00      0.00     99.98
21:10:11          6      0.01      0.00      0.01      0.00      0.00      0.00      0.00      0.00      0.00     99.98
21:10:11          7      0.01      0.00      0.01      0.00      0.00      0.00      0.00      0.00      0.00     99.99
21:20:11        all      0.01      0.00      0.01      0.00      0.00      0.00      0.00      0.00      0.00     99.99
21:20:11          0      0.00      0.00      0.01      0.00      0.00      0.00      0.00      0.00      0.00     99.98
21:20:11          1      0.01      0.00      0.01      0.00      0.00      0.00      0.00      0.00      0.00     99.98
21:20:11          2      0.01      0.00      0.01      0.00      0.00      0.00      0.00      0.00      0.00     99.99
21:20:11          3      0.01      0.00      0.01      0.00      0.00      0.00      0.00      0.00      0.00     99.98
21:20:11          4      0.01      0.00      0.01      0.00      0.00      0.00      0.00      0.00      0.00     99.98
21:20:11          5      0.01      0.00      0.01      0.00      0.00      0.00      0.00      0.00      0.00     99.99
21:20:11          6      0.01      0.00      0.01      0.00      0.00      0.00      0.00      0.00      0.00     99.98
21:20:11          7      0.00      0.00      0.01      0.00      0.00      0.00      0.00      0.00      0.00     99.99
21:30:11        all      0.02      0.00      0.02      0.00      0.00      0.00      0.00      0.00      0.00     99.96
21:30:11          0      0.02      0.00      0.02      0.00      0.00      0.00      0.00      0.00      0.00     99.96
21:30:11          1      0.01      0.00      0.02      0.01      0.00      0.00      0.00      0.00      0.00     99.97
21:30:11          2      0.01      0.00      0.01      0.01      0.00      0.00      0.00      0.00      0.00     99.97
21:30:11          3      0.01      0.00      0.02      0.00      0.00      0.00      0.00      0.00      0.00     99.97
21:30:11          4      0.01      0.01      0.01      0.00      0.00      0.00      0.00      0.00      0.00     99.96
21:30:11          5      0.06      0.00      0.02      0.00      0.00      0.00      0.00      0.00      0.00     99.92
21:30:11          6      0.05      0.00      0.02      0.00      0.00      0.00      0.00      0.00      0.00     99.92
21:30:11          7      0.01      0.00      0.01      0.00      0.00      0.00      0.00      0.00      0.00     99.98

21:30:11        CPU      %usr     %nice      %sys   %iowait    %steal      %irq     %soft    %guest    %gnice     %idle
21:40:14        all      0.01      0.00      0.01      0.00      0.00      0.00      0.00      0.00      0.00     99.98
21:40:14          0      0.00      0.00      0.01      0.00      0.00      0.00      0.00      0.00      0.00     99.99
21:40:14          1      0.00      0.00      0.01      0.00      0.00      0.00      0.00      0.00      0.00     99.99
21:40:14          2      0.00      0.00      0.01      0.00      0.00      0.00      0.00      0.00      0.00     99.99
21:40:14          3      0.01      0.00      0.01      0.00      0.00      0.00      0.00      0.00      0.00     99.98
21:40:14          4      0.00      0.00      0.01      0.00      0.00      0.00      0.00      0.00      0.00     99.99
21:40:14          5      0.01      0.00      0.01      0.00      0.00      0.00      0.00      0.00      0.00     99.98
21:40:14          6      0.00      0.00      0.01      0.00      0.00      0.00      0.00      0.00      0.00     99.99
21:40:14          7      0.00      0.00      0.01      0.00      0.00      0.00      0.00      0.00      0.00     99.99
21:50:11        all      0.01      0.00      0.01      0.00      0.00      0.00      0.00      0.00      0.00     99.98
21:50:11          0      0.01      0.00      0.01      0.00      0.00      0.00      0.00      0.00      0.00     99.98
21:50:11          1      0.01      0.00      0.01      0.00      0.00      0.00      0.00      0.00      0.00     99.98
21:50:11          2      0.01      0.00      0.01      0.00      0.00      0.00      0.00      0.00      0.00     99.99
21:50:11          3      0.01      0.00      0.01      0.00      0.00      0.00      0.00      0.00      0.00     99.98
21:50:11          4      0.01      0.00      0.01      0.00      0.00      0.00      0.00      0.00      0.00     99.98
21:50:11          5      0.01      0.00      0.01      0.00      0.00      0.00      0.00      0.00      0.00     99.98
21:50:11          6      0.01      0.00      0.01      0.00      0.00      0.00      0.00      0.00      0.00     99.99
21:50:11          7      0.00      0.00      0.00      0.00      0.00      0.00      0.00      0.00      0.00     99.99
22:00:11        all      0.01      0.00      0.01      0.00      0.00      0.00      0.00      0.00      0.00     99.97
22:00:11          0      0.05      0.00      0.02      0.00      0.00      0.00      0.00      0.00      0.00     99.94
22:00:11          1      0.01      0.00      0.01      0.00      0.00      0.00      0.00      0.00      0.00     99.98
22:00:11          2      0.01      0.00      0.01      0.00      0.00      0.00      0.00      0.00      0.00     99.98
22:00:11          3      0.01      0.00      0.01      0.00      0.00      0.00      0.00      0.00      0.00     99.98
22:00:11          4      0.01      0.00      0.01      0.00      0.00      0.00      0.00      0.00      0.00     99.98
22:00:11          5      0.01      0.00      0.01      0.00      0.00      0.00      0.00      0.00      0.00     99.98
22:00:11          6      0.00      0.00      0.01      0.00      0.00      0.00      0.00      0.00      0.00     99.99
22:00:11          7      0.02      0.00      0.01      0.00      0.00      0.00      0.00      0.00      0.00     99.97
22:10:08        all      0.00      0.00      0.01      0.00      0.00      0.00      0.00      0.00      0.00     99.98
22:10:08          0      0.01      0.00      0.01      0.00      0.00      0.00      0.00      0.00      0.00     99.98
22:10:08          1      0.01      0.00      0.01      0.00      0.00      0.00      0.00      0.00      0.00     99.98
22:10:08          2      0.01      0.00      0.01      0.00      0.00      0.00      0.00      0.00      0.00     99.99
22:10:08          3      0.01      0.00      0.01      0.00      0.00      0.00      0.00      0.00      0.00     99.98
22:10:08          4      0.01      0.00      0.02      0.00      0.00      0.00      0.00      0.00      0.00     99.98
22:10:08          5      0.01      0.00      0.01      0.00      0.00      0.00      0.00      0.00      0.00     99.98
22:10:08          6      0.00      0.00      0.01      0.00      0.00      0.00      0.00      0.00      0.00     99.99
22:10:08          7      0.00      0.00      0.00      0.00      0.00      0.00      0.00      0.00      0.00     99.99
22:20:10        all      0.01      0.00      0.01      0.00      0.00      0.00      0.00      0.00      0.00     99.99
22:20:10          0      0.00      0.00      0.01      0.00      0.00      0.00      0.00      0.00      0.00     99.98
22:20:10          1      0.01      0.00      0.01      0.00      0.00      0.00      0.00      0.00      0.00     99.98
22:20:10          2      0.00      0.00      0.01      0.00      0.00      0.00      0.00      0.00      0.00     99.99
22:20:10          3      0.00      0.00      0.01      0.00      0.00      0.00      0.00      0.00      0.00     99.99
22:20:10          4      0.01      0.00      0.01      0.00      0.00      0.00      0.00      0.00      0.00     99.99
22:20:10          5      0.01      0.00      0.01      0.00      0.00      0.00      0.00      0.00      0.00     99.98
22:20:10          6      0.01      0.00      0.01      0.00      0.00      0.00      0.00      0.00      0.00     99.98
22:20:10          7      0.00      0.00      0.00      0.00      0.00      0.00      0.00      0.00      0.00    100.00
22:30:05        all      0.01      0.00      0.01      0.00      0.00      0.00      0.00      0.00      0.00     99.98
22:30:05          0      0.01      0.00      0.01      0.00      0.00      0.00      0.00      0.00      0.00     99.98
22:30:05          1      0.00      0.00      0.01      0.00      0.00      0.00      0.00      0.00      0.00     99.99
22:30:05          2      0.00      0.00      0.01      0.00      0.00      0.00      0.00      0.00      0.00     99.99
22:30:05          3      0.01      0.00      0.01      0.00      0.00      0.00      0.00      0.00      0.00     99.98
22:30:05          4      0.01      0.00      0.01      0.00      0.00      0.00      0.00      0.00      0.00     99.98
22:30:05          5      0.01      0.00      0.01      0.00      0.00      0.00      0.00      0.00      0.00     99.98
22:30:05          6      0.00      0.00      0.01      0.00      0.00      0.00      0.00      0.00      0.00     99.99
22:30:05          7      0.00      0.00      0.01      0.00      0.00      0.00      0.00      0.00      0.00     99.99
22:40:02        all      0.01      0.00      0.01      0.00      0.00      0.00      0.00      0.00      0.00     99.98
22:40:02          0      0.01      0.00      0.01      0.00      0.00      0.00      0.00      0.00      0.00     99.98
22:40:02          1      0.01      0.00      0.01      0.00      0.00      0.00      0.00      0.00      0.00     99.98
22:40:02          2      0.01      0.00      0.01      0.00      0.00      0.00      0.00      0.00      0.00     99.98
22:40:02          3      0.01      0.00      0.01      0.00      0.00      0.00      0.00      0.00      0.00     99.98
22:40:02          4      0.01      0.00      0.01      0.00      0.00      0.00      0.00      0.00      0.00     99.99
22:40:02          5      0.01      0.00      0.01      0.00      0.00      0.00      0.00      0.00      0.00     99.99
22:40:02          6      0.00      0.00      0.01      0.00      0.00      0.00      0.00      0.00      0.00     99.98
22:40:02          7      0.00      0.00      0.01      0.00      0.00      0.00      0.00      0.00      0.00     99.99
22:50:13        all      0.01      0.00      0.01      0.00      0.00      0.00      0.00      0.00      0.00     99.98
22:50:13          0      0.00      0.00      0.00      0.00      0.00      0.00      0.01      0.00      0.00     99.99
22:50:13          1      0.00      0.00      0.01      0.00      0.00      0.00      0.00      0.00      0.00     99.99
22:50:13          2      0.00      0.00      0.01      0.00      0.00      0.00      0.00      0.00      0.00     99.99
22:50:13          3      0.01      0.00      0.01      0.00      0.00      0.00      0.00      0.00      0.00     99.98
22:50:13          4      0.00      0.00      0.01      0.00      0.00      0.00      0.00      0.00      0.00     99.99
22:50:13          5      0.00      0.00      0.01      0.00      0.00      0.00      0.00      0.00      0.00     99.99
22:50:13          6      0.01      0.00      0.01      0.00      0.00      0.00      0.00      0.00      0.00     99.97
22:50:13          7      0.00      0.00      0.00      0.00      0.00      0.00      0.00      0.00      0.00    100.00
23:00:11        all      0.01      0.00      0.01      0.00      0.00      0.00      0.00      0.00      0.00     99.98
23:00:11          0      0.01      0.00      0.01      0.00      0.00      0.00      0.00      0.00      0.00     99.99
23:00:11          1      0.01      0.00      0.01      0.00      0.00      0.00      0.00      0.00      0.00     99.98
23:00:11          2      0.01      0.00      0.01      0.00      0.00      0.00      0.00      0.00      0.00     99.98
23:00:11          3      0.01      0.00      0.01      0.00      0.00      0.00      0.00      0.00      0.00     99.98
23:00:11          4      0.01      0.00      0.01      0.00      0.00      0.00      0.00      0.00      0.00     99.98
23:00:11          5      0.00      0.00      0.01      0.00      0.00      0.00      0.00      0.00      0.00     99.99
23:00:11          6      0.01      0.00      0.01      0.00      0.00      0.00      0.00      0.00      0.00     99.98
23:00:11          7      0.00      0.00      0.00      0.00      0.00      0.00      0.00      0.00      0.00     99.99
23:10:04        all      0.01      0.00      0.01      0.00      0.00      0.00      0.00      0.00      0.00     99.98
23:10:04          0      0.01      0.00      0.01      0.00      0.00      0.00      0.01      0.00      0.00     99.98
23:10:04          1      0.01      0.00      0.01      0.00      0.00      0.00      0.00      0.00      0.00     99.98
23:10:04          2      0.01      0.00      0.01      0.00      0.00      0.00      0.00      0.00      0.00     99.97
23:10:04          3      0.01      0.00      0.01      0.00      0.00      0.00      0.00      0.00      0.00     99.98
23:10:04          4      0.01      0.00      0.01      0.00      0.00      0.00      0.00      0.00      0.00     99.99
23:10:04          5      0.01      0.00      0.01      0.00      0.00      0.00      0.00      0.00      0.00     99.99
23:10:04          6      0.01      0.00      0.01      0.00      0.00      0.00      0.00      0.00      0.00     99.98
23:10:04          7      0.00      0.00      0.01      0.00      0.00      0.00      0.00      0.00      0.00     99.99
23:20:11        all      0.01      0.00      0.01      0.00      0.00      0.00      0.00      0.00      0.00     99.98
23:20:11          0      0.01      0.00      0.01      0.00      0.00      0.00      0.00      0.00      0.00     99.98
23:20:11          1      0.00      0.00      0.01      0.00      0.00      0.00      0.00      0.00      0.00     99.99
23:20:11          2      0.01      0.00      0.01      0.00      0.00      0.00      0.00      0.00      0.00     99.99
23:20:11          3      0.01      0.00      0.01      0.00      0.00      0.00      0.00      0.00      0.00     99.98
23:20:11          4      0.00      0.00      0.01      0.00      0.00      0.00      0.00      0.00      0.00     99.98
23:20:11          5      0.00      0.00      0.01      0.00      0.00      0.00      0.00      0.00      0.00     99.99
23:20:11          6      0.00      0.00      0.01      0.00      0.00      0.00      0.00      0.00      0.00     99.98
23:20:11          7      0.00      0.00      0.00      0.00      0.00      0.00      0.00      0.00      0.00     99.99

23:20:11        CPU      %usr     %nice      %sys   %iowait    %steal      %irq     %soft    %guest    %gnice     %idle
23:30:11        all      0.01      0.00      0.01      0.00      0.00      0.00      0.00      0.00      0.00     99.98
23:30:11          0      0.01      0.00      0.01      0.00      0.00      0.00      0.01      0.00      0.00     99.98
23:30:11          1      0.01      0.00      0.01      0.00      0.00      0.00      0.00      0.00      0.00     99.98
23:30:11          2      0.01      0.00      0.01      0.00      0.00      0.00      0.00      0.00      0.00     99.98
23:30:11          3      0.01      0.00      0.01      0.00      0.00      0.00      0.00      0.00      0.00     99.98
23:30:11          4      0.00      0.00      0.01      0.00      0.00      0.00      0.00      0.00      0.00     99.99
23:30:11          5      0.01      0.00      0.01      0.00      0.00      0.00      0.00      0.00      0.00     99.98
23:30:11          6      0.01      0.00      0.01      0.00      0.00      0.00      0.00      0.00      0.00     99.99
23:30:11          7      0.00      0.00      0.01      0.00      0.00      0.00      0.00      0.00      0.00     99.99
23:40:00        all      0.01      0.00      0.01      0.00      0.00      0.00      0.00      0.00      0.00     99.98
23:40:00          0      0.01      0.00      0.01      0.00      0.00      0.00      0.00      0.00      0.00     99.98
23:40:00          1      0.01      0.00      0.01      0.00      0.00      0.00      0.00      0.00      0.00     99.98
23:40:00          2      0.01      0.00      0.01      0.00      0.00      0.00      0.00      0.00      0.00     99.98
23:40:00          3      0.00      0.00      0.01      0.00      0.00      0.00      0.00      0.00      0.00     99.99
23:40:00          4      0.01      0.00      0.01      0.00      0.00      0.00      0.00      0.00      0.00     99.99
23:40:00          5      0.01      0.00      0.01      0.00      0.00      0.00      0.00      0.00      0.00     99.98
23:40:00          6      0.01      0.00      0.01      0.00      0.00      0.00      0.00      0.00      0.00     99.98
23:40:00          7      0.00      0.00      0.01      0.00      0.00      0.00      0.00      0.00      0.00     99.99
23:50:02        all      0.01      0.00      0.01      0.00      0.00      0.00      0.00      0.00      0.00     99.98
23:50:02          0      0.00      0.00      0.01      0.00      0.00      0.00      0.00      0.00      0.00     99.99
23:50:02          1      0.00      0.00      0.01      0.00      0.00      0.00      0.00      0.00      0.00     99.99
23:50:02          2      0.01      0.00      0.01      0.00      0.00      0.00      0.00      0.00      0.00     99.98
23:50:02          3      0.00      0.00      0.01      0.00      0.00      0.00      0.00      0.00      0.00     99.99
23:50:02          4      0.01      0.00      0.01      0.00      0.00      0.00      0.00      0.00      0.00     99.98
23:50:02          5      0.01      0.00      0.02      0.00      0.00      0.00      0.00      0.00      0.00     99.97
23:50:02          6      0.00      0.00      0.01      0.00      0.00      0.00      0.00      0.00      0.00     99.99
23:50:02          7      0.00      0.00      0.01      0.00      0.00      0.00      0.00      0.00      0.00     99.99
00:00:11        all      0.01      0.00      0.01      0.00      0.00      0.00      0.00      0.00      0.00     99.98
00:00:11          0      0.01      0.00      0.01      0.00      0.00      0.00      0.00      0.00      0.00     99.98
00:00:11          1      0.01      0.00      0.01      0.00      0.00      0.00      0.00      0.00      0.00     99.98
00:00:11          2      0.00      0.00      0.01      0.00      0.00      0.00      0.00      0.00      0.00     99.98
00:00:11          3      0.00      0.00      0.01      0.00      0.00      0.00      0.00      0.00      0.00     99.99
00:00:11          4      0.00      0.00      0.01      0.00      0.00      0.00      0.00      0.00      0.00     99.99
00:00:11          5      0.00      0.00      0.01      0.00      0.00      0.00      0.00      0.00      0.00     99.99
00:00:11          6      0.01      0.00      0.01      0.00      0.00      0.00      0.00      0.00      0.00     99.98
00:00:11          7      0.00      0.00      0.00      0.00      0.00      0.00      0.00      0.00      0.00     99.99
Average:        all      1.91      0.00      0.06      0.01      0.00      0.00      0.01      0.00      0.00     98.02
Average:          0      1.91      0.00      0.05      0.01      0.00      0.00      0.01      0.00      0.00     98.03
Average:          1      1.85      0.00      0.09      0.02      0.00      0.00      0.03      0.00      0.00     98.01
Average:          2      1.90      0.00      0.06      0.02      0.00      0.00      0.00      0.00      0.00     98.02
Average:          3      1.90      0.00      0.05      0.01      0.00      0.00      0.00      0.00      0.00     98.04
Average:          4      1.91      0.00      0.05      0.01      0.00      0.00      0.00      0.00      0.00     98.03
Average:          5      1.90      0.00      0.05      0.01      0.00      0.00      0.00      0.00      0.00     98.04
Average:          6      1.91      0.00      0.05      0.00      0.00      0.00      0.00      0.00      0.00     98.03
Average:          7      1.96      0.00      0.05      0.01      0.00      0.00      0.00      0.00      0.00     97.97

16:00:00       proc/s   cswch/s
16:10:11        36.30   1269.51
16:20:11         0.19    279.35
16:30:11         0.25    245.84
16:40:12         0.66    313.51
16:50:11         5.67    309.54
17:00:11         0.14    214.18
17:10:11         5.51    618.81
17:20:08         7.74   3687.26
17:30:30         1.49    573.75
17:40:01         0.03    243.31
17:50:11         0.02    282.85
18:00:11         0.01    293.86
18:10:11         0.23    369.16
18:20:18         0.02    259.37
18:30:11         0.03    252.25
18:40:11         0.02    253.67
18:50:10         0.02    259.85
19:00:19         0.03    267.38
19:10:11         0.01    272.05
19:20:04         0.02    300.54
19:30:11         0.02    279.14
19:40:10         0.02    256.92
19:50:06         0.03    287.58
20:00:11         0.01    299.15
20:10:12         0.01    238.18
20:20:11         0.03    273.93
20:30:10         0.04    288.33
20:40:11         0.02    276.74
20:50:11         0.01    280.91
21:00:11         0.01    295.70
21:10:11         0.01    303.72
21:20:11         0.03    247.50
21:30:11         0.43    295.84
21:40:14         0.02    258.73
21:50:11         0.03    244.11
22:00:11         0.12    265.66
22:10:08         0.03    232.46
22:20:10         0.03    256.49
22:30:05         0.02    271.28
22:40:02         0.03    252.86
22:50:13         0.03    294.85
23:00:11         0.02    231.26
23:10:04         0.03    260.92
23:20:11         0.03    239.05
23:30:11         0.02    260.17
23:40:00         0.02    257.11
23:50:02         0.02    268.95
00:00:11         0.05    292.49
Average:         1.25    376.87

16:00:00     pswpin/s pswpout/s
16:10:11         0.00      0.00
16:20:11         0.00      0.00
16:30:11         0.00      0.00
16:40:12         0.00      0.00
16:50:11         0.00      0.00
17:00:11         0.00      0.00
17:10:11         0.00      0.00
17:20:08         0.00      0.00
17:30:30         0.00      0.00
17:40:01         0.00      0.00
17:50:11         0.00      0.00
18:00:11         0.00      0.00
18:10:11         0.00      0.00
18:20:18         0.00      0.00
18:30:11         0.00      0.00
18:40:11         0.00      0.00
18:50:10         0.00      0.00
19:00:19         0.00      0.00
19:10:11         0.00      0.00
19:20:04         0.00      0.00
19:30:11         0.00      0.00
19:40:10         0.00      0.00
19:50:06         0.00      0.00
20:00:11         0.00      0.00
20:10:12         0.00      0.00
20:20:11         0.00      0.00
20:30:10         0.00      0.00
20:40:11         0.00      0.00
20:50:11         0.00      0.00
21:00:11         0.00      0.00
21:10:11         0.00      0.00
21:20:11         0.00      0.00
21:30:11         0.00      0.00
21:40:14         0.00      0.00
21:50:11         0.00      0.00
22:00:11         0.00      0.00
22:10:08         0.00      0.00
22:20:10         0.00      0.00
22:30:05         0.00      0.00
22:40:02         0.00      0.00
22:50:13         0.00      0.00
23:00:11         0.00      0.00
23:10:04         0.00      0.00
23:20:11         0.00      0.00
23:30:11         0.00      0.00
23:40:00         0.00      0.00
23:50:02         0.00      0.00
00:00:11         0.00      0.00
Average:         0.00      0.00

16:00:00     pgpgin/s pgpgout/s   fault/s  majflt/s  pgfree/s pgscank/s pgscand/s pgsteal/s  pgprom/s   pgdem/s
16:10:11      1046.58   3208.24  10422.55      0.17   8984.50      0.00      0.00      0.00      0.00      0.00
16:20:11         4.63     10.35     92.60      0.00     83.40      0.00      0.00      0.00      0.00      0.00
16:30:11         0.00      2.01    108.99      0.00    101.15      0.00      0.00      0.00      0.00      0.00
16:40:12       324.07    157.87    553.02      0.01    528.00      0.00      0.00      0.00      0.00      0.00
16:50:11        17.02    172.36   1864.25      0.04   1413.48      0.00      0.00      0.00      0.00      0.00
17:00:11         0.07      2.30     72.41      0.00     66.90      0.00      0.00      0.00      0.00      0.00
17:10:11     11558.06    160.54   2918.00      0.00   8154.38   2851.82    104.70   5877.69      0.00      0.00
17:20:08     13670.00    414.37   5780.55      0.26   9364.14   2591.08      0.22   5182.25      0.00      0.00
17:30:30        15.25     11.21    237.95      0.09    180.05      0.00      0.00      0.00      0.00      0.00
17:40:01         0.05      2.43      5.63      0.00     11.05      0.00      0.00      0.00      0.00      0.00
17:50:11         0.00      0.38      4.22      0.00     11.42      0.00      0.00      0.00      0.00      0.00
18:00:11         0.00      0.64      3.26      0.00      6.39      0.00      0.00      0.00      0.00      0.00
18:10:11         0.03      1.28     56.11      0.00     43.68      0.00      0.00      0.00      0.00      0.00
18:20:18         0.01      1.37      5.07      0.00      6.72      0.00      0.00      0.00      0.00      0.00
18:30:11         0.00      1.53      5.39      0.00      6.97      0.00      0.00      0.00      0.00      0.00
18:40:11         0.01      1.57      5.18      0.00      6.73      0.00      0.00      0.00      0.00      0.00
18:50:10         0.00      1.33      3.38      0.00      5.92      0.00      0.00      0.00      0.00      0.00
19:00:19         0.00      1.56      6.95      0.00      8.09      0.00      0.00      0.00      0.00      0.00
19:10:11         0.00      1.16      3.39      0.00      6.14      0.00      0.00      0.00      0.00      0.00
19:20:04         0.00      0.96      4.69      0.00      7.29      0.00      0.00      0.00      0.00      0.00
19:30:11         0.00      0.82      4.52      0.00      6.90      0.00      0.00      0.00      0.00      0.00
19:40:10         0.00      2.02      5.21      0.00      6.94      0.00      0.00      0.00      0.00      0.00
19:50:06         0.00      0.88      6.98      0.00      8.48      0.00      0.00      0.00      0.00      0.00
20:00:11         0.00      0.46      3.25      0.00      6.39      0.00      0.00      0.00      0.00      0.00
20:10:12         0.01      1.70      3.52      0.00      5.71      0.00      0.00      0.00      0.00      0.00
20:20:11         0.00      1.90      4.84      0.00      6.91      0.00      0.00      0.00      0.00      0.00
20:30:10         0.00      0.87      8.18      0.00      9.25      0.00      0.00      0.00      0.00      0.00
20:40:11         0.00      1.48      5.08      0.00      7.13      0.00      0.00      0.00      0.00      0.00
20:50:11         0.00      0.47      3.27      0.00      6.26      0.00      0.00      0.00      0.00      0.00
21:00:11         0.00      0.61      3.30      0.00      6.41      0.00      0.00      0.00      0.00      0.00
21:10:11         0.00      0.53      3.27      0.00      6.46      0.00      0.00      0.00      0.00      0.00
21:20:11         0.00      2.13      4.91      0.00      6.58      0.00      0.00      0.00      0.00      0.00
21:30:11       354.93    201.92    210.77      0.03    192.01      0.00      0.00      0.00      0.00      0.00
21:40:14         0.00      1.82      5.15      0.00      6.95      0.00      0.00      0.00      0.00      0.00
21:50:11         0.00      1.84      7.10      0.00      7.91      0.00      0.00      0.00      0.00      0.00
22:00:11         0.05      1.40     67.98      0.00     56.22      0.00      0.00      0.00      0.00      0.00
22:10:08         0.00      0.52      3.24      0.00      5.53      0.00      0.00      0.00      0.00      0.00
22:20:10         0.00      0.81      4.66      0.00      6.65      0.00      0.00      0.00      0.00      0.00
22:30:05         0.00      0.66      4.55      0.00      6.89      0.00      0.00      0.00      0.00      0.00
22:40:02         0.00      1.79      5.19      0.00      6.81      0.00      0.00      0.00      0.00      0.00
22:50:13         0.00      1.09      6.87      0.00      8.43      0.00      0.00      0.00      0.00      0.00
23:00:11         0.00      2.80      3.68      0.00      5.69      0.00      0.00      0.00      0.00      0.00
23:10:04         0.00      0.69      6.93      0.00      8.02      0.00      0.00      0.00      0.00      0.00
23:20:11         0.00      2.02      4.81      0.00      6.47      0.00      0.00      0.00      0.00      0.00
23:30:11         0.00      1.17      4.71      0.00      6.64      0.00      0.00      0.00      0.00      0.00
23:40:00         0.00      2.03      5.24      0.00      6.92      0.00      0.00      0.00      0.00      0.00
23:50:02         0.00      1.04      3.37      0.00      6.01      0.00      0.00      0.00      0.00      0.00
00:00:11         0.05      1.24     13.06      0.00     12.19      0.00      0.00      0.00      0.00      0.00
Average:       561.18     92.60    473.42      0.01    615.41    113.10      2.19    229.82      0.00      0.00

16:00:00          tps      rtps      wtps      dtps   bread/s   bwrtn/s   bdscd/s
16:10:11       105.65     71.23     34.42      0.00   2092.99   6416.49      0.00
16:20:11         1.54      0.63      0.92      0.00      9.43     20.71      0.00
16:30:11         0.34      0.00      0.34      0.00      0.00      4.01      0.00
16:40:12         2.16      0.61      1.55      0.00    648.14    315.74      0.00
16:50:11         1.27      0.15      1.11      0.00     34.03    344.73      0.00
17:00:11         0.41      0.02      0.39      0.00      0.15      4.60      0.00
17:10:11        50.94     47.17      3.77      0.00  23115.95    321.07      0.00
17:20:08       575.75    569.81      5.94      0.00  27340.18    828.75      0.00
17:30:30         1.71      0.64      1.08      0.00     30.35     22.42      0.00
17:40:01         0.45      0.01      0.45      0.00      0.10      4.86      0.00
17:50:11         0.07      0.00      0.07      0.00      0.00      0.76      0.00
18:00:11         0.11      0.00      0.11      0.00      0.00      1.28      0.00
18:10:11         0.18      0.01      0.18      0.00      0.05      2.56      0.00
18:20:18         0.25      0.00      0.25      0.00      0.01      2.74      0.00
18:30:11         0.30      0.00      0.30      0.00      0.00      3.07      0.00
18:40:11         0.28      0.00      0.28      0.00      0.01      3.13      0.00
18:50:10         0.26      0.00      0.26      0.00      0.00      2.67      0.00
19:00:19         0.28      0.00      0.28      0.00      0.00      3.11      0.00
19:10:11         0.20      0.00      0.20      0.00      0.00      2.33      0.00
19:20:04         0.18      0.00      0.18      0.00      0.00      1.93      0.00
19:30:11         0.15      0.00      0.15      0.00      0.00      1.65      0.00
19:40:10         0.38      0.00      0.38      0.00      0.00      4.03      0.00
19:50:06         0.15      0.00      0.15      0.00      0.00      1.76      0.00
20:00:11         0.08      0.00      0.08      0.00      0.00      0.93      0.00
20:10:12         0.33      0.00      0.33      0.00      0.03      3.41      0.00
20:20:11         0.35      0.00      0.35      0.00      0.00      3.80      0.00
20:30:10         0.15      0.00      0.15      0.00      0.00      1.75      0.00
20:40:11         0.27      0.00      0.27      0.00      0.00      2.97      0.00
20:50:11         0.09      0.00      0.09      0.00      0.00      0.95      0.00
21:00:11         0.10      0.00      0.10      0.00      0.00      1.21      0.00
21:10:11         0.09      0.00      0.09      0.00      0.00      1.05      0.00
21:20:11         0.41      0.00      0.41      0.00      0.00      4.27      0.00
21:30:11         1.01      0.36      0.65      0.00    709.87    403.84      0.00
21:40:14         0.33      0.00      0.33      0.00      0.00      3.63      0.00
21:50:11         0.32      0.00      0.32      0.00      0.00      3.67      0.00
22:00:11         0.27      0.01      0.26      0.00      0.11      2.80      0.00
22:10:08         0.09      0.00      0.09      0.00      0.00      1.04      0.00
22:20:10         0.15      0.00      0.15      0.00      0.00      1.62      0.00
22:30:05         0.11      0.00      0.11      0.00      0.00      1.32      0.00
22:40:02         0.32      0.00      0.32      0.00      0.00      3.58      0.00
22:50:13         0.18      0.00      0.18      0.00      0.00      2.17      0.00
23:00:11         0.51      0.00      0.51      0.00      0.00      5.61      0.00
23:10:04         0.11      0.00      0.11      0.00      0.00      1.39      0.00
23:20:11         0.37      0.00      0.37      0.00      0.00      4.04      0.00
23:30:11         0.21      0.00      0.21      0.00      0.00      2.33      0.00
23:40:00         0.34      0.00      0.34      0.00      0.00      4.06      0.00
23:50:02         0.19      0.00      0.19      0.00      0.00      2.07      0.00
00:00:11         0.23      0.01      0.22      0.00      0.11      2.47      0.00
Average:        15.60     14.35      1.24      0.00   1122.36    185.20      0.00

16:00:00    kbmemfree   kbavail kbmemused  %memused kbbuffers  kbcached  kbcommit   %commit  kbactive   kbinact   kbdirty  kbanonpg    kbslab  kbkstack   kbpgtbl  kbvmused
16:10:11      8490804  11135940    670364      5.48    148588   2658624   4359680     34.15   2097196   1224884       224    515280    273328      9264     17936     26880
16:20:11      8482992  11132520    672832      5.50    151576   2659012   4332272     33.94   2102788   1228072        24    520948    275296      9120     17904     26784
16:30:11      8477956  11127620    677704      5.54    151712   2659012   4328776     33.91   2099896   1228208       180    517740    275324      9088     17780     26736
16:40:12      8220928  11123056    680812      5.56    154768   2899044   4331748     33.93   2047668   1526348     97048    520764    286156      9088     17840     26720
16:50:11      8196156  11101328    682608      5.58    155204   2920544   4349024     34.07   2065000   1528444       384    518060    287196      9152     17772     26752
17:00:11      8196340  11101668    682296      5.57    155368   2920548   4374668     34.27   2065272   1528600         0    518516    287156      9072     17820     26768
17:10:11      7990172  11060732    659304      5.39    141860   2858504   4387284     34.37   1542376   1985496         0    528040    591868      8992     17736     26688
17:20:08      2461864   6703912   1419392     11.59    292060   7190504   9806248     76.82   5816008   2908168        12   1241928    877888     11040     22312     28744
17:30:30      2429320   6682992   1438860     11.75    292760   7201564   9895680     77.52   5850652   2911068       288   1267716    879204     11296     23516     29060
17:40:01      2429304   6683104   1438728     11.75    292880   7201592   9895680     77.52   5850580   2911196         0   1267860    879204     11248     23116     28980
17:50:11      2427028   6680828   1440952     11.77    292904   7201588   9903876     77.58   5850812   2911176         0   1267912    879236     11264     23124     28932
18:00:11      2426532   6680340   1441388     11.77    292952   7201600   9903876     77.58   5850640   2911184         0   1267908    879236     11280     23124     28964
18:10:11      2424636   6678644   1443156     11.79    293040   7201616   9904412     77.58   5851368   2911368         0   1268372    879260     11328     23124     29108
18:20:18      2423092   6677188   1444616     11.80    293112   7201628   9904412     77.58   5851492   2911452       116   1268488    879260     11264     23212     28964
18:30:11      2423156   6677320   1444456     11.80    293200   7201640   9904412     77.58   5851404   2911508         4   1268368    879256     11280     23124     28932
18:40:11      2423716   6677976   1443816     11.79    293284   7201636   9904412     77.58   5851412   2911600         4   1268632    879256     11280     23124     28964
18:50:10      2423716   6678036   1443740     11.79    293348   7201648   9904412     77.58   5851412   2911660         4   1268632    879256     11296     23124     28948
19:00:19      2425224   6679680   1442096     11.78    293452   7201648   9904412     77.58   5851512   2911792       220   1268488    879288     11296     23224     29012
19:10:11      2424984   6679476   1442272     11.78    293508   7201656   9904412     77.58   5851360   2911832       144   1268636    879288     11264     23124     28980
19:20:04      2424480   6679040   1442724     11.79    293556   7201660   9904412     77.58   5851388   2911900         0   1268636    879288     11264     23124     28980
19:30:11      2424480   6679076   1442664     11.78    293612   7201664   9904412     77.58   5851388   2911936       184   1268636    879288     11280     23124     28996
19:40:10      2424756   6679464   1442296     11.78    293708   7201660   9904412     77.58   5851416   2912048         4   1268636    879288     11280     23124     28980
19:50:06      2425604   6680360   1441400     11.77    293748   7201668   9904412     77.58   5851416   2912092         4   1268636    879288     11280     23124     28980
20:00:11      2425416   6680212   1441552     11.78    293780   7201668   9904412     77.58   5851420   2912132         4   1268636    879292     11280     23124     28980
20:10:12      2425200   6680072   1441672     11.78    293868   7201676   9904412     77.58   5851420   2912208         0   1268644    879292     11264     23124     28980
20:20:11      2424940   6679932   1441792     11.78    293964   7201684   9904412     77.58   5851424   2912324         4   1268640    879328     11280     23124     28964
20:30:10      2426192   6681256   1440476     11.77    294020   7201692   9904412     77.58   5851400   2912396       284   1268644    879328     11280     23124     28996
20:40:11      2426712   6681804   1439892     11.76    294084   7201692   9904412     77.58   5851392   2912424         4   1268384    879328     11280     23124     28980
20:50:11      2426016   6681156   1440560     11.77    294116   7201688   9904412     77.58   5851420   2912472         0   1268644    879328     11280     23124     28964
21:00:11      2425772   6680964   1440772     11.77    294148   7201688   9904412     77.58   5851420   2912524         0   1268644    879328     11264     23124     28980
21:10:11      2426024   6681252   1440480     11.77    294180   7201696   9904412     77.58   5851372   2912560         0   1268644    879328     11280     23124     29012
21:20:11      2426368   6681704   1440028     11.76    294276   7201708   9904412     77.58   5851484   2912668       128   1268460    879328     11280     23220     28948
21:30:11      2149312   6675332   1446300     11.81    294504   7469800   9904412     77.58   5863304   3169108       180   1268716    881792     11296     23124     29060
21:40:14      2152308   6678444   1443216     11.79    294600   7469792   9904412     77.58   5863328   3169224         0   1268716    881792     11264     23124     28948
21:50:11      2153224   6679440   1442232     11.78    294664   7469808   9904412     77.58   5863272   3169304         0   1268716    881780     11280     23124     28996
22:00:11      2150940   6677324   1444388     11.80    294720   7469840   9904416     77.58   5863472   3169416       140   1268604    881820     11296     23216     29028
22:10:08      2150944   6677348   1444340     11.80    294760   7469844   9904416     77.58   5863472   3169436       144   1268608    881820     11264     23220     28900
22:20:10      2150440   6676904   1444812     11.80    294800   7469844   9904416     77.58   5863348   3169500         0   1268744    881812     11280     23124     28932
22:30:05      2150792   6677300   1444408     11.80    294848   7469848   9904416     77.58   5863340   3169544       168   1268744    881812     11264     23124     28916
22:40:02      2152360   6678964   1442748     11.79    294928   7469856   9896220     77.52   5863548   3169636       152   1268252    881816     11280     23440     28916
22:50:13      2156152   6682820   1438888     11.75    294976   7469856   9904416     77.58   5863404   3169688       228   1268600    881836     11296     23216     28964
23:00:11      2155876   6682652   1439060     11.76    295104   7469864   9904416     77.58   5863360   3169800         0   1268744    881804     11280     23124     28948
23:10:04      2155156   6681980   1439732     11.76    295152   7469864   9904416     77.58   5863336   3169848       196   1268744    881804     11280     23124     29012
23:20:11      2157504   6684444   1437284     11.74    295240   7469868   9904416     77.58   5863360   3169956         0   1268484    881812     11312     23124     28980
23:30:11      2154908   6681916   1439780     11.76    295304   7469872   9904416     77.58   5863600   3170024       272   1268484    881844     11280     23384     28964
23:40:00      2154496   6681584   1440092     11.76    295400   7469872   9904416     77.58   5863344   3170100         0   1268480    881848     11280     23384     28948
23:50:02      2155796   6682904   1438736     11.75    295448   7469876   9904416     77.58   5863360   3170116         0   1268484    881852     11248     23124     28932
00:00:11      2153932   6681172   1440512     11.77    295512   7469892   9907100     77.61   5864900   3170236         0   1270316    881860     11332     23904     29044
Average:      3191334   7326858   1329421     10.86    273262   6648397   9092129     71.22   5293395   2786639      2099   1158825    799294     10959     22388     28649

16:00:00    kbswpfree kbswpused  %swpused  kbswpcad   %swpcad
16:10:11       524284         0      0.00         0      0.00
16:20:11       524284         0      0.00         0      0.00
16:30:11       524284         0      0.00         0      0.00
16:40:12       524284         0      0.00         0      0.00
16:50:11       524284         0      0.00         0      0.00
17:00:11       524284         0      0.00         0      0.00
17:10:11       524272        12      0.00        12    100.00
17:20:08       524272        12      0.00        12    100.00
17:30:30       524276         8      0.00         8    100.00
17:40:01       524276         8      0.00         8    100.00
17:50:11       524276         8      0.00         8    100.00
18:00:11       524276         8      0.00         8    100.00
18:10:11       524276         8      0.00         8    100.00
18:20:18       524276         8      0.00         8    100.00
18:30:11       524276         8      0.00         8    100.00
18:40:11       524276         8      0.00         8    100.00
18:50:10       524276         8      0.00         8    100.00
19:00:19       524276         8      0.00         8    100.00
19:10:11       524276         8      0.00         8    100.00
19:20:04       524276         8      0.00         8    100.00
19:30:11       524276         8      0.00         8    100.00
19:40:10       524276         8      0.00         8    100.00
19:50:06       524276         8      0.00         8    100.00
20:00:11       524276         8      0.00         8    100.00
20:10:12       524276         8      0.00         8    100.00
20:20:11       524276         8      0.00         8    100.00
20:30:10       524276         8      0.00         8    100.00
20:40:11       524276         8      0.00         8    100.00
20:50:11       524276         8      0.00         8    100.00
21:00:11       524276         8      0.00         8    100.00
21:10:11       524276         8      0.00         8    100.00
21:20:11       524276         8      0.00         8    100.00
21:30:11       524276         8      0.00         8    100.00
21:40:14       524276         8      0.00         8    100.00
21:50:11       524276         8      0.00         8    100.00
22:00:11       524276         8      0.00         8    100.00
22:10:08       524276         8      0.00         8    100.00
22:20:10       524276         8      0.00         8    100.00
22:30:05       524276         8      0.00         8    100.00
22:40:02       524276         8      0.00         8    100.00
22:50:13       524276         8      0.00         8    100.00
23:00:11       524276         8      0.00         8    100.00
23:10:04       524276         8      0.00         8    100.00
23:20:11       524276         8      0.00         8    100.00
23:30:11       524276         8      0.00         8    100.00
23:40:00       524276         8      0.00         8    100.00
23:50:02       524276         8      0.00         8    100.00
00:00:11       524276         8      0.00         8    100.00
Average:       524277         7      0.00         7    100.00

16:00:00    kbhugfree kbhugused  %hugused kbhugrsvd kbhugsurp
16:10:11            0         0      0.00         0         0
16:20:11            0         0      0.00         0         0
16:30:11            0         0      0.00         0         0
16:40:12            0         0      0.00         0         0
16:50:11            0         0      0.00         0         0
17:00:11            0         0      0.00         0         0
17:10:11            0         0      0.00         0         0
17:20:08            0         0      0.00         0         0
17:30:30            0         0      0.00         0         0
17:40:01            0         0      0.00         0         0
17:50:11            0         0      0.00         0         0
18:00:11            0         0      0.00         0         0
18:10:11            0         0      0.00         0         0
18:20:18            0         0      0.00         0         0
18:30:11            0         0      0.00         0         0
18:40:11            0         0      0.00         0         0
18:50:10            0         0      0.00         0         0
19:00:19            0         0      0.00         0         0
19:10:11            0         0      0.00         0         0
19:20:04            0         0      0.00         0         0
19:30:11            0         0      0.00         0         0
19:40:10            0         0      0.00         0         0
19:50:06            0         0      0.00         0         0
20:00:11            0         0      0.00         0         0
20:10:12            0         0      0.00         0         0
20:20:11            0         0      0.00         0         0
20:30:10            0         0      0.00         0         0
20:40:11            0         0      0.00         0         0
20:50:11            0         0      0.00         0         0
21:00:11            0         0      0.00         0         0
21:10:11            0         0      0.00         0         0
21:20:11            0         0      0.00         0         0
21:30:11            0         0      0.00         0         0
21:40:14            0         0      0.00         0         0
21:50:11            0         0      0.00         0         0
22:00:11            0         0      0.00         0         0
22:10:08            0         0      0.00         0         0
22:20:10            0         0      0.00         0         0
22:30:05            0         0      0.00         0         0
22:40:02            0         0      0.00         0         0
22:50:13            0         0      0.00         0         0
23:00:11            0         0      0.00         0         0
23:10:04            0         0      0.00         0         0
23:20:11            0         0      0.00         0         0
23:30:11            0         0      0.00         0         0
23:40:00            0         0      0.00         0         0
23:50:02            0         0      0.00         0         0
00:00:11            0         0      0.00         0         0
Average:            0         0      0.00         0         0

16:00:00    dentunusd   file-nr  inode-nr    pty-nr
16:10:11       104477      8026     95647         2
16:20:11       107426      7963     98515         2
16:30:11       107430      7949     98514         2
16:40:12       114088      7998    104063         2
16:50:11       114727      7946    104161         2
17:00:11       114723      7947    104156         2
17:10:11       126916      7919    144763         2
17:20:08       443662      8891    381751         2
17:30:30       447602      9145    381936         4
17:40:01       447601      9145    381935         4
17:50:11       447598      9145    381932         4
18:00:11       447598      9145    381932         4
18:10:11       447599      9146    381934         4
18:20:18       447609      9146    381934         4
18:30:11       447604      9146    381928         4
18:40:11       447604      9146    381928         4
18:50:10       447604      9146    381928         4
19:00:19       447604      9146    381928         4
19:10:11       447604      9146    381928         4
19:20:04       447599      9146    381922         4
19:30:11       447599      9146    381922         4
19:40:10       447599      9146    381922         4
19:50:06       447599      9146    381922         4
20:00:11       447599      9146    381922         4
20:10:12       447599      9146    381922         4
20:20:11       447599      9146    381922         4
20:30:10       447599      9146    381922         4
20:40:11       447599      9146    381922         4
20:50:11       447599      9146    381922         4
21:00:11       447599      9146    381922         4
21:10:11       447599      9146    381922         4
21:20:11       447599      9146    381922         4
21:30:11       449239      9146    381923         4
21:40:14       449239      9146    381923         4
21:50:11       449239      9146    381923         4
22:00:11       449386      9146    381923         4
22:10:08       449381      9146    381917         4
22:20:10       449381      9146    381917         4
22:30:05       449381      9146    381917         4
22:40:02       449381      9146    381917         4
22:50:13       449381      9146    381917         4
23:00:11       449381      9146    381917         4
23:10:04       449381      9146    381917         4
23:20:11       449381      9146    381917         4
23:30:11       449381      9146    381917         4
23:40:00       449381      9146    381917         4
23:50:02       449381      9146    381917         4
00:00:11       449411      9168    381952         4
Average:       399283      8969    341844         4

16:00:00      runq-sz  plist-sz   ldavg-1   ldavg-5  ldavg-15   blocked
16:10:11            0       573      0.05      0.25      0.19         0
16:20:11            0       564      0.00      0.03      0.09         0
16:30:11            0       562      0.02      0.03      0.05         0
16:40:12            0       561      0.11      0.07      0.03         0
16:50:11            0       565      0.01      0.03      0.01         0
17:00:11            0       561      0.09      0.02      0.00         0
17:10:11            0       556      0.76      2.55      1.40         0
17:20:08            1       686      1.59      5.26      3.62         0
17:30:30            0       699      0.24      0.74      1.87         0
17:40:01            0       696      0.01      0.14      1.02         0
17:50:11            0       698      0.06      0.03      0.52         0
18:00:11            0       698      0.01      0.02      0.26         0
18:10:11            0       702      0.01      0.01      0.13         0
18:20:18            0       697      0.16      0.05      0.08         0
18:30:11            0       698      0.05      0.03      0.04         0
18:40:11            0       698      0.00      0.00      0.00         0
18:50:10            0       699      0.02      0.04      0.01         0
19:00:19            0       699      0.18      0.08      0.01         0
19:10:11            0       698      0.06      0.04      0.00         0
19:20:04            0       698      0.00      0.00      0.00         0
19:30:11            0       699      0.00      0.00      0.00         0
19:40:10            0       698      0.00      0.02      0.00         0
19:50:06            0       698      0.00      0.00      0.00         0
20:00:11            0       698      0.00      0.00      0.00         0
20:10:12            0       698      0.24      0.06      0.02         1
20:20:11            0       698      0.00      0.00      0.00         0
20:30:10            0       699      0.08      0.03      0.01         0
20:40:11            0       699      0.02      0.04      0.00         0
20:50:11            0       699      0.00      0.01      0.00         0
21:00:11            0       698      0.00      0.00      0.00         0
21:10:11            0       699      0.00      0.00      0.00         0
21:20:11            0       698      0.02      0.09      0.03         0
21:30:11            0       700      0.00      0.01      0.00         0
21:40:14            0       698      0.08      0.09      0.03         0
21:50:11            0       699      0.04      0.05      0.00         0
22:00:11            0       699      0.11      0.06      0.01         0
22:10:08            0       697      0.01      0.06      0.01         0
22:20:10            0       699      0.01      0.03      0.00         0
22:30:05            0       698      0.01      0.01      0.00         0
22:40:02            4       698      0.21      0.08      0.02         0
22:50:13            0       699      0.00      0.01      0.00         0
23:00:11            0       699      0.01      0.03      0.00         0
23:10:04            0       699      0.03      0.04      0.00         0
23:20:11            0       701      0.02      0.04      0.00         0
23:30:11            0       699      0.14      0.08      0.02         0
23:40:00            0       698      0.00      0.05      0.01         0
23:50:02            0       697      0.03      0.02      0.00         0
00:00:11            1       701      0.04      0.01      0.00         0
Average:            0       679      0.09      0.22      0.20         0

16:00:00          DEV       tps     rkB/s     wkB/s     dkB/s   areq-sz    aqu-sz     await     %util
16:10:11          sda    105.65   1046.58   3208.24      0.00     40.27      0.05      0.34      2.84
16:20:11          sda      1.54      4.63     10.35      0.00      9.73      0.00      0.35      0.03
16:30:11          sda      0.34      0.00      2.01      0.00      5.99      0.00      0.45      0.00
16:40:12          sda      2.16    324.07    157.87      0.00    223.46      0.00      0.81      0.08
16:50:11          sda      1.27     17.02    172.36      0.00    149.68      0.00      0.74      0.02
17:00:11          sda      0.41      0.07      2.30      0.00      5.77      0.00      0.34      0.00
17:10:11          sda     50.94  11557.97    160.54      0.00    230.05      0.03      0.50      1.47
17:20:08          sda    575.75  13670.09    414.37      0.00     24.46      0.14      0.24      4.08
17:30:30        loop0      0.02      0.08      0.00      0.00      3.69      0.00      0.00      0.00
17:30:30          sda      1.71     15.17     11.21      0.00     15.41      0.00      0.36      0.04
17:40:01        loop0      0.00      0.00      0.00      0.00      0.00      0.00      0.00      0.00
17:40:01          sda      0.45      0.05      2.43      0.00      5.47      0.00      0.38      0.00
17:50:11        loop0      0.00      0.00      0.00      0.00      0.00      0.00      0.00      0.00
17:50:11          sda      0.07      0.00      0.38      0.00      5.52      0.00      0.33      0.00
18:00:11        loop0      0.00      0.00      0.00      0.00      0.00      0.00      0.00      0.00
18:00:11          sda      0.11      0.00      0.64      0.00      6.00      0.00      0.36      0.00
18:10:11        loop0      0.00      0.00      0.00      0.00      0.00      0.00      0.00      0.00
18:10:11          sda      0.18      0.03      1.28      0.00      7.19      0.00      0.44      0.01
18:20:18        loop0      0.00      0.00      0.00      0.00      0.00      0.00      0.00      0.00
18:20:18          sda      0.25      0.01      1.37      0.00      5.43      0.00      0.36      0.00
18:30:11        loop0      0.00      0.00      0.00      0.00      0.00      0.00      0.00      0.00
18:30:11          sda      0.30      0.00      1.53      0.00      5.16      0.00      0.30      0.00
18:40:11        loop0      0.00      0.00      0.00      0.00      0.00      0.00      0.00      0.00
18:40:11          sda      0.28      0.01      1.57      0.00      5.65      0.00      0.30      0.00
18:50:10        loop0      0.00      0.00      0.00      0.00      0.00      0.00      0.00      0.00
18:50:10          sda      0.26      0.00      1.33      0.00      5.19      0.00      0.26      0.00
19:00:19        loop0      0.00      0.00      0.00      0.00      0.00      0.00      0.00      0.00
19:00:19          sda      0.28      0.00      1.56      0.00      5.61      0.00      0.34      0.00
19:10:11        loop0      0.00      0.00      0.00      0.00      0.00      0.00      0.00      0.00
19:10:11          sda      0.20      0.00      1.16      0.00      5.73      0.00      0.27      0.00
19:20:04        loop0      0.00      0.00      0.00      0.00      0.00      0.00      0.00      0.00
19:20:04          sda      0.18      0.00      0.96      0.00      5.40      0.00      0.26      0.00
19:30:11        loop0      0.00      0.00      0.00      0.00      0.00      0.00      0.00      0.00
19:30:11          sda      0.15      0.00      0.82      0.00      5.43      0.00      0.29      0.00
19:40:10        loop0      0.00      0.00      0.00      0.00      0.00      0.00      0.00      0.00
19:40:10          sda      0.38      0.00      2.02      0.00      5.28      0.00      0.29      0.00
19:50:06        loop0      0.00      0.00      0.00      0.00      0.00      0.00      0.00      0.00
19:50:06          sda      0.15      0.00      0.88      0.00      5.70      0.00      0.28      0.00
20:00:11        loop0      0.00      0.00      0.00      0.00      0.00      0.00      0.00      0.00
20:00:11          sda      0.08      0.00      0.46      0.00      5.60      0.00      0.34      0.00
20:10:12        loop0      0.00      0.00      0.00      0.00      0.00      0.00      0.00      0.00
20:10:12          sda      0.33      0.01      1.70      0.00      5.13      0.00      0.25      0.00
20:20:11        loop0      0.00      0.00      0.00      0.00      0.00      0.00      0.00      0.00
20:20:11          sda      0.35      0.00      1.90      0.00      5.44      0.00      0.30      0.00
20:30:10        loop0      0.00      0.00      0.00      0.00      0.00      0.00      0.00      0.00
20:30:10          sda      0.15      0.00      0.87      0.00      5.70      0.00      0.34      0.00
20:40:11        loop0      0.00      0.00      0.00      0.00      0.00      0.00      0.00      0.00
20:40:11          sda      0.27      0.00      1.48      0.00      5.47      0.00      0.29      0.00
20:50:11        loop0      0.00      0.00      0.00      0.00      0.00      0.00      0.00      0.00
20:50:11          sda      0.09      0.00      0.47      0.00      5.57      0.00      0.31      0.00
21:00:11        loop0      0.00      0.00      0.00      0.00      0.00      0.00      0.00      0.00
21:00:11          sda      0.10      0.00      0.61      0.00      5.87      0.00      0.29      0.00
21:10:11        loop0      0.00      0.00      0.00      0.00      0.00      0.00      0.00      0.00
21:10:11          sda      0.09      0.00      0.53      0.00      5.75      0.00      0.33      0.00
21:20:11        loop0      0.00      0.00      0.00      0.00      0.00      0.00      0.00      0.00
21:20:11          sda      0.41      0.00      2.13      0.00      5.22      0.00      0.25      0.00
21:30:11        loop0      0.00      0.00      0.00      0.00      0.00      0.00      0.00      0.00
21:30:11          sda      1.01    354.93    201.92      0.00    549.53      0.00      0.91      0.05
21:40:14        loop0      0.00      0.00      0.00      0.00      0.00      0.00      0.00      0.00
21:40:14          sda      0.33      0.00      1.82      0.00      5.48      0.00      0.28      0.00
21:50:11        loop0      0.00      0.00      0.00      0.00      0.00      0.00      0.00      0.00
21:50:11          sda      0.32      0.00      1.84      0.00      5.74      0.00      0.25      0.00
22:00:11        loop0      0.00      0.00      0.00      0.00      0.00      0.00      0.00      0.00
22:00:11          sda      0.27      0.05      1.40      0.00      5.42      0.00      0.27      0.00
22:10:08        loop0      0.00      0.00      0.00      0.00      0.00      0.00      0.00      0.00
22:10:08          sda      0.09      0.00      0.52      0.00      6.12      0.00      0.41      0.00
22:20:10        loop0      0.00      0.00      0.00      0.00      0.00      0.00      0.00      0.00
22:20:10          sda      0.15      0.00      0.81      0.00      5.25      0.00      0.29      0.00
22:30:05        loop0      0.00      0.00      0.00      0.00      0.00      0.00      0.00      0.00
22:30:05          sda      0.11      0.00      0.66      0.00      6.03      0.00      0.35      0.00
22:40:02        loop0      0.00      0.00      0.00      0.00      0.00      0.00      0.00      0.00
22:40:02          sda      0.32      0.00      1.79      0.00      5.68      0.00      0.27      0.00
22:50:13        loop0      0.00      0.00      0.00      0.00      0.00      0.00      0.00      0.00
22:50:13          sda      0.18      0.00      1.09      0.00      5.93      0.00      0.27      0.00
23:00:11        loop0      0.00      0.00      0.00      0.00      0.00      0.00      0.00      0.00
23:00:11          sda      0.51      0.00      2.80      0.00      5.46      0.00      0.26      0.00
23:10:04        loop0      0.00      0.00      0.00      0.00      0.00      0.00      0.00      0.00
23:10:04          sda      0.11      0.00      0.69      0.00      6.15      0.00      0.31      0.00
23:20:11        loop0      0.00      0.00      0.00      0.00      0.00      0.00      0.00      0.00
23:20:11          sda      0.37      0.00      2.02      0.00      5.41      0.00      0.30      0.00
23:30:11        loop0      0.00      0.00      0.00      0.00      0.00      0.00      0.00      0.00
23:30:11          sda      0.21      0.00      1.17      0.00      5.60      0.00      0.30      0.00
23:40:00        loop0      0.00      0.00      0.00      0.00      0.00      0.00      0.00      0.00
23:40:00          sda      0.34      0.00      2.03      0.00      5.92      0.00      0.33      0.00
23:50:02        loop0      0.00      0.00      0.00      0.00      0.00      0.00      0.00      0.00
23:50:02          sda      0.19      0.00      1.04      0.00      5.38      0.00      0.26      0.00
00:00:11        loop0      0.00      0.00      0.00      0.00      0.00      0.00      0.00      0.00
00:00:11          sda      0.23      0.05      1.24      0.00      5.68      0.00      0.30      0.00
Average:        loop0      0.00      0.00      0.00      0.00      3.69      0.00      0.00      0.00
Average:          sda     15.60    561.18     92.60      0.00     41.92      0.00      0.28      0.18

16:00:00        IFACE   rxpck/s   txpck/s    rxkB/s    txkB/s   rxcmp/s   txcmp/s  rxmcst/s   %ifutil
16:10:11           lo      0.17      0.17      0.02      0.02      0.00      0.00      0.00      0.00
16:10:11       enp0s3    276.45     34.07    359.70      2.06      0.00      0.00      0.00      0.29
16:20:11           lo      0.00      0.00      0.00      0.00      0.00      0.00      0.00      0.00
16:20:11       enp0s3      0.09      0.10      0.02      0.02      0.00      0.00      0.00      0.00
16:30:11           lo      0.00      0.00      0.00      0.00      0.00      0.00      0.00      0.00
16:30:11       enp0s3      0.09      0.10      0.02      0.02      0.00      0.00      0.00      0.00
16:40:12           lo      0.09      0.09      0.01      0.01      0.00      0.00      0.00      0.00
16:40:12       enp0s3      1.00      0.46      0.92      0.05      0.00      0.00      0.00      0.00
16:50:11           lo      0.01      0.01      0.00      0.00      0.00      0.00      0.00      0.00
16:50:11       enp0s3      0.06      0.06      0.01      0.01      0.00      0.00      0.00      0.00
17:00:11           lo      0.00      0.00      0.00      0.00      0.00      0.00      0.00      0.00
17:00:11       enp0s3      0.04      0.05      0.01      0.01      0.00      0.00      0.01      0.00
17:10:11           lo      0.00      0.00      0.00      0.00      0.00      0.00      0.00      0.00
17:10:11       enp0s3      0.02      0.03      0.00      0.00      0.00      0.00      0.00      0.00
17:20:08           lo      0.14      0.14      0.02      0.02      0.00      0.00      0.00      0.00
17:20:08       enp0s3      0.95      0.79      0.46      0.19      0.00      0.00      0.00      0.00
17:30:30           lo      0.00      0.00      0.00      0.00      0.00      0.00      0.00      0.00
17:30:30       enp0s3      0.02      0.02      0.00      0.00      0.00      0.00      0.00      0.00
17:40:01           lo      0.00      0.00      0.00      0.00      0.00      0.00      0.00      0.00
17:40:01       enp0s3      0.01      0.02      0.00      0.00      0.00      0.00      0.00      0.00
17:50:11           lo      0.00      0.00      0.00      0.00      0.00      0.00      0.00      0.00
17:50:11       enp0s3      0.01      0.01      0.00      0.00      0.00      0.00      0.00      0.00
18:00:11           lo      0.00      0.00      0.00      0.00      0.00      0.00      0.00      0.00
18:00:11       enp0s3      0.02      0.02      0.00      0.00      0.00      0.00      0.01      0.00
18:10:11           lo      0.00      0.00      0.00      0.00      0.00      0.00      0.00      0.00
18:10:11       enp0s3      0.01      0.02      0.00      0.00      0.00      0.00      0.00      0.00
18:20:18           lo      0.00      0.00      0.00      0.00      0.00      0.00      0.00      0.00
18:20:18       enp0s3      0.01      0.02      0.00      0.00      0.00      0.00      0.00      0.00
18:30:11           lo      0.00      0.00      0.00      0.00      0.00      0.00      0.00      0.00
18:30:11       enp0s3      0.01      0.01      0.00      0.00      0.00      0.00      0.00      0.00
18:40:11           lo      0.00      0.00      0.00      0.00      0.00      0.00      0.00      0.00
18:40:11       enp0s3      0.01      0.01      0.00      0.00      0.00      0.00      0.00      0.00
18:50:10           lo      0.00      0.00      0.00      0.00      0.00      0.00      0.00      0.00
18:50:10       enp0s3      0.01      0.01      0.00      0.00      0.00      0.00      0.00      0.00
19:00:19           lo      0.00      0.00      0.00      0.00      0.00      0.00      0.00      0.00
19:00:19       enp0s3      0.01      0.02      0.00      0.00      0.00      0.00      0.00      0.00
19:10:11           lo      0.00      0.00      0.00      0.00      0.00      0.00      0.00      0.00
19:10:11       enp0s3      0.01      0.02      0.00      0.00      0.00      0.00      0.00      0.00
19:20:04           lo      0.00      0.00      0.00      0.00      0.00      0.00      0.00      0.00
19:20:04       enp0s3      0.01      0.01      0.00      0.00      0.00      0.00      0.00      0.00
19:30:11           lo      0.00      0.00      0.00      0.00      0.00      0.00      0.00      0.00
19:30:11       enp0s3      0.01      0.01      0.00      0.00      0.00      0.00      0.00      0.00
19:40:10           lo      0.00      0.00      0.00      0.00      0.00      0.00      0.00      0.00
19:40:10       enp0s3      0.01      0.01      0.00      0.00      0.00      0.00      0.00      0.00
19:50:06           lo      0.00      0.00      0.00      0.00      0.00      0.00      0.00      0.00
19:50:06       enp0s3      0.01      0.02      0.00      0.00      0.00      0.00      0.00      0.00
20:00:11           lo      0.00      0.00      0.00      0.00      0.00      0.00      0.00      0.00
20:00:11       enp0s3      0.02      0.02      0.00      0.00      0.00      0.00      0.00      0.00
20:10:12           lo      0.00      0.00      0.00      0.00      0.00      0.00      0.00      0.00
20:10:12       enp0s3      0.01      0.02      0.00      0.00      0.00      0.00      0.00      0.00
20:20:11           lo      0.00      0.00      0.00      0.00      0.00      0.00      0.00      0.00
20:20:11       enp0s3      0.01      0.02      0.00      0.00      0.00      0.00      0.00      0.00
20:30:10           lo      0.00      0.00      0.00      0.00      0.00      0.00      0.00      0.00
20:30:10       enp0s3      0.01      0.01      0.00      0.00      0.00      0.00      0.00      0.00
20:40:11           lo      0.00      0.00      0.00      0.00      0.00      0.00      0.00      0.00
20:40:11       enp0s3      0.01      0.01      0.00      0.00      0.00      0.00      0.00      0.00
20:50:11           lo      0.00      0.00      0.00      0.00      0.00      0.00      0.00      0.00
20:50:11       enp0s3      0.01      0.01      0.00      0.00      0.00      0.00      0.00      0.00
21:00:11           lo      0.00      0.00      0.00      0.00      0.00      0.00      0.00      0.00
21:00:11       enp0s3      0.01      0.02      0.00      0.00      0.00      0.00      0.00      0.00
21:10:11           lo      0.00      0.00      0.00      0.00      0.00      0.00      0.00      0.00
21:10:11       enp0s3      0.01      0.02      0.00      0.00      0.00      0.00      0.00      0.00
21:20:11           lo      0.00      0.00      0.00      0.00      0.00      0.00      0.00      0.00
21:20:11       enp0s3      0.01      0.01      0.00      0.00      0.00      0.00      0.00      0.00
21:30:11           lo      0.08      0.08      0.01      0.01      0.00      0.00      0.00      0.00
21:30:11       enp0s3      1.22      0.42      1.29      0.04      0.00      0.00      0.00      0.00
21:40:14           lo      0.00      0.00      0.00      0.00      0.00      0.00      0.00      0.00
21:40:14       enp0s3      0.01      0.01      0.00      0.00      0.00      0.00      0.00      0.00
21:50:11           lo      0.00      0.00      0.00      0.00      0.00      0.00      0.00      0.00
21:50:11       enp0s3      0.01      0.01      0.00      0.00      0.00      0.00      0.00      0.00
22:00:11           lo      0.00      0.00      0.00      0.00      0.00      0.00      0.00      0.00
22:00:11       enp0s3      0.02      0.02      0.00      0.00      0.00      0.00      0.01      0.00
22:10:08           lo      0.00      0.00      0.00      0.00      0.00      0.00      0.00      0.00
22:10:08       enp0s3      0.01      0.02      0.00      0.00      0.00      0.00      0.00      0.00
22:20:10           lo      0.00      0.00      0.00      0.00      0.00      0.00      0.00      0.00
22:20:10       enp0s3      0.01      0.02      0.00      0.00      0.00      0.00      0.00      0.00
22:30:05           lo      0.00      0.00      0.00      0.00      0.00      0.00      0.00      0.00
22:30:05       enp0s3      0.01      0.02      0.00      0.00      0.00      0.00      0.00      0.00
22:40:02           lo      0.00      0.00      0.00      0.00      0.00      0.00      0.00      0.00
22:40:02       enp0s3      0.01      0.01      0.00      0.00      0.00      0.00      0.00      0.00
22:50:13           lo      0.00      0.00      0.00      0.00      0.00      0.00      0.00      0.00
22:50:13       enp0s3      0.01      0.01      0.00      0.00      0.00      0.00      0.00      0.00
23:00:11           lo      0.00      0.00      0.00      0.00      0.00      0.00      0.00      0.00
23:00:11       enp0s3      0.01      0.02      0.00      0.00      0.00      0.00      0.01      0.00
23:10:04           lo      0.00      0.00      0.00      0.00      0.00      0.00      0.00      0.00
23:10:04       enp0s3      0.02      0.03      0.00      0.00      0.00      0.00      0.00      0.00
23:20:11           lo      0.00      0.00      0.00      0.00      0.00      0.00      0.00      0.00
23:20:11       enp0s3      0.00      0.01      0.00      0.00      0.00      0.00      0.00      0.00
23:30:11           lo      0.00      0.00      0.00      0.00      0.00      0.00      0.00      0.00
23:30:11       enp0s3      0.02      0.02      0.00      0.00      0.00      0.00      0.00      0.00
23:40:00           lo      0.00      0.00      0.00      0.00      0.00      0.00      0.00      0.00
23:40:00       enp0s3      0.01      0.01      0.00      0.00      0.00      0.00      0.00      0.00
23:50:02           lo      0.00      0.00      0.00      0.00      0.00      0.00      0.00      0.00
23:50:02       enp0s3      0.01      0.01      0.00      0.00      0.00      0.00      0.00      0.00
00:00:11           lo      0.00      0.00      0.00      0.00      0.00      0.00      0.00      0.00
00:00:11       enp0s3      0.01      0.02      0.00      0.00      0.00      0.00      0.00      0.00
Average:           lo      0.01      0.01      0.00      0.00      0.00      0.00      0.00      0.00
Average:       enp0s3      5.94      0.78      7.68      0.05      0.00      0.00      0.00      0.01

16:00:00        IFACE   rxerr/s   txerr/s    coll/s  rxdrop/s  txdrop/s  txcarr/s  rxfram/s  rxfifo/s  txfifo/s
16:10:11           lo      0.00      0.00      0.00      0.00      0.00      0.00      0.00      0.00      0.00
16:10:11       enp0s3      0.00      0.00      0.00      0.00      0.00      0.00      0.00      0.00      0.00
16:20:11           lo      0.00      0.00      0.00      0.00      0.00      0.00      0.00      0.00      0.00
16:20:11       enp0s3      0.00      0.00      0.00      0.00      0.00      0.00      0.00      0.00      0.00
16:30:11           lo      0.00      0.00      0.00      0.00      0.00      0.00      0.00      0.00      0.00
16:30:11       enp0s3      0.00      0.00      0.00      0.00      0.00      0.00      0.00      0.00      0.00
16:40:12           lo      0.00      0.00      0.00      0.00      0.00      0.00      0.00      0.00      0.00
16:40:12       enp0s3      0.00      0.00      0.00      0.00      0.00      0.00      0.00      0.00      0.00
16:50:11           lo      0.00      0.00      0.00      0.00      0.00      0.00      0.00      0.00      0.00
16:50:11       enp0s3      0.00      0.00      0.00      0.00      0.00      0.00      0.00      0.00      0.00
17:00:11           lo      0.00      0.00      0.00      0.00      0.00      0.00      0.00      0.00      0.00
17:00:11       enp0s3      0.00      0.00      0.00      0.00      0.00      0.00      0.00      0.00      0.00
17:10:11           lo      0.00      0.00      0.00      0.00      0.00      0.00      0.00      0.00      0.00
17:10:11       enp0s3      0.00      0.00      0.00      0.00      0.00      0.00      0.00      0.00      0.00
17:20:08           lo      0.00      0.00      0.00      0.00      0.00      0.00      0.00      0.00      0.00
17:20:08       enp0s3      0.00      0.00      0.00      0.00      0.00      0.00      0.00      0.00      0.00
17:30:30           lo      0.00      0.00      0.00      0.00      0.00      0.00      0.00      0.00      0.00
17:30:30       enp0s3      0.00      0.00      0.00      0.00      0.00      0.00      0.00      0.00      0.00
17:40:01           lo      0.00      0.00      0.00      0.00      0.00      0.00      0.00      0.00      0.00
17:40:01       enp0s3      0.00      0.00      0.00      0.00      0.00      0.00      0.00      0.00      0.00
17:50:11           lo      0.00      0.00      0.00      0.00      0.00      0.00      0.00      0.00      0.00
17:50:11       enp0s3      0.00      0.00      0.00      0.00      0.00      0.00      0.00      0.00      0.00
18:00:11           lo      0.00      0.00      0.00      0.00      0.00      0.00      0.00      0.00      0.00
18:00:11       enp0s3      0.00      0.00      0.00      0.00      0.00      0.00      0.00      0.00      0.00
18:10:11           lo      0.00      0.00      0.00      0.00      0.00      0.00      0.00      0.00      0.00
18:10:11       enp0s3      0.00      0.00      0.00      0.00      0.00      0.00      0.00      0.00      0.00
18:20:18           lo      0.00      0.00      0.00      0.00      0.00      0.00      0.00      0.00      0.00
18:20:18       enp0s3      0.00      0.00      0.00      0.00      0.00      0.00      0.00      0.00      0.00
18:30:11           lo      0.00      0.00      0.00      0.00      0.00      0.00      0.00      0.00      0.00
18:30:11       enp0s3      0.00      0.00      0.00      0.00      0.00      0.00      0.00      0.00      0.00
18:40:11           lo      0.00      0.00      0.00      0.00      0.00      0.00      0.00      0.00      0.00
18:40:11       enp0s3      0.00      0.00      0.00      0.00      0.00      0.00      0.00      0.00      0.00
18:50:10           lo      0.00      0.00      0.00      0.00      0.00      0.00      0.00      0.00      0.00
18:50:10       enp0s3      0.00      0.00      0.00      0.00      0.00      0.00      0.00      0.00      0.00
19:00:19           lo      0.00      0.00      0.00      0.00      0.00      0.00      0.00      0.00      0.00
19:00:19       enp0s3      0.00      0.00      0.00      0.00      0.00      0.00      0.00      0.00      0.00
19:10:11           lo      0.00      0.00      0.00      0.00      0.00      0.00      0.00      0.00      0.00
19:10:11       enp0s3      0.00      0.00      0.00      0.00      0.00      0.00      0.00      0.00      0.00
19:20:04           lo      0.00      0.00      0.00      0.00      0.00      0.00      0.00      0.00      0.00
19:20:04       enp0s3      0.00      0.00      0.00      0.00      0.00      0.00      0.00      0.00      0.00
19:30:11           lo      0.00      0.00      0.00      0.00      0.00      0.00      0.00      0.00      0.00
19:30:11       enp0s3      0.00      0.00      0.00      0.00      0.00      0.00      0.00      0.00      0.00
19:40:10           lo      0.00      0.00      0.00      0.00      0.00      0.00      0.00      0.00      0.00
19:40:10       enp0s3      0.00      0.00      0.00      0.00      0.00      0.00      0.00      0.00      0.00
19:50:06           lo      0.00      0.00      0.00      0.00      0.00      0.00      0.00      0.00      0.00
19:50:06       enp0s3      0.00      0.00      0.00      0.00      0.00      0.00      0.00      0.00      0.00
20:00:11           lo      0.00      0.00      0.00      0.00      0.00      0.00      0.00      0.00      0.00
20:00:11       enp0s3      0.00      0.00      0.00      0.00      0.00      0.00      0.00      0.00      0.00
20:10:12           lo      0.00      0.00      0.00      0.00      0.00      0.00      0.00      0.00      0.00
20:10:12       enp0s3      0.00      0.00      0.00      0.00      0.00      0.00      0.00      0.00      0.00
20:20:11           lo      0.00      0.00      0.00      0.00      0.00      0.00      0.00      0.00      0.00
20:20:11       enp0s3      0.00      0.00      0.00      0.00      0.00      0.00      0.00      0.00      0.00
20:30:10           lo      0.00      0.00      0.00      0.00      0.00      0.00      0.00      0.00      0.00
20:30:10       enp0s3      0.00      0.00      0.00      0.00      0.00      0.00      0.00      0.00      0.00
20:40:11           lo      0.00      0.00      0.00      0.00      0.00      0.00      0.00      0.00      0.00
20:40:11       enp0s3      0.00      0.00      0.00      0.00      0.00      0.00      0.00      0.00      0.00
20:50:11           lo      0.00      0.00      0.00      0.00      0.00      0.00      0.00      0.00      0.00
20:50:11       enp0s3      0.00      0.00      0.00      0.00      0.00      0.00      0.00      0.00      0.00
21:00:11           lo      0.00      0.00      0.00      0.00      0.00      0.00      0.00      0.00      0.00
21:00:11       enp0s3      0.00      0.00      0.00      0.00      0.00      0.00      0.00      0.00      0.00
21:10:11           lo      0.00      0.00      0.00      0.00      0.00      0.00      0.00      0.00      0.00
21:10:11       enp0s3      0.00      0.00      0.00      0.00      0.00      0.00      0.00      0.00      0.00
21:20:11           lo      0.00      0.00      0.00      0.00      0.00      0.00      0.00      0.00      0.00
21:20:11       enp0s3      0.00      0.00      0.00      0.00      0.00      0.00      0.00      0.00      0.00
21:30:11           lo      0.00      0.00      0.00      0.00      0.00      0.00      0.00      0.00      0.00
21:30:11       enp0s3      0.00      0.00      0.00      0.00      0.00      0.00      0.00      0.00      0.00
21:40:14           lo      0.00      0.00      0.00      0.00      0.00      0.00      0.00      0.00      0.00
21:40:14       enp0s3      0.00      0.00      0.00      0.00      0.00      0.00      0.00      0.00      0.00
21:50:11           lo      0.00      0.00      0.00      0.00      0.00      0.00      0.00      0.00      0.00
21:50:11       enp0s3      0.00      0.00      0.00      0.00      0.00      0.00      0.00      0.00      0.00
22:00:11           lo      0.00      0.00      0.00      0.00      0.00      0.00      0.00      0.00      0.00
22:00:11       enp0s3      0.00      0.00      0.00      0.00      0.00      0.00      0.00      0.00      0.00
22:10:08           lo      0.00      0.00      0.00      0.00      0.00      0.00      0.00      0.00      0.00
22:10:08       enp0s3      0.00      0.00      0.00      0.00      0.00      0.00      0.00      0.00      0.00
22:20:10           lo      0.00      0.00      0.00      0.00      0.00      0.00      0.00      0.00      0.00
22:20:10       enp0s3      0.00      0.00      0.00      0.00      0.00      0.00      0.00      0.00      0.00
22:30:05           lo      0.00      0.00      0.00      0.00      0.00      0.00      0.00      0.00      0.00
22:30:05       enp0s3      0.00      0.00      0.00      0.00      0.00      0.00      0.00      0.00      0.00
22:40:02           lo      0.00      0.00      0.00      0.00      0.00      0.00      0.00      0.00      0.00
22:40:02       enp0s3      0.00      0.00      0.00      0.00      0.00      0.00      0.00      0.00      0.00
22:50:13           lo      0.00      0.00      0.00      0.00      0.00      0.00      0.00      0.00      0.00
22:50:13       enp0s3      0.00      0.00      0.00      0.00      0.00      0.00      0.00      0.00      0.00
23:00:11           lo      0.00      0.00      0.00      0.00      0.00      0.00      0.00      0.00      0.00
23:00:11       enp0s3      0.00      0.00      0.00      0.00      0.00      0.00      0.00      0.00      0.00
23:10:04           lo      0.00      0.00      0.00      0.00      0.00      0.00      0.00      0.00      0.00
23:10:04       enp0s3      0.00      0.00      0.00      0.00      0.00      0.00      0.00      0.00      0.00
23:20:11           lo      0.00      0.00      0.00      0.00      0.00      0.00      0.00      0.00      0.00
23:20:11       enp0s3      0.00      0.00      0.00      0.00      0.00      0.00      0.00      0.00      0.00
23:30:11           lo      0.00      0.00      0.00      0.00      0.00      0.00      0.00      0.00      0.00
23:30:11       enp0s3      0.00      0.00      0.00      0.00      0.00      0.00      0.00      0.00      0.00
23:40:00           lo      0.00      0.00      0.00      0.00      0.00      0.00      0.00      0.00      0.00
23:40:00       enp0s3      0.00      0.00      0.00      0.00      0.00      0.00      0.00      0.00      0.00
23:50:02           lo      0.00      0.00      0.00      0.00      0.00      0.00      0.00      0.00      0.00
23:50:02       enp0s3      0.00      0.00      0.00      0.00      0.00      0.00      0.00      0.00      0.00
00:00:11           lo      0.00      0.00      0.00      0.00      0.00      0.00      0.00      0.00      0.00
00:00:11       enp0s3      0.00      0.00      0.00      0.00      0.00      0.00      0.00      0.00      0.00
Average:           lo      0.00      0.00      0.00      0.00      0.00      0.00      0.00      0.00      0.00
Average:       enp0s3      0.00      0.00      0.00      0.00      0.00      0.00      0.00      0.00      0.00

16:00:00       call/s retrans/s    read/s   write/s  access/s  getatt/s
16:10:11         0.00      0.00      0.00      0.00      0.00      0.00
16:20:11         0.00      0.00      0.00      0.00      0.00      0.00
16:30:11         0.00      0.00      0.00      0.00      0.00      0.00
16:40:12         0.00      0.00      0.00      0.00      0.00      0.00
16:50:11         0.00      0.00      0.00      0.00      0.00      0.00
17:00:11         0.00      0.00      0.00      0.00      0.00      0.00
17:10:11         0.00      0.00      0.00      0.00      0.00      0.00
17:20:08         0.00      0.00      0.00      0.00      0.00      0.00
17:30:30         0.00      0.00      0.00      0.00      0.00      0.00
17:40:01         0.00      0.00      0.00      0.00      0.00      0.00
17:50:11         0.00      0.00      0.00      0.00      0.00      0.00
18:00:11         0.00      0.00      0.00      0.00      0.00      0.00
18:10:11         0.00      0.00      0.00      0.00      0.00      0.00
18:20:18         0.00      0.00      0.00      0.00      0.00      0.00
18:30:11         0.00      0.00      0.00      0.00      0.00      0.00
18:40:11         0.00      0.00      0.00      0.00      0.00      0.00
18:50:10         0.00      0.00      0.00      0.00      0.00      0.00
19:00:19         0.00      0.00      0.00      0.00      0.00      0.00
19:10:11         0.00      0.00      0.00      0.00      0.00      0.00
19:20:04         0.00      0.00      0.00      0.00      0.00      0.00
19:30:11         0.00      0.00      0.00      0.00      0.00      0.00
19:40:10         0.00      0.00      0.00      0.00      0.00      0.00
19:50:06         0.00      0.00      0.00      0.00      0.00      0.00
20:00:11         0.00      0.00      0.00      0.00      0.00      0.00
20:10:12         0.00      0.00      0.00      0.00      0.00      0.00
20:20:11         0.00      0.00      0.00      0.00      0.00      0.00
20:30:10         0.00      0.00      0.00      0.00      0.00      0.00
20:40:11         0.00      0.00      0.00      0.00      0.00      0.00
20:50:11         0.00      0.00      0.00      0.00      0.00      0.00
21:00:11         0.00      0.00      0.00      0.00      0.00      0.00
21:10:11         0.00      0.00      0.00      0.00      0.00      0.00
21:20:11         0.00      0.00      0.00      0.00      0.00      0.00
21:30:11         0.00      0.00      0.00      0.00      0.00      0.00
21:40:14         0.00      0.00      0.00      0.00      0.00      0.00
21:50:11         0.00      0.00      0.00      0.00      0.00      0.00
22:00:11         0.00      0.00      0.00      0.00      0.00      0.00
22:10:08         0.00      0.00      0.00      0.00      0.00      0.00
22:20:10         0.00      0.00      0.00      0.00      0.00      0.00
22:30:05         0.00      0.00      0.00      0.00      0.00      0.00
22:40:02         0.00      0.00      0.00      0.00      0.00      0.00
22:50:13         0.00      0.00      0.00      0.00      0.00      0.00
23:00:11         0.00      0.00      0.00      0.00      0.00      0.00
23:10:04         0.00      0.00      0.00      0.00      0.00      0.00
23:20:11         0.00      0.00      0.00      0.00      0.00      0.00
23:30:11         0.00      0.00      0.00      0.00      0.00      0.00
23:40:00         0.00      0.00      0.00      0.00      0.00      0.00
23:50:02         0.00      0.00      0.00      0.00      0.00      0.00
00:00:11         0.00      0.00      0.00      0.00      0.00      0.00
Average:         0.00      0.00      0.00      0.00      0.00      0.00

16:00:00      scall/s badcall/s  packet/s     udp/s     tcp/s     hit/s    miss/s   sread/s  swrite/s saccess/s sgetatt/s
16:10:11         0.00      0.00      0.00      0.00      0.00      0.00      0.00      0.00      0.00      0.00      0.00
16:20:11         0.00      0.00      0.00      0.00      0.00      0.00      0.00      0.00      0.00      0.00      0.00
16:30:11         0.00      0.00      0.00      0.00      0.00      0.00      0.00      0.00      0.00      0.00      0.00
16:40:12         0.00      0.00      0.00      0.00      0.00      0.00      0.00      0.00      0.00      0.00      0.00
16:50:11         0.00      0.00      0.00      0.00      0.00      0.00      0.00      0.00      0.00      0.00      0.00
17:00:11         0.00      0.00      0.00      0.00      0.00      0.00      0.00      0.00      0.00      0.00      0.00
17:10:11         0.00      0.00      0.00      0.00      0.00      0.00      0.00      0.00      0.00      0.00      0.00
17:20:08         0.00      0.00      0.00      0.00      0.00      0.00      0.00      0.00      0.00      0.00      0.00
17:30:30         0.00      0.00      0.00      0.00      0.00      0.00      0.00      0.00      0.00      0.00      0.00
17:40:01         0.00      0.00      0.00      0.00      0.00      0.00      0.00      0.00      0.00      0.00      0.00
17:50:11         0.00      0.00      0.00      0.00      0.00      0.00      0.00      0.00      0.00      0.00      0.00
18:00:11         0.00      0.00      0.00      0.00      0.00      0.00      0.00      0.00      0.00      0.00      0.00
18:10:11         0.00      0.00      0.00      0.00      0.00      0.00      0.00      0.00      0.00      0.00      0.00
18:20:18         0.00      0.00      0.00      0.00      0.00      0.00      0.00      0.00      0.00      0.00      0.00
18:30:11         0.00      0.00      0.00      0.00      0.00      0.00      0.00      0.00      0.00      0.00      0.00
18:40:11         0.00      0.00      0.00      0.00      0.00      0.00      0.00      0.00      0.00      0.00      0.00
18:50:10         0.00      0.00      0.00      0.00      0.00      0.00      0.00      0.00      0.00      0.00      0.00
19:00:19         0.00      0.00      0.00      0.00      0.00      0.00      0.00      0.00      0.00      0.00      0.00
19:10:11         0.00      0.00      0.00      0.00      0.00      0.00      0.00      0.00      0.00      0.00      0.00
19:20:04         0.00      0.00      0.00      0.00      0.00      0.00      0.00      0.00      0.00      0.00      0.00
19:30:11         0.00      0.00      0.00      0.00      0.00      0.00      0.00      0.00      0.00      0.00      0.00
19:40:10         0.00      0.00      0.00      0.00      0.00      0.00      0.00      0.00      0.00      0.00      0.00
19:50:06         0.00      0.00      0.00      0.00      0.00      0.00      0.00      0.00      0.00      0.00      0.00
20:00:11         0.00      0.00      0.00      0.00      0.00      0.00      0.00      0.00      0.00      0.00      0.00
20:10:12         0.00      0.00      0.00      0.00      0.00      0.00      0.00      0.00      0.00      0.00      0.00
20:20:11         0.00      0.00      0.00      0.00      0.00      0.00      0.00      0.00      0.00      0.00      0.00
20:30:10         0.00      0.00      0.00      0.00      0.00      0.00      0.00      0.00      0.00      0.00      0.00
20:40:11         0.00      0.00      0.00      0.00      0.00      0.00      0.00      0.00      0.00      0.00      0.00
20:50:11         0.00      0.00      0.00      0.00      0.00      0.00      0.00      0.00      0.00      0.00      0.00
21:00:11         0.00      0.00      0.00      0.00      0.00      0.00      0.00      0.00      0.00      0.00      0.00
21:10:11         0.00      0.00      0.00      0.00      0.00      0.00      0.00      0.00      0.00      0.00      0.00
21:20:11         0.00      0.00      0.00      0.00      0.00      0.00      0.00      0.00      0.00      0.00      0.00
21:30:11         0.00      0.00      0.00      0.00      0.00      0.00      0.00      0.00      0.00      0.00      0.00
21:40:14         0.00      0.00      0.00      0.00      0.00      0.00      0.00      0.00      0.00      0.00      0.00
21:50:11         0.00      0.00      0.00      0.00      0.00      0.00      0.00      0.00      0.00      0.00      0.00
22:00:11         0.00      0.00      0.00      0.00      0.00      0.00      0.00      0.00      0.00      0.00      0.00
22:10:08         0.00      0.00      0.00      0.00      0.00      0.00      0.00      0.00      0.00      0.00      0.00
22:20:10         0.00      0.00      0.00      0.00      0.00      0.00      0.00      0.00      0.00      0.00      0.00
22:30:05         0.00      0.00      0.00      0.00      0.00      0.00      0.00      0.00      0.00      0.00      0.00
22:40:02         0.00      0.00      0.00      0.00      0.00      0.00      0.00      0.00      0.00      0.00      0.00
22:50:13         0.00      0.00      0.00      0.00      0.00      0.00      0.00      0.00      0.00      0.00      0.00
23:00:11         0.00      0.00      0.00      0.00      0.00      0.00      0.00      0.00      0.00      0.00      0.00
23:10:04         0.00      0.00      0.00      0.00      0.00      0.00      0.00      0.00      0.00      0.00      0.00
23:20:11         0.00      0.00      0.00      0.00      0.00      0.00      0.00      0.00      0.00      0.00      0.00
23:30:11         0.00      0.00      0.00      0.00      0.00      0.00      0.00      0.00      0.00      0.00      0.00
23:40:00         0.00      0.00      0.00      0.00      0.00      0.00      0.00      0.00      0.00      0.00      0.00
23:50:02         0.00      0.00      0.00      0.00      0.00      0.00      0.00      0.00      0.00      0.00      0.00
00:00:11         0.00      0.00      0.00      0.00      0.00      0.00      0.00      0.00      0.00      0.00      0.00
Average:         0.00      0.00      0.00      0.00      0.00      0.00      0.00      0.00      0.00      0.00      0.00

16:00:00       totsck    tcpsck    udpsck    rawsck   ip-frag    tcp-tw
16:10:11          686         3         5         0         0         0
16:20:11          680         3         5         0         0         0
16:30:11          680         3         5         0         0         0
16:40:12          682         3         5         0         0         3
16:50:11          680         3         5         0         0         0
17:00:11          680         3         5         0         0         0
17:10:11          676         3         5         0         0         0
17:20:08          789         3         5         0         0         0
17:30:30          817         3         5         0         0         0
17:40:01          816         3         5         0         0         0
17:50:11          816         3         5         0         0         0
18:00:11          816         3         5         0         0         0
18:10:11          816         3         5         0         0         0
18:20:18          816         3         5         0         0         0
18:30:11          816         3         5         0         0         0
18:40:11          816         3         5         0         0         0
18:50:10          816         3         5         0         0         0
19:00:19          816         3         5         0         0         0
19:10:11          816         3         5         0         0         0
19:20:04          816         3         5         0         0         0
19:30:11          816         3         5         0         0         0
19:40:10          816         3         5         0         0         0
19:50:06          816         3         5         0         0         0
20:00:11          816         3         5         0         0         0
20:10:12          816         3         5         0         0         0
20:20:11          816         3         5         0         0         0
20:30:10          816         3         5         0         0         0
20:40:11          816         3         5         0         0         0
20:50:11          816         3         5         0         0         0
21:00:11          816         3         5         0         0         0
21:10:11          816         3         5         0         0         0
21:20:11          816         3         5         0         0         0
21:30:11          816         3         5         0         0         0
21:40:14          816         3         5         0         0         0
21:50:11          816         3         5         0         0         0
22:00:11          816         3         5         0         0         0
22:10:08          816         3         5         0         0         0
22:20:10          816         3         5         0         0         0
22:30:05          816         3         5         0         0         0
22:40:02          816         3         5         0         0         0
22:50:13          816         3         5         0         0         0
23:00:11          816         3         5         0         0         0
23:10:04          816         3         5         0         0         0
23:20:11          816         3         5         0         0         0
23:30:11          816         3         5         0         0         0
23:40:00          816         3         5         0         0         0
23:50:02          816         3         5         0         0         0
00:00:11          818         3         5         0         0         0
Average:          796         3         5         0         0         0

16:00:00        CPU   total/s   dropd/s squeezd/s  rx_rps/s flw_lim/s   blg_len
16:10:11        all     38.34      0.00      0.05      0.00      0.00         0
16:10:11          0      0.08      0.00      0.00      0.00      0.00         0
16:10:11          1      0.01      0.00      0.00      0.00      0.00         0
16:10:11          2      0.01      0.00      0.00      0.00      0.00         0
16:10:11          3      0.01      0.00      0.00      0.00      0.00         0
16:10:11          4      0.00      0.00      0.00      0.00      0.00         0
16:10:11          5     38.18      0.00      0.05      0.00      0.00         0
16:10:11          6      0.05      0.00      0.00      0.00      0.00         0
16:10:11          7      0.00      0.00      0.00      0.00      0.00         0
16:20:11        all      0.10      0.00      0.00      0.00      0.00         0
16:20:11          0      0.00      0.00      0.00      0.00      0.00         0
16:20:11          1      0.00      0.00      0.00      0.00      0.00         0
16:20:11          2      0.00      0.00      0.00      0.00      0.00         0
16:20:11          3      0.01      0.00      0.00      0.00      0.00         0
16:20:11          4      0.00      0.00      0.00      0.00      0.00         0
16:20:11          5      0.10      0.00      0.00      0.00      0.00         0
16:20:11          6      0.00      0.00      0.00      0.00      0.00         0
16:20:11          7      0.00      0.00      0.00      0.00      0.00         0
16:30:11        all      0.10      0.00      0.00      0.00      0.00         0
16:30:11          0      0.01      0.00      0.00      0.00      0.00         0
16:30:11          1      0.00      0.00      0.00      0.00      0.00         0
16:30:11          2      0.00      0.00      0.00      0.00      0.00         0
16:30:11          3      0.00      0.00      0.00      0.00      0.00         0
16:30:11          4      0.00      0.00      0.00      0.00      0.00         0
16:30:11          5      0.09      0.00      0.00      0.00      0.00         0
16:30:11          6      0.00      0.00      0.00      0.00      0.00         0
16:30:11          7      0.00      0.00      0.00      0.00      0.00         0
16:40:12        all      0.52      0.00      0.00      0.00      0.00         0
16:40:12          0      0.01      0.00      0.00      0.00      0.00         0
16:40:12          1      0.00      0.00      0.00      0.00      0.00         0
16:40:12          2      0.03      0.00      0.00      0.00      0.00         0
16:40:12          3      0.00      0.00      0.00      0.00      0.00         0
16:40:12          4      0.01      0.00      0.00      0.00      0.00         0
16:40:12          5      0.46      0.00      0.00      0.00      0.00         0
16:40:12          6      0.00      0.00      0.00      0.00      0.00         0
16:40:12          7      0.00      0.00      0.00      0.00      0.00         0
16:50:11        all      0.07      0.00      0.00      0.00      0.00         0
16:50:11          0      0.00      0.00      0.00      0.00      0.00         0
16:50:11          1      0.00      0.00      0.00      0.00      0.00         0
16:50:11          2      0.00      0.00      0.00      0.00      0.00         0
16:50:11          3      0.00      0.00      0.00      0.00      0.00         0
16:50:11          4      0.00      0.00      0.00      0.00      0.00         0
16:50:11          5      0.06      0.00      0.00      0.00      0.00         0
16:50:11          6      0.01      0.00      0.00      0.00      0.00         0
16:50:11          7      0.00      0.00      0.00      0.00      0.00         0
17:00:11        all      0.04      0.00      0.00      0.00      0.00         0
17:00:11          0      0.00      0.00      0.00      0.00      0.00         0
17:00:11          1      0.00      0.00      0.00      0.00      0.00         0
17:00:11          2      0.00      0.00      0.00      0.00      0.00         0
17:00:11          3      0.00      0.00      0.00      0.00      0.00         0
17:00:11          4      0.00      0.00      0.00      0.00      0.00         0
17:00:11          5      0.04      0.00      0.00      0.00      0.00         0
17:00:11          6      0.00      0.00      0.00      0.00      0.00         0
17:00:11          7      0.00      0.00      0.00      0.00      0.00         0
17:10:11        all      0.03      0.00      0.00      0.00      0.00         0
17:10:11          0      0.00      0.00      0.00      0.00      0.00         0
17:10:11          1      0.00      0.00      0.00      0.00      0.00         0
17:10:11          2      0.00      0.00      0.00      0.00      0.00         0
17:10:11          3      0.01      0.00      0.00      0.00      0.00         0
17:10:11          4      0.00      0.00      0.00      0.00      0.00         0
17:10:11          5      0.02      0.00      0.00      0.00      0.00         0
17:10:11          6      0.00      0.00      0.00      0.00      0.00         0
17:10:11          7      0.00      0.00      0.00      0.00      0.00         0
17:20:08        all      0.97      0.00      0.00      0.00      0.00         0
17:20:08          0      0.01      0.00      0.00      0.00      0.00         0
17:20:08          1      0.00      0.00      0.00      0.00      0.00         0
17:20:08          2      0.02      0.00      0.00      0.00      0.00         0
17:20:08          3      0.01      0.00      0.00      0.00      0.00         0
17:20:08          4      0.02      0.00      0.00      0.00      0.00         0
17:20:08          5      0.88      0.00      0.00      0.00      0.00         0
17:20:08          6      0.02      0.00      0.00      0.00      0.00         0
17:20:08          7      0.03      0.00      0.00      0.00      0.00         0
17:30:30        all      0.02      0.00      0.00      0.00      0.00         0
17:30:30          0      0.00      0.00      0.00      0.00      0.00         0
17:30:30          1      0.00      0.00      0.00      0.00      0.00         0
17:30:30          2      0.00      0.00      0.00      0.00      0.00         0
17:30:30          3      0.00      0.00      0.00      0.00      0.00         0
17:30:30          4      0.00      0.00      0.00      0.00      0.00         0
17:30:30          5      0.02      0.00      0.00      0.00      0.00         0
17:30:30          6      0.00      0.00      0.00      0.00      0.00         0
17:30:30          7      0.00      0.00      0.00      0.00      0.00         0
17:40:01        all      0.01      0.00      0.00      0.00      0.00         0
17:40:01          0      0.00      0.00      0.00      0.00      0.00         0
17:40:01          1      0.00      0.00      0.00      0.00      0.00         0
17:40:01          2      0.00      0.00      0.00      0.00      0.00         0
17:40:01          3      0.00      0.00      0.00      0.00      0.00         0
17:40:01          4      0.00      0.00      0.00      0.00      0.00         0
17:40:01          5      0.01      0.00      0.00      0.00      0.00         0
17:40:01          6      0.00      0.00      0.00      0.00      0.00         0
17:40:01          7      0.00      0.00      0.00      0.00      0.00         0
17:50:11        all      0.01      0.00      0.00      0.00      0.00         0
17:50:11          0      0.00      0.00      0.00      0.00      0.00         0
17:50:11          1      0.00      0.00      0.00      0.00      0.00         0
17:50:11          2      0.00      0.00      0.00      0.00      0.00         0
17:50:11          3      0.00      0.00      0.00      0.00      0.00         0
17:50:11          4      0.00      0.00      0.00      0.00      0.00         0
17:50:11          5      0.01      0.00      0.00      0.00      0.00         0
17:50:11          6      0.00      0.00      0.00      0.00      0.00         0
17:50:11          7      0.00      0.00      0.00      0.00      0.00         0

17:50:11        CPU   total/s   dropd/s squeezd/s  rx_rps/s flw_lim/s   blg_len
18:00:11        all      0.02      0.00      0.00      0.00      0.00         0
18:00:11          0      0.00      0.00      0.00      0.00      0.00         0
18:00:11          1      0.00      0.00      0.00      0.00      0.00         0
18:00:11          2      0.00      0.00      0.00      0.00      0.00         0
18:00:11          3      0.00      0.00      0.00      0.00      0.00         0
18:00:11          4      0.00      0.00      0.00      0.00      0.00         0
18:00:11          5      0.02      0.00      0.00      0.00      0.00         0
18:00:11          6      0.00      0.00      0.00      0.00      0.00         0
18:00:11          7      0.00      0.00      0.00      0.00      0.00         0
18:10:11        all      0.02      0.00      0.00      0.00      0.00         0
18:10:11          0      0.00      0.00      0.00      0.00      0.00         0
18:10:11          1      0.01      0.00      0.00      0.00      0.00         0
18:10:11          2      0.00      0.00      0.00      0.00      0.00         0
18:10:11          3      0.01      0.00      0.00      0.00      0.00         0
18:10:11          4      0.00      0.00      0.00      0.00      0.00         0
18:10:11          5      0.01      0.00      0.00      0.00      0.00         0
18:10:11          6      0.00      0.00      0.00      0.00      0.00         0
18:10:11          7      0.00      0.00      0.00      0.00      0.00         0
18:20:18        all      0.01      0.00      0.00      0.00      0.00         0
18:20:18          0      0.00      0.00      0.00      0.00      0.00         0
18:20:18          1      0.00      0.00      0.00      0.00      0.00         0
18:20:18          2      0.00      0.00      0.00      0.00      0.00         0
18:20:18          3      0.00      0.00      0.00      0.00      0.00         0
18:20:18          4      0.00      0.00      0.00      0.00      0.00         0
18:20:18          5      0.01      0.00      0.00      0.00      0.00         0
18:20:18          6      0.00      0.00      0.00      0.00      0.00         0
18:20:18          7      0.00      0.00      0.00      0.00      0.00         0
18:30:11        all      0.01      0.00      0.00      0.00      0.00         0
18:30:11          0      0.00      0.00      0.00      0.00      0.00         0
18:30:11          1      0.00      0.00      0.00      0.00      0.00         0
18:30:11          2      0.00      0.00      0.00      0.00      0.00         0
18:30:11          3      0.00      0.00      0.00      0.00      0.00         0
18:30:11          4      0.00      0.00      0.00      0.00      0.00         0
18:30:11          5      0.01      0.00      0.00      0.00      0.00         0
18:30:11          6      0.00      0.00      0.00      0.00      0.00         0
18:30:11          7      0.00      0.00      0.00      0.00      0.00         0
18:40:11        all      0.01      0.00      0.00      0.00      0.00         0
18:40:11          0      0.00      0.00      0.00      0.00      0.00         0
18:40:11          1      0.00      0.00      0.00      0.00      0.00         0
18:40:11          2      0.00      0.00      0.00      0.00      0.00         0
18:40:11          3      0.00      0.00      0.00      0.00      0.00         0
18:40:11          4      0.00      0.00      0.00      0.00      0.00         0
18:40:11          5      0.01      0.00      0.00      0.00      0.00         0
18:40:11          6      0.00      0.00      0.00      0.00      0.00         0
18:40:11          7      0.00      0.00      0.00      0.00      0.00         0
18:50:10        all      0.01      0.00      0.00      0.00      0.00         0
18:50:10          0      0.00      0.00      0.00      0.00      0.00         0
18:50:10          1      0.00      0.00      0.00      0.00      0.00         0
18:50:10          2      0.00      0.00      0.00      0.00      0.00         0
18:50:10          3      0.00      0.00      0.00      0.00      0.00         0
18:50:10          4      0.00      0.00      0.00      0.00      0.00         0
18:50:10          5      0.01      0.00      0.00      0.00      0.00         0
18:50:10          6      0.00      0.00      0.00      0.00      0.00         0
18:50:10          7      0.00      0.00      0.00      0.00      0.00         0
19:00:19        all      0.01      0.00      0.00      0.00      0.00         0
19:00:19          0      0.00      0.00      0.00      0.00      0.00         0
19:00:19          1      0.00      0.00      0.00      0.00      0.00         0
19:00:19          2      0.00      0.00      0.00      0.00      0.00         0
19:00:19          3      0.00      0.00      0.00      0.00      0.00         0
19:00:19          4      0.00      0.00      0.00      0.00      0.00         0
19:00:19          5      0.01      0.00      0.00      0.00      0.00         0
19:00:19          6      0.00      0.00      0.00      0.00      0.00         0
19:00:19          7      0.00      0.00      0.00      0.00      0.00         0
19:10:11        all      0.02      0.00      0.00      0.00      0.00         0
19:10:11          0      0.00      0.00      0.00      0.00      0.00         0
19:10:11          1      0.00      0.00      0.00      0.00      0.00         0
19:10:11          2      0.00      0.00      0.00      0.00      0.00         0
19:10:11          3      0.01      0.00      0.00      0.00      0.00         0
19:10:11          4      0.00      0.00      0.00      0.00      0.00         0
19:10:11          5      0.02      0.00      0.00      0.00      0.00         0
19:10:11          6      0.00      0.00      0.00      0.00      0.00         0
19:10:11          7      0.00      0.00      0.00      0.00      0.00         0
19:20:04        all      0.01      0.00      0.00      0.00      0.00         0
19:20:04          0      0.00      0.00      0.00      0.00      0.00         0
19:20:04          1      0.00      0.00      0.00      0.00      0.00         0
19:20:04          2      0.00      0.00      0.00      0.00      0.00         0
19:20:04          3      0.00      0.00      0.00      0.00      0.00         0
19:20:04          4      0.00      0.00      0.00      0.00      0.00         0
19:20:04          5      0.01      0.00      0.00      0.00      0.00         0
19:20:04          6      0.00      0.00      0.00      0.00      0.00         0
19:20:04          7      0.00      0.00      0.00      0.00      0.00         0
19:30:11        all      0.01      0.00      0.00      0.00      0.00         0
19:30:11          0      0.00      0.00      0.00      0.00      0.00         0
19:30:11          1      0.00      0.00      0.00      0.00      0.00         0
19:30:11          2      0.00      0.00      0.00      0.00      0.00         0
19:30:11          3      0.00      0.00      0.00      0.00      0.00         0
19:30:11          4      0.00      0.00      0.00      0.00      0.00         0
19:30:11          5      0.01      0.00      0.00      0.00      0.00         0
19:30:11          6      0.00      0.00      0.00      0.00      0.00         0
19:30:11          7      0.00      0.00      0.00      0.00      0.00         0
19:40:10        all      0.01      0.00      0.00      0.00      0.00         0
19:40:10          0      0.00      0.00      0.00      0.00      0.00         0
19:40:10          1      0.00      0.00      0.00      0.00      0.00         0
19:40:10          2      0.00      0.00      0.00      0.00      0.00         0
19:40:10          3      0.00      0.00      0.00      0.00      0.00         0
19:40:10          4      0.00      0.00      0.00      0.00      0.00         0
19:40:10          5      0.01      0.00      0.00      0.00      0.00         0
19:40:10          6      0.00      0.00      0.00      0.00      0.00         0
19:40:10          7      0.00      0.00      0.00      0.00      0.00         0

19:40:10        CPU   total/s   dropd/s squeezd/s  rx_rps/s flw_lim/s   blg_len
19:50:06        all      0.01      0.00      0.00      0.00      0.00         0
19:50:06          0      0.00      0.00      0.00      0.00      0.00         0
19:50:06          1      0.00      0.00      0.00      0.00      0.00         0
19:50:06          2      0.00      0.00      0.00      0.00      0.00         0
19:50:06          3      0.00      0.00      0.00      0.00      0.00         0
19:50:06          4      0.00      0.00      0.00      0.00      0.00         0
19:50:06          5      0.01      0.00      0.00      0.00      0.00         0
19:50:06          6      0.00      0.00      0.00      0.00      0.00         0
19:50:06          7      0.00      0.00      0.00      0.00      0.00         0
20:00:11        all      0.02      0.00      0.00      0.00      0.00         0
20:00:11          0      0.00      0.00      0.00      0.00      0.00         0
20:00:11          1      0.00      0.00      0.00      0.00      0.00         0
20:00:11          2      0.00      0.00      0.00      0.00      0.00         0
20:00:11          3      0.00      0.00      0.00      0.00      0.00         0
20:00:11          4      0.00      0.00      0.00      0.00      0.00         0
20:00:11          5      0.02      0.00      0.00      0.00      0.00         0
20:00:11          6      0.00      0.00      0.00      0.00      0.00         0
20:00:11          7      0.00      0.00      0.00      0.00      0.00         0
20:10:12        all      0.02      0.00      0.00      0.00      0.00         0
20:10:12          0      0.00      0.00      0.00      0.00      0.00         0
20:10:12          1      0.00      0.00      0.00      0.00      0.00         0
20:10:12          2      0.00      0.00      0.00      0.00      0.00         0
20:10:12          3      0.00      0.00      0.00      0.00      0.00         0
20:10:12          4      0.00      0.00      0.00      0.00      0.00         0
20:10:12          5      0.01      0.00      0.00      0.00      0.00         0
20:10:12          6      0.00      0.00      0.00      0.00      0.00         0
20:10:12          7      0.00      0.00      0.00      0.00      0.00         0
20:20:11        all      0.01      0.00      0.00      0.00      0.00         0
20:20:11          0      0.00      0.00      0.00      0.00      0.00         0
20:20:11          1      0.00      0.00      0.00      0.00      0.00         0
20:20:11          2      0.00      0.00      0.00      0.00      0.00         0
20:20:11          3      0.00      0.00      0.00      0.00      0.00         0
20:20:11          4      0.00      0.00      0.00      0.00      0.00         0
20:20:11          5      0.01      0.00      0.00      0.00      0.00         0
20:20:11          6      0.00      0.00      0.00      0.00      0.00         0
20:20:11          7      0.00      0.00      0.00      0.00      0.00         0
20:30:10        all      0.01      0.00      0.00      0.00      0.00         0
20:30:10          0      0.00      0.00      0.00      0.00      0.00         0
20:30:10          1      0.00      0.00      0.00      0.00      0.00         0
20:30:10          2      0.00      0.00      0.00      0.00      0.00         0
20:30:10          3      0.00      0.00      0.00      0.00      0.00         0
20:30:10          4      0.00      0.00      0.00      0.00      0.00         0
20:30:10          5      0.01      0.00      0.00      0.00      0.00         0
20:30:10          6      0.00      0.00      0.00      0.00      0.00         0
20:30:10          7      0.00      0.00      0.00      0.00      0.00         0
20:40:11        all      0.01      0.00      0.00      0.00      0.00         0
20:40:11          0      0.00      0.00      0.00      0.00      0.00         0
20:40:11          1      0.00      0.00      0.00      0.00      0.00         0
20:40:11          2      0.00      0.00      0.00      0.00      0.00         0
20:40:11          3      0.00      0.00      0.00      0.00      0.00         0
20:40:11          4      0.00      0.00      0.00      0.00      0.00         0
20:40:11          5      0.01      0.00      0.00      0.00      0.00         0
20:40:11          6      0.00      0.00      0.00      0.00      0.00         0
20:40:11          7      0.00      0.00      0.00      0.00      0.00         0
20:50:11        all      0.01      0.00      0.00      0.00      0.00         0
20:50:11          0      0.00      0.00      0.00      0.00      0.00         0
20:50:11          1      0.00      0.00      0.00      0.00      0.00         0
20:50:11          2      0.00      0.00      0.00      0.00      0.00         0
20:50:11          3      0.00      0.00      0.00      0.00      0.00         0
20:50:11          4      0.00      0.00      0.00      0.00      0.00         0
20:50:11          5      0.01      0.00      0.00      0.00      0.00         0
20:50:11          6      0.00      0.00      0.00      0.00      0.00         0
20:50:11          7      0.00      0.00      0.00      0.00      0.00         0
21:00:11        all      0.01      0.00      0.00      0.00      0.00         0
21:00:11          0      0.00      0.00      0.00      0.00      0.00         0
21:00:11          1      0.00      0.00      0.00      0.00      0.00         0
21:00:11          2      0.00      0.00      0.00      0.00      0.00         0
21:00:11          3      0.00      0.00      0.00      0.00      0.00         0
21:00:11          4      0.00      0.00      0.00      0.00      0.00         0
21:00:11          5      0.01      0.00      0.00      0.00      0.00         0
21:00:11          6      0.00      0.00      0.00      0.00      0.00         0
21:00:11          7      0.00      0.00      0.00      0.00      0.00         0
21:10:11        all      0.03      0.00      0.00      0.00      0.00         0
21:10:11          0      0.00      0.00      0.00      0.00      0.00         0
21:10:11          1      0.00      0.00      0.00      0.00      0.00         0
21:10:11          2      0.00      0.00      0.00      0.00      0.00         0
21:10:11          3      0.00      0.00      0.00      0.00      0.00         0
21:10:11          4      0.00      0.00      0.00      0.00      0.00         0
21:10:11          5      0.03      0.00      0.00      0.00      0.00         0
21:10:11          6      0.00      0.00      0.00      0.00      0.00         0
21:10:11          7      0.00      0.00      0.00      0.00      0.00         0
21:20:11        all      0.01      0.00      0.00      0.00      0.00         0
21:20:11          0      0.00      0.00      0.00      0.00      0.00         0
21:20:11          1      0.00      0.00      0.00      0.00      0.00         0
21:20:11          2      0.00      0.00      0.00      0.00      0.00         0
21:20:11          3      0.00      0.00      0.00      0.00      0.00         0
21:20:11          4      0.00      0.00      0.00      0.00      0.00         0
21:20:11          5      0.01      0.00      0.00      0.00      0.00         0
21:20:11          6      0.00      0.00      0.00      0.00      0.00         0
21:20:11          7      0.00      0.00      0.00      0.00      0.00         0
21:30:11        all      0.47      0.00      0.00      0.00      0.00         0
21:30:11          0      0.01      0.00      0.00      0.00      0.00         0
21:30:11          1      0.01      0.00      0.00      0.00      0.00         0
21:30:11          2      0.03      0.00      0.00      0.00      0.00         0
21:30:11          3      0.00      0.00      0.00      0.00      0.00         0
21:30:11          4      0.01      0.00      0.00      0.00      0.00         0
21:30:11          5      0.41      0.00      0.00      0.00      0.00         0
21:30:11          6      0.01      0.00      0.00      0.00      0.00         0
21:30:11          7      0.01      0.00      0.00      0.00      0.00         0

21:30:11        CPU   total/s   dropd/s squeezd/s  rx_rps/s flw_lim/s   blg_len
21:40:14        all      0.01      0.00      0.00      0.00      0.00         0
21:40:14          0      0.00      0.00      0.00      0.00      0.00         0
21:40:14          1      0.00      0.00      0.00      0.00      0.00         0
21:40:14          2      0.00      0.00      0.00      0.00      0.00         0
21:40:14          3      0.00      0.00      0.00      0.00      0.00         0
21:40:14          4      0.00      0.00      0.00      0.00      0.00         0
21:40:14          5      0.01      0.00      0.00      0.00      0.00         0
21:40:14          6      0.00      0.00      0.00      0.00      0.00         0
21:40:14          7      0.00      0.00      0.00      0.00      0.00         0
21:50:11        all      0.01      0.00      0.00      0.00      0.00         0
21:50:11          0      0.00      0.00      0.00      0.00      0.00         0
21:50:11          1      0.00      0.00      0.00      0.00      0.00         0
21:50:11          2      0.00      0.00      0.00      0.00      0.00         0
21:50:11          3      0.00      0.00      0.00      0.00      0.00         0
21:50:11          4      0.00      0.00      0.00      0.00      0.00         0
21:50:11          5      0.01      0.00      0.00      0.00      0.00         0
21:50:11          6      0.00      0.00      0.00      0.00      0.00         0
21:50:11          7      0.00      0.00      0.00      0.00      0.00         0
22:00:11        all      0.02      0.00      0.00      0.00      0.00         0
22:00:11          0      0.00      0.00      0.00      0.00      0.00         0
22:00:11          1      0.00      0.00      0.00      0.00      0.00         0
22:00:11          2      0.00      0.00      0.00      0.00      0.00         0
22:00:11          3      0.00      0.00      0.00      0.00      0.00         0
22:00:11          4      0.00      0.00      0.00      0.00      0.00         0
22:00:11          5      0.02      0.00      0.00      0.00      0.00         0
22:00:11          6      0.00      0.00      0.00      0.00      0.00         0
22:00:11          7      0.00      0.00      0.00      0.00      0.00         0
22:10:08        all      0.02      0.00      0.00      0.00      0.00         0
22:10:08          0      0.01      0.00      0.00      0.00      0.00         0
22:10:08          1      0.00      0.00      0.00      0.00      0.00         0
22:10:08          2      0.00      0.00      0.00      0.00      0.00         0
22:10:08          3      0.00      0.00      0.00      0.00      0.00         0
22:10:08          4      0.00      0.00      0.00      0.00      0.00         0
22:10:08          5      0.01      0.00      0.00      0.00      0.00         0
22:10:08          6      0.00      0.00      0.00      0.00      0.00         0
22:10:08          7      0.00      0.00      0.00      0.00      0.00         0
22:20:10        all      0.01      0.00      0.00      0.00      0.00         0
22:20:10          0      0.00      0.00      0.00      0.00      0.00         0
22:20:10          1      0.00      0.00      0.00      0.00      0.00         0
22:20:10          2      0.00      0.00      0.00      0.00      0.00         0
22:20:10          3      0.00      0.00      0.00      0.00      0.00         0
22:20:10          4      0.00      0.00      0.00      0.00      0.00         0
22:20:10          5      0.01      0.00      0.00      0.00      0.00         0
22:20:10          6      0.00      0.00      0.00      0.00      0.00         0
22:20:10          7      0.00      0.00      0.00      0.00      0.00         0
22:30:05        all      0.01      0.00      0.00      0.00      0.00         0
22:30:05          0      0.00      0.00      0.00      0.00      0.00         0
22:30:05          1      0.00      0.00      0.00      0.00      0.00         0
22:30:05          2      0.00      0.00      0.00      0.00      0.00         0
22:30:05          3      0.00      0.00      0.00      0.00      0.00         0
22:30:05          4      0.00      0.00      0.00      0.00      0.00         0
22:30:05          5      0.01      0.00      0.00      0.00      0.00         0
22:30:05          6      0.00      0.00      0.00      0.00      0.00         0
22:30:05          7      0.00      0.00      0.00      0.00      0.00         0
22:40:02        all      0.01      0.00      0.00      0.00      0.00         0
22:40:02          0      0.00      0.00      0.00      0.00      0.00         0
22:40:02          1      0.00      0.00      0.00      0.00      0.00         0
22:40:02          2      0.00      0.00      0.00      0.00      0.00         0
22:40:02          3      0.00      0.00      0.00      0.00      0.00         0
22:40:02          4      0.00      0.00      0.00      0.00      0.00         0
22:40:02          5      0.01      0.00      0.00      0.00      0.00         0
22:40:02          6      0.00      0.00      0.00      0.00      0.00         0
22:40:02          7      0.00      0.00      0.00      0.00      0.00         0
22:50:13        all      0.01      0.00      0.00      0.00      0.00         0
22:50:13          0      0.00      0.00      0.00      0.00      0.00         0
22:50:13          1      0.00      0.00      0.00      0.00      0.00         0
22:50:13          2      0.00      0.00      0.00      0.00      0.00         0
22:50:13          3      0.00      0.00      0.00      0.00      0.00         0
22:50:13          4      0.00      0.00      0.00      0.00      0.00         0
22:50:13          5      0.01      0.00      0.00      0.00      0.00         0
22:50:13          6      0.00      0.00      0.00      0.00      0.00         0
22:50:13          7      0.00      0.00      0.00      0.00      0.00         0
23:00:11        all      0.01      0.00      0.00      0.00      0.00         0
23:00:11          0      0.00      0.00      0.00      0.00      0.00         0
23:00:11          1      0.00      0.00      0.00      0.00      0.00         0
23:00:11          2      0.00      0.00      0.00      0.00      0.00         0
23:00:11          3      0.00      0.00      0.00      0.00      0.00         0
23:00:11          4      0.00      0.00      0.00      0.00      0.00         0
23:00:11          5      0.01      0.00      0.00      0.00      0.00         0
23:00:11          6      0.00      0.00      0.00      0.00      0.00         0
23:00:11          7      0.00      0.00      0.00      0.00      0.00         0
23:10:04        all      0.03      0.00      0.00      0.00      0.00         0
23:10:04          0      0.00      0.00      0.00      0.00      0.00         0
23:10:04          1      0.00      0.00      0.00      0.00      0.00         0
23:10:04          2      0.00      0.00      0.00      0.00      0.00         0
23:10:04          3      0.01      0.00      0.00      0.00      0.00         0
23:10:04          4      0.00      0.00      0.00      0.00      0.00         0
23:10:04          5      0.02      0.00      0.00      0.00      0.00         0
23:10:04          6      0.00      0.00      0.00      0.00      0.00         0
23:10:04          7      0.00      0.00      0.00      0.00      0.00         0
23:20:11        all      0.00      0.00      0.00      0.00      0.00         0
23:20:11          0      0.00      0.00      0.00      0.00      0.00         0
23:20:11          1      0.00      0.00      0.00      0.00      0.00         0
23:20:11          2      0.00      0.00      0.00      0.00      0.00         0
23:20:11          3      0.00      0.00      0.00      0.00      0.00         0
23:20:11          4      0.00      0.00      0.00      0.00      0.00         0
23:20:11          5      0.00      0.00      0.00      0.00      0.00         0
23:20:11          6      0.00      0.00      0.00      0.00      0.00         0
23:20:11          7      0.00      0.00      0.00      0.00      0.00         0

23:20:11        CPU   total/s   dropd/s squeezd/s  rx_rps/s flw_lim/s   blg_len
23:30:11        all      0.02      0.00      0.00      0.00      0.00         0
23:30:11          0      0.00      0.00      0.00      0.00      0.00         0
23:30:11          1      0.00      0.00      0.00      0.00      0.00         0
23:30:11          2      0.00      0.00      0.00      0.00      0.00         0
23:30:11          3      0.00      0.00      0.00      0.00      0.00         0
23:30:11          4      0.00      0.00      0.00      0.00      0.00         0
23:30:11          5      0.02      0.00      0.00      0.00      0.00         0
23:30:11          6      0.00      0.00      0.00      0.00      0.00         0
23:30:11          7      0.00      0.00      0.00      0.00      0.00         0
23:40:00        all      0.01      0.00      0.00      0.00      0.00         0
23:40:00          0      0.00      0.00      0.00      0.00      0.00         0
23:40:00          1      0.00      0.00      0.00      0.00      0.00         0
23:40:00          2      0.00      0.00      0.00      0.00      0.00         0
23:40:00          3      0.00      0.00      0.00      0.00      0.00         0
23:40:00          4      0.00      0.00      0.00      0.00      0.00         0
23:40:00          5      0.01      0.00      0.00      0.00      0.00         0
23:40:00          6      0.00      0.00      0.00      0.00      0.00         0
23:40:00          7      0.00      0.00      0.00      0.00      0.00         0
23:50:02        all      0.01      0.00      0.00      0.00      0.00         0
23:50:02          0      0.00      0.00      0.00      0.00      0.00         0
23:50:02          1      0.00      0.00      0.00      0.00      0.00         0
23:50:02          2      0.00      0.00      0.00      0.00      0.00         0
23:50:02          3      0.00      0.00      0.00      0.00      0.00         0
23:50:02          4      0.00      0.00      0.00      0.00      0.00         0
23:50:02          5      0.01      0.00      0.00      0.00      0.00         0
23:50:02          6      0.00      0.00      0.00      0.00      0.00         0
23:50:02          7      0.00      0.00      0.00      0.00      0.00         0
00:00:11        all      0.01      0.00      0.00      0.00      0.00         0
00:00:11          0      0.00      0.00      0.00      0.00      0.00         0
00:00:11          1      0.00      0.00      0.00      0.00      0.00         0
00:00:11          2      0.00      0.00      0.00      0.00      0.00         0
00:00:11          3      0.00      0.00      0.00      0.00      0.00         0
00:00:11          4      0.00      0.00      0.00      0.00      0.00         0
00:00:11          5      0.01      0.00      0.00      0.00      0.00         0
00:00:11          6      0.00      0.00      0.00      0.00      0.00         0
00:00:11          7      0.00      0.00      0.00      0.00      0.00         0
Average:        all      0.87      0.00      0.00      0.00      0.00         0
Average:          0      0.00      0.00      0.00      0.00      0.00         0
Average:          1      0.00      0.00      0.00      0.00      0.00         0
Average:          2      0.00      0.00      0.00      0.00      0.00         0
Average:          3      0.00      0.00      0.00      0.00      0.00         0
Average:          4      0.00      0.00      0.00      0.00      0.00         0
Average:          5      0.86      0.00      0.00      0.00      0.00         0
Average:          6      0.00      0.00      0.00      0.00      0.00         0
Average:          7      0.00      0.00      0.00      0.00      0.00         0

16:00:00     %scpu-10  %scpu-60 %scpu-300     %scpu
16:10:11         0.00      0.00      0.00      0.11
16:20:11         0.00      0.00      0.00      0.03
16:30:11         0.00      0.00      0.00      0.03
16:40:12         0.00      0.00      0.00      0.03
16:50:11         0.00      0.00      0.00      0.03
17:00:11         0.00      0.00      0.00      0.02
17:10:11         0.00      0.18      0.64      0.90
17:20:08         0.00      2.17      6.52      7.81
17:30:30         0.00      0.00      0.74      0.03
17:40:01         0.00      0.00      0.07      0.02
17:50:11         0.00      0.00      0.00      0.02
18:00:11         0.00      0.00      0.00      0.02
18:10:11         0.00      0.00      0.00      0.02
18:20:18         0.00      0.00      0.00      0.02
18:30:11         0.00      0.00      0.00      0.02
18:40:11         0.00      0.00      0.00      0.02
18:50:10         0.00      0.00      0.00      0.02
19:00:19         0.00      0.00      0.00      0.02
19:10:11         0.00      0.00      0.00      0.02
19:20:04         0.00      0.00      0.00      0.02
19:30:11         0.00      0.00      0.00      0.02
19:40:10         0.00      0.00      0.00      0.02
19:50:06         0.00      0.00      0.00      0.02
20:00:11         0.00      0.00      0.00      0.02
20:10:12         0.00      0.00      0.00      0.02
20:20:11         0.00      0.00      0.00      0.02
20:30:10         0.00      0.00      0.00      0.02
20:40:11         0.00      0.00      0.00      0.02
20:50:11         0.00      0.00      0.00      0.02
21:00:11         0.00      0.00      0.00      0.02
21:10:11         0.00      0.00      0.00      0.02
21:20:11         0.00      0.00      0.00      0.02
21:30:11         0.00      0.00      0.00      0.02
21:40:14         0.00      0.00      0.00      0.02
21:50:11         0.00      0.00      0.00      0.02
22:00:11         0.00      0.00      0.00      0.02
22:10:08         0.00      0.00      0.00      0.02
22:20:10         0.00      0.00      0.00      0.02
22:30:05         0.00      0.00      0.00      0.02
22:40:02         0.00      0.00      0.00      0.02
22:50:13         0.00      0.00      0.00      0.02
23:00:11         0.00      0.00      0.00      0.01
23:10:04         0.00      0.00      0.00      0.02
23:20:11         0.00      0.00      0.00      0.02
23:30:11         0.00      0.00      0.00      0.02
23:40:00         0.00      0.00      0.00      0.02
23:50:02         0.00      0.00      0.00      0.02
00:00:11         0.00      0.00      0.00      0.02
Average:         0.00      0.05      0.17      0.20

16:00:00      %sio-10   %sio-60  %sio-300      %sio   %fio-10   %fio-60  %fio-300      %fio
16:10:11         0.00      0.26      1.04      1.19      0.00      0.26      1.02      1.18
16:20:11         0.00      0.00      0.10      0.01      0.00      0.00      0.10      0.01
16:30:11         0.00      0.00      0.00      0.00      0.00      0.00      0.00      0.00
16:40:12         0.00      0.00      0.00      0.01      0.00      0.00      0.00      0.01
16:50:11         0.00      0.00      0.00      0.01      0.00      0.00      0.00      0.01
17:00:11         0.00      0.00      0.00      0.00      0.00      0.00      0.00      0.00
17:10:11         0.00      0.00      0.21      0.40      0.00      0.00      0.20      0.37
17:20:08         0.00      0.26      0.69      0.92      0.00      0.00      0.02      0.11
17:30:30         0.00      0.00      0.05      0.01      0.00      0.00      0.00      0.01
17:40:01         0.00      0.00      0.00      0.00      0.00      0.00      0.00      0.00
17:50:11         0.00      0.00      0.00      0.00      0.00      0.00      0.00      0.00
18:00:11         0.00      0.00      0.00      0.00      0.00      0.00      0.00      0.00
18:10:11         0.00      0.00      0.00      0.00      0.00      0.00      0.00      0.00
18:20:18         0.00      0.00      0.00      0.00      0.00      0.00      0.00      0.00
18:30:11         0.00      0.00      0.00      0.00      0.00      0.00      0.00      0.00
18:40:11         0.00      0.00      0.00      0.00      0.00      0.00      0.00      0.00
18:50:10         0.00      0.00      0.00      0.00      0.00      0.00      0.00      0.00
19:00:19         0.00      0.00      0.00      0.00      0.00      0.00      0.00      0.00
19:10:11         0.00      0.00      0.00      0.00      0.00      0.00      0.00      0.00
19:20:04         0.00      0.00      0.00      0.00      0.00      0.00      0.00      0.00
19:30:11         0.00      0.00      0.00      0.00      0.00      0.00      0.00      0.00
19:40:10         0.00      0.00      0.00      0.00      0.00      0.00      0.00      0.00
19:50:06         0.00      0.00      0.00      0.00      0.00      0.00      0.00      0.00
20:00:11         0.00      0.00      0.00      0.00      0.00      0.00      0.00      0.00
20:10:12         0.00      0.00      0.00      0.00      0.00      0.00      0.00      0.00
20:20:11         0.00      0.00      0.00      0.00      0.00      0.00      0.00      0.00
20:30:10         0.00      0.00      0.00      0.00      0.00      0.00      0.00      0.00
20:40:11         0.00      0.00      0.00      0.00      0.00      0.00      0.00      0.00
20:50:11         0.00      0.00      0.00      0.00      0.00      0.00      0.00      0.00
21:00:11         0.00      0.00      0.00      0.00      0.00      0.00      0.00      0.00
21:10:11         0.00      0.00      0.00      0.00      0.00      0.00      0.00      0.00
21:20:11         0.00      0.00      0.00      0.00      0.00      0.00      0.00      0.00
21:30:11         0.00      0.00      0.00      0.01      0.00      0.00      0.00      0.01
21:40:14         0.00      0.00      0.00      0.00      0.00      0.00      0.00      0.00
21:50:11         0.00      0.00      0.00      0.00      0.00      0.00      0.00      0.00
22:00:11         0.00      0.00      0.00      0.00      0.00      0.00      0.00      0.00
22:10:08         0.00      0.00      0.00      0.00      0.00      0.00      0.00      0.00
22:20:10         0.00      0.00      0.00      0.00      0.00      0.00      0.00      0.00
22:30:05         0.00      0.00      0.00      0.00      0.00      0.00      0.00      0.00
22:40:02         0.00      0.00      0.00      0.00      0.00      0.00      0.00      0.00
22:50:13         0.00      0.00      0.00      0.00      0.00      0.00      0.00      0.00
23:00:11         0.00      0.00      0.00      0.00      0.00      0.00      0.00      0.00
23:10:04         0.00      0.00      0.00      0.00      0.00      0.00      0.00      0.00
23:20:11         0.00      0.00      0.00      0.00      0.00      0.00      0.00      0.00
23:30:11         0.00      0.00      0.00      0.00      0.00      0.00      0.00      0.00
23:40:00         0.00      0.00      0.00      0.00      0.00      0.00      0.00      0.00
23:50:02         0.00      0.00      0.00      0.00      0.00      0.00      0.00      0.00
00:00:11         0.00      0.00      0.00      0.00      0.00      0.00      0.00      0.00
Average:         0.00      0.01      0.04      0.06      0.00      0.01      0.03      0.04

16:00:00     %smem-10  %smem-60 %smem-300     %smem  %fmem-10  %fmem-60 %fmem-300     %fmem
16:10:11         0.00      0.00      0.00      0.00      0.00      0.00      0.00      0.00
16:20:11         0.00      0.00      0.00      0.00      0.00      0.00      0.00      0.00
16:30:11         0.00      0.00      0.00      0.00      0.00      0.00      0.00      0.00
16:40:12         0.00      0.00      0.00      0.00      0.00      0.00      0.00      0.00
16:50:11         0.00      0.00      0.00      0.00      0.00      0.00      0.00      0.00
17:00:11         0.00      0.00      0.00      0.00      0.00      0.00      0.00      0.00
17:10:11         0.00      0.00      0.00      0.02      0.00      0.00      0.00      0.02
17:20:08         0.00      0.00      0.00      0.02      0.00      0.00      0.00      0.02
17:30:30         0.00      0.00      0.00      0.00      0.00      0.00      0.00      0.00
17:40:01         0.00      0.00      0.00      0.00      0.00      0.00      0.00      0.00
17:50:11         0.00      0.00      0.00      0.00      0.00      0.00      0.00      0.00
18:00:11         0.00      0.00      0.00      0.00      0.00      0.00      0.00      0.00
18:10:11         0.00      0.00      0.00      0.00      0.00      0.00      0.00      0.00
18:20:18         0.00      0.00      0.00      0.00      0.00      0.00      0.00      0.00
18:30:11         0.00      0.00      0.00      0.00      0.00      0.00      0.00      0.00
18:40:11         0.00      0.00      0.00      0.00      0.00      0.00      0.00      0.00
18:50:10         0.00      0.00      0.00      0.00      0.00      0.00      0.00      0.00
19:00:19         0.00      0.00      0.00      0.00      0.00      0.00      0.00      0.00
19:10:11         0.00      0.00      0.00      0.00      0.00      0.00      0.00      0.00
19:20:04         0.00      0.00      0.00      0.00      0.00      0.00      0.00      0.00
19:30:11         0.00      0.00      0.00      0.00      0.00      0.00      0.00      0.00
19:40:10         0.00      0.00      0.00      0.00      0.00      0.00      0.00      0.00
19:50:06         0.00      0.00      0.00      0.00      0.00      0.00      0.00      0.00
20:00:11         0.00      0.00      0.00      0.00      0.00      0.00      0.00      0.00
20:10:12         0.00      0.00      0.00      0.00      0.00      0.00      0.00      0.00
20:20:11         0.00      0.00      0.00      0.00      0.00      0.00      0.00      0.00
20:30:10         0.00      0.00      0.00      0.00      0.00      0.00      0.00      0.00
20:40:11         0.00      0.00      0.00      0.00      0.00      0.00      0.00      0.00
20:50:11         0.00      0.00      0.00      0.00      0.00      0.00      0.00      0.00
21:00:11         0.00      0.00      0.00      0.00      0.00      0.00      0.00      0.00
21:10:11         0.00      0.00      0.00      0.00      0.00      0.00      0.00      0.00
21:20:11         0.00      0.00      0.00      0.00      0.00      0.00      0.00      0.00
21:30:11         0.00      0.00      0.00      0.00      0.00      0.00      0.00      0.00
21:40:14         0.00      0.00      0.00      0.00      0.00      0.00      0.00      0.00
21:50:11         0.00      0.00      0.00      0.00      0.00      0.00      0.00      0.00
22:00:11         0.00      0.00      0.00      0.00      0.00      0.00      0.00      0.00
22:10:08         0.00      0.00      0.00      0.00      0.00      0.00      0.00      0.00
22:20:10         0.00      0.00      0.00      0.00      0.00      0.00      0.00      0.00
22:30:05         0.00      0.00      0.00      0.00      0.00      0.00      0.00      0.00
22:40:02         0.00      0.00      0.00      0.00      0.00      0.00      0.00      0.00
22:50:13         0.00      0.00      0.00      0.00      0.00      0.00      0.00      0.00
23:00:11         0.00      0.00      0.00      0.00      0.00      0.00      0.00      0.00
23:10:04         0.00      0.00      0.00      0.00      0.00      0.00      0.00      0.00
23:20:11         0.00      0.00      0.00      0.00      0.00      0.00      0.00      0.00
23:30:11         0.00      0.00      0.00      0.00      0.00      0.00      0.00      0.00
23:40:00         0.00      0.00      0.00      0.00      0.00      0.00      0.00      0.00
23:50:02         0.00      0.00      0.00      0.00      0.00      0.00      0.00      0.00
00:00:11         0.00      0.00      0.00      0.00      0.00      0.00      0.00      0.00
Average:         0.00      0.00      0.00      0.00      0.00      0.00      0.00      0.00
