2026-04-23 00:42:37 URL:http://ftpmaster.internal/ubuntu/dists/resolute/InRelease [135549/135549] -> "/build/chroot/var/lib/apt/lists/partial/ftpmaster.internal_ubuntu_dists_resolute_InRelease" [1]
gpgv: Signature made Wed Apr 22 23:50:34 2026 UTC
gpgv:                using RSA key F6ECB3762474EDA9D21B7022871920D1991BC93C
gpgv: Good signature from "Ubuntu Archive Automatic Signing Key (2018) <ftpmaster@ubuntu.com>"
2026-04-23 00:42:38 URL:http://ftpmaster.internal/ubuntu/dists/resolute/main/binary-amd64/by-hash/SHA256/5e925190478bc64a368d03394ca4d944c7396a56f4084f6aecac2023458546a4 [1479984/1479984] -> "/build/chroot/var/lib/apt/lists/partial/ftpmaster.internal_ubuntu_dists_resolute_main_binary-amd64_Packages.xz" [1]
2026-04-23 00:42:38 URL:http://ftpmaster.internal/ubuntu/dists/resolute/restricted/binary-amd64/by-hash/SHA256/147c90b597ef6c1d1480f9cfe44f49201e9c2c0a1071f3ebec9e4de51690ccbd [151900/151900] -> "/build/chroot/var/lib/apt/lists/partial/ftpmaster.internal_ubuntu_dists_resolute_restricted_binary-amd64_Packages.xz" [1]
2026-04-23 00:42:39 URL:http://ftpmaster.internal/ubuntu/pool/main/a/adduser/adduser_3.153ubuntu1_all.deb [194420/194420] -> "/build/chroot//var/cache/apt/archives/partial/adduser_3.153ubuntu1_all.deb" [1]
2026-04-23 00:42:39 URL:http://ftpmaster.internal/ubuntu/pool/main/a/apt/apt_3.2.0_amd64.deb [1485978/1485978] -> "/build/chroot//var/cache/apt/archives/partial/apt_3.2.0_amd64.deb" [1]
2026-04-23 00:42:39 URL:http://ftpmaster.internal/ubuntu/pool/main/b/base-files/base-files_14ubuntu6_amd64.deb [75050/75050] -> "/build/chroot//var/cache/apt/archives/partial/base-files_14ubuntu6_amd64.deb" [1]
2026-04-23 00:42:39 URL:http://ftpmaster.internal/ubuntu/pool/main/b/base-passwd/base-passwd_3.6.8_amd64.deb [54908/54908] -> "/build/chroot//var/cache/apt/archives/partial/base-passwd_3.6.8_amd64.deb" [1]
2026-04-23 00:42:39 URL:http://ftpmaster.internal/ubuntu/pool/main/b/bash/bash_5.3-2ubuntu1_amd64.deb [859874/859874] -> "/build/chroot//var/cache/apt/archives/partial/bash_5.3-2ubuntu1_amd64.deb" [1]
2026-04-23 00:42:40 URL:http://ftpmaster.internal/ubuntu/pool/main/u/util-linux/bsdutils_2.41.3-3ubuntu2_amd64.deb [80056/80056] -> "/build/chroot//var/cache/apt/archives/partial/bsdutils_1%3a2.41.3-3ubuntu2_amd64.deb" [1]
2026-04-23 00:42:40 URL:http://ftpmaster.internal/ubuntu/pool/main/c/ca-certificates/ca-certificates_20260223_all.deb [157874/157874] -> "/build/chroot//var/cache/apt/archives/partial/ca-certificates_20260223_all.deb" [1]
2026-04-23 00:42:40 URL:http://ftpmaster.internal/ubuntu/pool/main/c/chrony/chrony_4.8-2ubuntu1_amd64.deb [341784/341784] -> "/build/chroot//var/cache/apt/archives/partial/chrony_4.8-2ubuntu1_amd64.deb" [1]
2026-04-23 00:42:40 URL:http://ftpmaster.internal/ubuntu/pool/main/c/console-setup/console-setup_1.237ubuntu3_all.deb [101478/101478] -> "/build/chroot//var/cache/apt/archives/partial/console-setup_1.237ubuntu3_all.deb" [1]
2026-04-23 00:42:40 URL:http://ftpmaster.internal/ubuntu/pool/main/c/console-setup/console-setup-linux_1.237ubuntu3_all.deb [6205464/6205464] -> "/build/chroot//var/cache/apt/archives/partial/console-setup-linux_1.237ubuntu3_all.deb" [1]
2026-04-23 00:42:40 URL:http://ftpmaster.internal/ubuntu/pool/main/c/coreutils-from/coreutils_9.5-1ubuntu2+0.0.0~ubuntu25_all.deb [3060/3060] -> "/build/chroot//var/cache/apt/archives/partial/coreutils_9.5-1ubuntu2+0.0.0~ubuntu25_all.deb" [1]
2026-04-23 00:42:40 URL:http://ftpmaster.internal/ubuntu/pool/main/c/coreutils-from/coreutils-from-uutils_0.0.0~ubuntu25_all.deb [7124/7124] -> "/build/chroot//var/cache/apt/archives/partial/coreutils-from-uutils_0.0.0~ubuntu25_all.deb" [1]
2026-04-23 00:42:40 URL:http://ftpmaster.internal/ubuntu/pool/main/c/cron/cron_3.0pl1-200ubuntu1_amd64.deb [88556/88556] -> "/build/chroot//var/cache/apt/archives/partial/cron_3.0pl1-200ubuntu1_amd64.deb" [1]
2026-04-23 00:42:40 URL:http://ftpmaster.internal/ubuntu/pool/main/c/cron/cron-daemon-common_3.0pl1-200ubuntu1_all.deb [15748/15748] -> "/build/chroot//var/cache/apt/archives/partial/cron-daemon-common_3.0pl1-200ubuntu1_all.deb" [1]
2026-04-23 00:42:40 URL:http://ftpmaster.internal/ubuntu/pool/main/d/dash/dash_0.5.12-12ubuntu3_amd64.deb [96008/96008] -> "/build/chroot//var/cache/apt/archives/partial/dash_0.5.12-12ubuntu3_amd64.deb" [1]
2026-04-23 00:42:40 URL:http://ftpmaster.internal/ubuntu/pool/main/d/dbus/dbus_1.16.2-2ubuntu4_amd64.deb [24152/24152] -> "/build/chroot//var/cache/apt/archives/partial/dbus_1.16.2-2ubuntu4_amd64.deb" [1]
2026-04-23 00:42:40 URL:http://ftpmaster.internal/ubuntu/pool/main/d/dbus/dbus-bin_1.16.2-2ubuntu4_amd64.deb [40052/40052] -> "/build/chroot//var/cache/apt/archives/partial/dbus-bin_1.16.2-2ubuntu4_amd64.deb" [1]
2026-04-23 00:42:40 URL:http://ftpmaster.internal/ubuntu/pool/main/d/dbus/dbus-daemon_1.16.2-2ubuntu4_amd64.deb [118996/118996] -> "/build/chroot//var/cache/apt/archives/partial/dbus-daemon_1.16.2-2ubuntu4_amd64.deb" [1]
2026-04-23 00:42:40 URL:http://ftpmaster.internal/ubuntu/pool/main/d/dbus/dbus-session-bus-common_1.16.2-2ubuntu4_all.deb [54462/54462] -> "/build/chroot//var/cache/apt/archives/partial/dbus-session-bus-common_1.16.2-2ubuntu4_all.deb" [1]
2026-04-23 00:42:40 URL:http://ftpmaster.internal/ubuntu/pool/main/d/dbus/dbus-system-bus-common_1.16.2-2ubuntu4_all.deb [55898/55898] -> "/build/chroot//var/cache/apt/archives/partial/dbus-system-bus-common_1.16.2-2ubuntu4_all.deb" [1]
2026-04-23 00:42:40 URL:http://ftpmaster.internal/ubuntu/pool/main/d/dbus/dbus-user-session_1.16.2-2ubuntu4_amd64.deb [9682/9682] -> "/build/chroot//var/cache/apt/archives/partial/dbus-user-session_1.16.2-2ubuntu4_amd64.deb" [1]
2026-04-23 00:42:40 URL:http://ftpmaster.internal/ubuntu/pool/main/d/debconf/debconf_1.5.92_all.deb [127278/127278] -> "/build/chroot//var/cache/apt/archives/partial/debconf_1.5.92_all.deb" [1]
2026-04-23 00:42:40 URL:http://ftpmaster.internal/ubuntu/pool/main/d/debconf/debconf-i18n_1.5.92_all.deb [226742/226742] -> "/build/chroot//var/cache/apt/archives/partial/debconf-i18n_1.5.92_all.deb" [1]
2026-04-23 00:42:40 URL:http://ftpmaster.internal/ubuntu/pool/main/d/debianutils/debianutils_5.23.2build1_amd64.deb [93254/93254] -> "/build/chroot//var/cache/apt/archives/partial/debianutils_5.23.2build1_amd64.deb" [1]
2026-04-23 00:42:41 URL:http://ftpmaster.internal/ubuntu/pool/main/d/dhcpcd/dhcpcd-base_10.3.0-7_amd64.deb [227896/227896] -> "/build/chroot//var/cache/apt/archives/partial/dhcpcd-base_1%3a10.3.0-7_amd64.deb" [1]
2026-04-23 00:42:41 URL:http://ftpmaster.internal/ubuntu/pool/main/d/diffutils/diffutils_3.12-1_amd64.deb [175934/175934] -> "/build/chroot//var/cache/apt/archives/partial/diffutils_1%3a3.12-1_amd64.deb" [1]
2026-04-23 00:42:41 URL:http://ftpmaster.internal/ubuntu/pool/main/d/distro-info/distro-info_1.15_amd64.deb [20232/20232] -> "/build/chroot//var/cache/apt/archives/partial/distro-info_1.15_amd64.deb" [1]
2026-04-23 00:42:41 URL:http://ftpmaster.internal/ubuntu/pool/main/d/distro-info-data/distro-info-data_0.68build1_all.deb [7468/7468] -> "/build/chroot//var/cache/apt/archives/partial/distro-info-data_0.68build1_all.deb" [1]
2026-04-23 00:42:41 URL:http://ftpmaster.internal/ubuntu/pool/main/l/lvm2/dmsetup_1.02.205-2ubuntu3_amd64.deb [79372/79372] -> "/build/chroot//var/cache/apt/archives/partial/dmsetup_2%3a1.02.205-2ubuntu3_amd64.deb" [1]
2026-04-23 00:42:41 URL:http://ftpmaster.internal/ubuntu/pool/main/d/dpkg/dpkg_1.23.7ubuntu1_amd64.deb [1284540/1284540] -> "/build/chroot//var/cache/apt/archives/partial/dpkg_1.23.7ubuntu1_amd64.deb" [1]
2026-04-23 00:42:41 URL:http://ftpmaster.internal/ubuntu/pool/main/e/e2fsprogs/e2fsprogs_1.47.2-3ubuntu4_amd64.deb [613002/613002] -> "/build/chroot//var/cache/apt/archives/partial/e2fsprogs_1.47.2-3ubuntu4_amd64.deb" [1]
2026-04-23 00:42:41 URL:http://ftpmaster.internal/ubuntu/pool/main/u/util-linux/eject_2.41.3-3ubuntu2_amd64.deb [39606/39606] -> "/build/chroot//var/cache/apt/archives/partial/eject_2.41.3-3ubuntu2_amd64.deb" [1]
2026-04-23 00:42:41 URL:http://ftpmaster.internal/ubuntu/pool/main/e/ethtool/ethtool_6.19-1_amd64.deb [322774/322774] -> "/build/chroot//var/cache/apt/archives/partial/ethtool_1%3a6.19-1_amd64.deb" [1]
2026-04-23 00:42:41 URL:http://ftpmaster.internal/ubuntu/pool/main/f/findutils/findutils_4.10.0-3build2_amd64.deb [307422/307422] -> "/build/chroot//var/cache/apt/archives/partial/findutils_4.10.0-3build2_amd64.deb" [1]
2026-04-23 00:42:41 URL:http://ftpmaster.internal/ubuntu/pool/main/g/gcc-16/gcc-16-base_16-20260322-1ubuntu1_amd64.deb [38296/38296] -> "/build/chroot//var/cache/apt/archives/partial/gcc-16-base_16-20260322-1ubuntu1_amd64.deb" [1]
2026-04-23 00:42:41 URL:http://ftpmaster.internal/ubuntu/pool/main/g/glib2.0/gir1.2-girepository-3.0_2.88.0-1_amd64.deb [25132/25132] -> "/build/chroot//var/cache/apt/archives/partial/gir1.2-girepository-3.0_2.88.0-1_amd64.deb" [1]
2026-04-23 00:42:41 URL:http://ftpmaster.internal/ubuntu/pool/main/g/glib2.0/gir1.2-glib-2.0_2.88.0-1_amd64.deb [182516/182516] -> "/build/chroot//var/cache/apt/archives/partial/gir1.2-glib-2.0_2.88.0-1_amd64.deb" [1]
2026-04-23 00:42:41 URL:http://ftpmaster.internal/ubuntu/pool/main/c/coreutils/gnu-coreutils_9.7-3ubuntu2_amd64.deb [1339676/1339676] -> "/build/chroot//var/cache/apt/archives/partial/gnu-coreutils_9.7-3ubuntu2_amd64.deb" [1]
2026-04-23 00:42:41 URL:http://ftpmaster.internal/ubuntu/pool/main/g/gnupg2/gpgv_2.4.8-4ubuntu3_amd64.deb [159866/159866] -> "/build/chroot//var/cache/apt/archives/partial/gpgv_2.4.8-4ubuntu3_amd64.deb" [1]
2026-04-23 00:42:41 URL:http://ftpmaster.internal/ubuntu/pool/main/g/grep/grep_3.12-1_amd64.deb [167746/167746] -> "/build/chroot//var/cache/apt/archives/partial/grep_3.12-1_amd64.deb" [1]
2026-04-23 00:42:41 URL:http://ftpmaster.internal/ubuntu/pool/main/g/gzip/gzip_1.14-1~exp2ubuntu1_amd64.deb [106930/106930] -> "/build/chroot//var/cache/apt/archives/partial/gzip_1.14-1~exp2ubuntu1_amd64.deb" [1]
2026-04-23 00:42:41 URL:http://ftpmaster.internal/ubuntu/pool/main/h/hostname/hostname_3.25build1_amd64.deb [11168/11168] -> "/build/chroot//var/cache/apt/archives/partial/hostname_3.25build1_amd64.deb" [1]
2026-04-23 00:42:42 URL:http://ftpmaster.internal/ubuntu/pool/main/i/init-system-helpers/init_1.69_amd64.deb [6412/6412] -> "/build/chroot//var/cache/apt/archives/partial/init_1.69_amd64.deb" [1]
2026-04-23 00:42:42 URL:http://ftpmaster.internal/ubuntu/pool/main/i/init-system-helpers/init-system-helpers_1.69_all.deb [39536/39536] -> "/build/chroot//var/cache/apt/archives/partial/init-system-helpers_1.69_all.deb" [1]
2026-04-23 00:42:42 URL:http://ftpmaster.internal/ubuntu/pool/main/i/iproute2/iproute2_6.19.0-1ubuntu1_amd64.deb [1197776/1197776] -> "/build/chroot//var/cache/apt/archives/partial/iproute2_6.19.0-1ubuntu1_amd64.deb" [1]
2026-04-23 00:42:42 URL:http://ftpmaster.internal/ubuntu/pool/main/i/iputils/iputils-ping_20250605-1ubuntu1_amd64.deb [47078/47078] -> "/build/chroot//var/cache/apt/archives/partial/iputils-ping_3%3a20250605-1ubuntu1_amd64.deb" [1]
2026-04-23 00:42:42 URL:http://ftpmaster.internal/ubuntu/pool/main/i/iso-codes/iso-codes_4.20.1-1_all.deb [3898972/3898972] -> "/build/chroot//var/cache/apt/archives/partial/iso-codes_4.20.1-1_all.deb" [1]
2026-04-23 00:42:42 URL:http://ftpmaster.internal/ubuntu/pool/main/k/kbd/kbd_2.7.1-2ubuntu2_amd64.deb [238014/238014] -> "/build/chroot//var/cache/apt/archives/partial/kbd_2.7.1-2ubuntu2_amd64.deb" [1]
2026-04-23 00:42:42 URL:http://ftpmaster.internal/ubuntu/pool/main/c/console-setup/keyboard-configuration_1.237ubuntu3_all.deb [216630/216630] -> "/build/chroot//var/cache/apt/archives/partial/keyboard-configuration_1.237ubuntu3_all.deb" [1]
2026-04-23 00:42:42 URL:http://ftpmaster.internal/ubuntu/pool/main/k/kmod/kmod_34.2-2ubuntu2_amd64.deb [100832/100832] -> "/build/chroot//var/cache/apt/archives/partial/kmod_34.2-2ubuntu2_amd64.deb" [1]
2026-04-23 00:42:42 URL:http://ftpmaster.internal/ubuntu/pool/main/k/krb5/krb5-locales_1.22.1-2ubuntu4_all.deb [13380/13380] -> "/build/chroot//var/cache/apt/archives/partial/krb5-locales_1.22.1-2ubuntu4_all.deb" [1]
2026-04-23 00:42:42 URL:http://ftpmaster.internal/ubuntu/pool/main/l/less/less_668-1build1_amd64.deb [171848/171848] -> "/build/chroot//var/cache/apt/archives/partial/less_668-1build1_amd64.deb" [1]
2026-04-23 00:42:42 URL:http://ftpmaster.internal/ubuntu/pool/main/a/acl/libacl1_2.3.2-2_amd64.deb [16752/16752] -> "/build/chroot//var/cache/apt/archives/partial/libacl1_2.3.2-2_amd64.deb" [1]
2026-04-23 00:42:42 URL:http://ftpmaster.internal/ubuntu/pool/main/a/apparmor/libapparmor1_5.0.0~beta1-0ubuntu7_amd64.deb [50522/50522] -> "/build/chroot//var/cache/apt/archives/partial/libapparmor1_5.0.0~beta1-0ubuntu7_amd64.deb" [1]
2026-04-23 00:42:43 URL:http://ftpmaster.internal/ubuntu/pool/main/a/apt/libapt-pkg7.0_3.2.0_amd64.deb [1138300/1138300] -> "/build/chroot//var/cache/apt/archives/partial/libapt-pkg7.0_3.2.0_amd64.deb" [1]
2026-04-23 00:42:43 URL:http://ftpmaster.internal/ubuntu/pool/main/g/gcc-16/libatomic1_16-20260322-1ubuntu1_amd64.deb [11396/11396] -> "/build/chroot//var/cache/apt/archives/partial/libatomic1_16-20260322-1ubuntu1_amd64.deb" [1]
2026-04-23 00:42:43 URL:http://ftpmaster.internal/ubuntu/pool/main/a/attr/libattr1_2.5.2-4_amd64.deb [11606/11606] -> "/build/chroot//var/cache/apt/archives/partial/libattr1_1%3a2.5.2-4_amd64.deb" [1]
2026-04-23 00:42:43 URL:http://ftpmaster.internal/ubuntu/pool/main/a/audit/libaudit-common_4.1.2-1build1_all.deb [4804/4804] -> "/build/chroot//var/cache/apt/archives/partial/libaudit-common_1%3a4.1.2-1build1_all.deb" [1]
2026-04-23 00:42:43 URL:http://ftpmaster.internal/ubuntu/pool/main/a/audit/libaudit1_4.1.2-1build1_amd64.deb [54958/54958] -> "/build/chroot//var/cache/apt/archives/partial/libaudit1_1%3a4.1.2-1build1_amd64.deb" [1]
2026-04-23 00:42:43 URL:http://ftpmaster.internal/ubuntu/pool/main/u/util-linux/libblkid1_2.41.3-3ubuntu2_amd64.deb [125042/125042] -> "/build/chroot//var/cache/apt/archives/partial/libblkid1_2.41.3-3ubuntu2_amd64.deb" [1]
2026-04-23 00:42:43 URL:http://ftpmaster.internal/ubuntu/pool/main/libb/libbpf/libbpf1_1.6.3-1ubuntu1_amd64.deb [184746/184746] -> "/build/chroot//var/cache/apt/archives/partial/libbpf1_1%3a1.6.3-1ubuntu1_amd64.deb" [1]
2026-04-23 00:42:43 URL:http://ftpmaster.internal/ubuntu/pool/main/libb/libbsd/libbsd0_0.12.2-2build2_amd64.deb [42312/42312] -> "/build/chroot//var/cache/apt/archives/partial/libbsd0_0.12.2-2build2_amd64.deb" [1]
2026-04-23 00:42:43 URL:http://ftpmaster.internal/ubuntu/pool/main/b/bzip2/libbz2-1.0_1.0.8-6build2_amd64.deb [37024/37024] -> "/build/chroot//var/cache/apt/archives/partial/libbz2-1.0_1.0.8-6build2_amd64.deb" [1]
2026-04-23 00:42:43 URL:http://ftpmaster.internal/ubuntu/pool/main/g/glibc/libc-bin_2.43-2ubuntu2_amd64.deb [700930/700930] -> "/build/chroot//var/cache/apt/archives/partial/libc-bin_2.43-2ubuntu2_amd64.deb" [1]
2026-04-23 00:42:43 URL:http://ftpmaster.internal/ubuntu/pool/main/g/glibc/libc-gconv-modules-extra_2.43-2ubuntu2_amd64.deb [1360770/1360770] -> "/build/chroot//var/cache/apt/archives/partial/libc-gconv-modules-extra_2.43-2ubuntu2_amd64.deb" [1]
2026-04-23 00:42:43 URL:http://ftpmaster.internal/ubuntu/pool/main/g/glibc/libc6_2.43-2ubuntu2_amd64.deb [2103270/2103270] -> "/build/chroot//var/cache/apt/archives/partial/libc6_2.43-2ubuntu2_amd64.deb" [1]
2026-04-23 00:42:43 URL:http://ftpmaster.internal/ubuntu/pool/main/libc/libcap-ng/libcap-ng0_0.8.5-4build5_amd64.deb [14366/14366] -> "/build/chroot//var/cache/apt/archives/partial/libcap-ng0_0.8.5-4build5_amd64.deb" [1]
2026-04-23 00:42:43 URL:http://ftpmaster.internal/ubuntu/pool/main/libc/libcap2/libcap2_2.75-10ubuntu2_amd64.deb [29264/29264] -> "/build/chroot//var/cache/apt/archives/partial/libcap2_1%3a2.75-10ubuntu2_amd64.deb" [1]
2026-04-23 00:42:43 URL:http://ftpmaster.internal/ubuntu/pool/main/libc/libcap2/libcap2-bin_2.75-10ubuntu2_amd64.deb [33524/33524] -> "/build/chroot//var/cache/apt/archives/partial/libcap2-bin_1%3a2.75-10ubuntu2_amd64.deb" [1]
2026-04-23 00:42:43 URL:http://ftpmaster.internal/ubuntu/pool/main/e/e2fsprogs/libcom-err2_1.47.2-3ubuntu4_amd64.deb [27824/27824] -> "/build/chroot//var/cache/apt/archives/partial/libcom-err2_1.47.2-3ubuntu4_amd64.deb" [1]
2026-04-23 00:42:43 URL:http://ftpmaster.internal/ubuntu/pool/main/libx/libxcrypt/libcrypt1_4.5.1-1_amd64.deb [90730/90730] -> "/build/chroot//var/cache/apt/archives/partial/libcrypt1_1%3a4.5.1-1_amd64.deb" [1]
2026-04-23 00:42:43 URL:http://ftpmaster.internal/ubuntu/pool/main/c/cryptsetup/libcryptsetup12_2.8.4-1ubuntu4_amd64.deb [270892/270892] -> "/build/chroot//var/cache/apt/archives/partial/libcryptsetup12_2%3a2.8.4-1ubuntu4_amd64.deb" [1]
2026-04-23 00:42:44 URL:http://ftpmaster.internal/ubuntu/pool/main/d/db5.3/libdb5.3t64_5.3.28+dfsg2-10ubuntu1_amd64.deb [762574/762574] -> "/build/chroot//var/cache/apt/archives/partial/libdb5.3t64_5.3.28+dfsg2-10ubuntu1_amd64.deb" [1]
2026-04-23 00:42:44 URL:http://ftpmaster.internal/ubuntu/pool/main/d/dbus/libdbus-1-3_1.16.2-2ubuntu4_amd64.deb [186306/186306] -> "/build/chroot//var/cache/apt/archives/partial/libdbus-1-3_1.16.2-2ubuntu4_amd64.deb" [1]
2026-04-23 00:42:44 URL:http://ftpmaster.internal/ubuntu/pool/main/c/cdebconf/libdebconfclient0_0.280ubuntu1_amd64.deb [12384/12384] -> "/build/chroot//var/cache/apt/archives/partial/libdebconfclient0_0.280ubuntu1_amd64.deb" [1]
2026-04-23 00:42:44 URL:http://ftpmaster.internal/ubuntu/pool/main/l/lvm2/libdevmapper1.02.1_1.02.205-2ubuntu3_amd64.deb [142030/142030] -> "/build/chroot//var/cache/apt/archives/partial/libdevmapper1.02.1_2%3a1.02.205-2ubuntu3_amd64.deb" [1]
2026-04-23 00:42:44 URL:http://ftpmaster.internal/ubuntu/pool/main/libe/libedit/libedit2_3.1-20251016-1_amd64.deb [96920/96920] -> "/build/chroot//var/cache/apt/archives/partial/libedit2_3.1-20251016-1_amd64.deb" [1]
2026-04-23 00:42:44 URL:http://ftpmaster.internal/ubuntu/pool/main/e/elfutils/libelf1t64_0.194-4_amd64.deb [57140/57140] -> "/build/chroot//var/cache/apt/archives/partial/libelf1t64_0.194-4_amd64.deb" [1]
2026-04-23 00:42:44 URL:http://ftpmaster.internal/ubuntu/pool/main/libe/libestr/libestr0_0.1.11-2build1_amd64.deb [8242/8242] -> "/build/chroot//var/cache/apt/archives/partial/libestr0_0.1.11-2build1_amd64.deb" [1]
2026-04-23 00:42:44 URL:http://ftpmaster.internal/ubuntu/pool/main/e/expat/libexpat1_2.7.4-1_amd64.deb [93950/93950] -> "/build/chroot//var/cache/apt/archives/partial/libexpat1_2.7.4-1_amd64.deb" [1]
2026-04-23 00:42:44 URL:http://ftpmaster.internal/ubuntu/pool/main/e/e2fsprogs/libext2fs2t64_1.47.2-3ubuntu4_amd64.deb [229694/229694] -> "/build/chroot//var/cache/apt/archives/partial/libext2fs2t64_1.47.2-3ubuntu4_amd64.deb" [1]
2026-04-23 00:42:44 URL:http://ftpmaster.internal/ubuntu/pool/main/libf/libfastjson/libfastjson4_1.2304.0-2build1_amd64.deb [23538/23538] -> "/build/chroot//var/cache/apt/archives/partial/libfastjson4_1.2304.0-2build1_amd64.deb" [1]
2026-04-23 00:42:44 URL:http://ftpmaster.internal/ubuntu/pool/main/libf/libffi/libffi8_3.5.2-4_amd64.deb [26348/26348] -> "/build/chroot//var/cache/apt/archives/partial/libffi8_3.5.2-4_amd64.deb" [1]
2026-04-23 00:42:44 URL:http://ftpmaster.internal/ubuntu/pool/main/f/fribidi/libfribidi0_1.0.16-5_amd64.deb [26594/26594] -> "/build/chroot//var/cache/apt/archives/partial/libfribidi0_1.0.16-5_amd64.deb" [1]
2026-04-23 00:42:44 URL:http://ftpmaster.internal/ubuntu/pool/main/g/gcc-16/libgcc-s1_16-20260322-1ubuntu1_amd64.deb [80312/80312] -> "/build/chroot//var/cache/apt/archives/partial/libgcc-s1_16-20260322-1ubuntu1_amd64.deb" [1]
2026-04-23 00:42:44 URL:http://ftpmaster.internal/ubuntu/pool/main/libg/libgcrypt20/libgcrypt20_1.12.0-2_amd64.deb [673656/673656] -> "/build/chroot//var/cache/apt/archives/partial/libgcrypt20_1.12.0-2_amd64.deb" [1]
2026-04-23 00:42:44 URL:http://ftpmaster.internal/ubuntu/pool/main/g/glib2.0/libgirepository-2.0-0_2.88.0-1_amd64.deb [76106/76106] -> "/build/chroot//var/cache/apt/archives/partial/libgirepository-2.0-0_2.88.0-1_amd64.deb" [1]
2026-04-23 00:42:44 URL:http://ftpmaster.internal/ubuntu/pool/main/g/glib2.0/libglib2.0-0t64_2.88.0-1_amd64.deb [1596744/1596744] -> "/build/chroot//var/cache/apt/archives/partial/libglib2.0-0t64_2.88.0-1_amd64.deb" [1]
2026-04-23 00:42:44 URL:http://ftpmaster.internal/ubuntu/pool/main/g/glib2.0/libglib2.0-data_2.88.0-1_all.deb [37776/37776] -> "/build/chroot//var/cache/apt/archives/partial/libglib2.0-data_2.88.0-1_all.deb" [1]
2026-04-23 00:42:45 URL:http://ftpmaster.internal/ubuntu/pool/main/g/gmp/libgmp10_6.3.0+dfsg-5ubuntu2_amd64.deb [256686/256686] -> "/build/chroot//var/cache/apt/archives/partial/libgmp10_2%3a6.3.0+dfsg-5ubuntu2_amd64.deb" [1]
2026-04-23 00:42:45 URL:http://ftpmaster.internal/ubuntu/pool/main/g/gnutls28/libgnutls30t64_3.8.12-2ubuntu1_amd64.deb [1033460/1033460] -> "/build/chroot//var/cache/apt/archives/partial/libgnutls30t64_3.8.12-2ubuntu1_amd64.deb" [1]
2026-04-23 00:42:45 URL:http://ftpmaster.internal/ubuntu/pool/main/libg/libgpg-error/libgpg-error-l10n_1.58-2_all.deb [9244/9244] -> "/build/chroot//var/cache/apt/archives/partial/libgpg-error-l10n_1.58-2_all.deb" [1]
2026-04-23 00:42:45 URL:http://ftpmaster.internal/ubuntu/pool/main/libg/libgpg-error/libgpg-error0_1.58-2_amd64.deb [83308/83308] -> "/build/chroot//var/cache/apt/archives/partial/libgpg-error0_1.58-2_amd64.deb" [1]
2026-04-23 00:42:45 URL:http://ftpmaster.internal/ubuntu/pool/main/k/krb5/libgssapi-krb5-2_1.22.1-2ubuntu4_amd64.deb [147034/147034] -> "/build/chroot//var/cache/apt/archives/partial/libgssapi-krb5-2_1.22.1-2ubuntu4_amd64.deb" [1]
2026-04-23 00:42:45 URL:http://ftpmaster.internal/ubuntu/pool/main/n/nettle/libhogweed6t64_3.10.2-1_amd64.deb [200902/200902] -> "/build/chroot//var/cache/apt/archives/partial/libhogweed6t64_3.10.2-1_amd64.deb" [1]
2026-04-23 00:42:45 URL:http://ftpmaster.internal/ubuntu/pool/main/libi/libidn2/libidn2-0_2.3.8-4build1_amd64.deb [67564/67564] -> "/build/chroot//var/cache/apt/archives/partial/libidn2-0_2.3.8-4build1_amd64.deb" [1]
2026-04-23 00:42:45 URL:http://ftpmaster.internal/ubuntu/pool/main/j/json-c/libjson-c5_0.18+ds-3_amd64.deb [35930/35930] -> "/build/chroot//var/cache/apt/archives/partial/libjson-c5_0.18+ds-3_amd64.deb" [1]
2026-04-23 00:42:45 URL:http://ftpmaster.internal/ubuntu/pool/main/k/krb5/libk5crypto3_1.22.1-2ubuntu4_amd64.deb [82028/82028] -> "/build/chroot//var/cache/apt/archives/partial/libk5crypto3_1.22.1-2ubuntu4_amd64.deb" [1]
2026-04-23 00:42:45 URL:http://ftpmaster.internal/ubuntu/pool/main/k/keyutils/libkeyutils1_1.6.3-6ubuntu3_amd64.deb [10634/10634] -> "/build/chroot//var/cache/apt/archives/partial/libkeyutils1_1.6.3-6ubuntu3_amd64.deb" [1]
2026-04-23 00:42:45 URL:http://ftpmaster.internal/ubuntu/pool/main/k/kmod/libkmod2_34.2-2ubuntu2_amd64.deb [50890/50890] -> "/build/chroot//var/cache/apt/archives/partial/libkmod2_34.2-2ubuntu2_amd64.deb" [1]
2026-04-23 00:42:45 URL:http://ftpmaster.internal/ubuntu/pool/main/k/krb5/libkrb5-3_1.22.1-2ubuntu4_amd64.deb [360752/360752] -> "/build/chroot//var/cache/apt/archives/partial/libkrb5-3_1.22.1-2ubuntu4_amd64.deb" [1]
2026-04-23 00:42:45 URL:http://ftpmaster.internal/ubuntu/pool/main/k/krb5/libkrb5support0_1.22.1-2ubuntu4_amd64.deb [33284/33284] -> "/build/chroot//var/cache/apt/archives/partial/libkrb5support0_1.22.1-2ubuntu4_amd64.deb" [1]
2026-04-23 00:42:45 URL:http://ftpmaster.internal/ubuntu/pool/main/libl/liblocale-gettext-perl/liblocale-gettext-perl_1.07-8_amd64.deb [15846/15846] -> "/build/chroot//var/cache/apt/archives/partial/liblocale-gettext-perl_1.07-8_amd64.deb" [1]
2026-04-23 00:42:45 URL:http://ftpmaster.internal/ubuntu/pool/main/l/lz4/liblz4-1_1.10.0-8_amd64.deb [73784/73784] -> "/build/chroot//var/cache/apt/archives/partial/liblz4-1_1.10.0-8_amd64.deb" [1]
2026-04-23 00:42:45 URL:http://ftpmaster.internal/ubuntu/pool/main/x/xz-utils/liblzma5_5.8.3-1_amd64.deb [145410/145410] -> "/build/chroot//var/cache/apt/archives/partial/liblzma5_5.8.3-1_amd64.deb" [1]
2026-04-23 00:42:45 URL:http://ftpmaster.internal/ubuntu/pool/main/libm/libmd/libmd0_1.1.0-2build4_amd64.deb [27252/27252] -> "/build/chroot//var/cache/apt/archives/partial/libmd0_1.1.0-2build4_amd64.deb" [1]
2026-04-23 00:42:45 URL:http://ftpmaster.internal/ubuntu/pool/main/libm/libmnl/libmnl0_1.0.5-3build1_amd64.deb [12560/12560] -> "/build/chroot//var/cache/apt/archives/partial/libmnl0_1.0.5-3build1_amd64.deb" [1]
2026-04-23 00:42:45 URL:http://ftpmaster.internal/ubuntu/pool/main/u/util-linux/libmount1_2.41.3-3ubuntu2_amd64.deb [158044/158044] -> "/build/chroot//var/cache/apt/archives/partial/libmount1_2.41.3-3ubuntu2_amd64.deb" [1]
2026-04-23 00:42:45 URL:http://ftpmaster.internal/ubuntu/pool/main/n/ncurses/libncursesw6_6.6+20251231-1_amd64.deb [150390/150390] -> "/build/chroot//var/cache/apt/archives/partial/libncursesw6_6.6+20251231-1_amd64.deb" [1]
2026-04-23 00:42:45 URL:http://ftpmaster.internal/ubuntu/pool/main/n/netplan.io/libnetplan1_1.2-1ubuntu5_amd64.deb [132130/132130] -> "/build/chroot//var/cache/apt/archives/partial/libnetplan1_1.2-1ubuntu5_amd64.deb" [1]
2026-04-23 00:42:46 URL:http://ftpmaster.internal/ubuntu/pool/main/n/nettle/libnettle8t64_3.10.2-1_amd64.deb [185378/185378] -> "/build/chroot//var/cache/apt/archives/partial/libnettle8t64_3.10.2-1_amd64.deb" [1]
2026-04-23 00:42:46 URL:http://ftpmaster.internal/ubuntu/pool/main/n/newt/libnewt0.52_0.52.25-1ubuntu3_amd64.deb [47588/47588] -> "/build/chroot//var/cache/apt/archives/partial/libnewt0.52_0.52.25-1ubuntu3_amd64.deb" [1]
2026-04-23 00:42:46 URL:http://ftpmaster.internal/ubuntu/pool/main/s/systemd/libnss-systemd_259.5-0ubuntu3_amd64.deb [225644/225644] -> "/build/chroot//var/cache/apt/archives/partial/libnss-systemd_259.5-0ubuntu3_amd64.deb" [1]
2026-04-23 00:42:46 URL:http://ftpmaster.internal/ubuntu/pool/main/p/p11-kit/libp11-kit0_0.26.2-2_amd64.deb [312508/312508] -> "/build/chroot//var/cache/apt/archives/partial/libp11-kit0_0.26.2-2_amd64.deb" [1]
2026-04-23 00:42:46 URL:http://ftpmaster.internal/ubuntu/pool/main/libc/libcap2/libpam-cap_2.75-10ubuntu2_amd64.deb [12714/12714] -> "/build/chroot//var/cache/apt/archives/partial/libpam-cap_1%3a2.75-10ubuntu2_amd64.deb" [1]
2026-04-23 00:42:46 URL:http://ftpmaster.internal/ubuntu/pool/main/p/pam/libpam-modules_1.7.0-5ubuntu3_amd64.deb [192834/192834] -> "/build/chroot//var/cache/apt/archives/partial/libpam-modules_1.7.0-5ubuntu3_amd64.deb" [1]
2026-04-23 00:42:46 URL:http://ftpmaster.internal/ubuntu/pool/main/p/pam/libpam-modules-bin_1.7.0-5ubuntu3_amd64.deb [45626/45626] -> "/build/chroot//var/cache/apt/archives/partial/libpam-modules-bin_1.7.0-5ubuntu3_amd64.deb" [1]
2026-04-23 00:42:46 URL:http://ftpmaster.internal/ubuntu/pool/main/p/pam/libpam-runtime_1.7.0-5ubuntu3_all.deb [148548/148548] -> "/build/chroot//var/cache/apt/archives/partial/libpam-runtime_1.7.0-5ubuntu3_all.deb" [1]
2026-04-23 00:42:46 URL:http://ftpmaster.internal/ubuntu/pool/main/s/systemd/libpam-systemd_259.5-0ubuntu3_amd64.deb [273592/273592] -> "/build/chroot//var/cache/apt/archives/partial/libpam-systemd_259.5-0ubuntu3_amd64.deb" [1]
2026-04-23 00:42:46 URL:http://ftpmaster.internal/ubuntu/pool/main/p/pam/libpam0g_1.7.0-5ubuntu3_amd64.deb [69908/69908] -> "/build/chroot//var/cache/apt/archives/partial/libpam0g_1.7.0-5ubuntu3_amd64.deb" [1]
2026-04-23 00:42:46 URL:http://ftpmaster.internal/ubuntu/pool/main/p/pcre2/libpcre2-8-0_10.46-1build1_amd64.deb [256534/256534] -> "/build/chroot//var/cache/apt/archives/partial/libpcre2-8-0_10.46-1build1_amd64.deb" [1]
2026-04-23 00:42:46 URL:http://ftpmaster.internal/ubuntu/pool/main/p/popt/libpopt0_1.19+dfsg-2build1_amd64.deb [29376/29376] -> "/build/chroot//var/cache/apt/archives/partial/libpopt0_1.19+dfsg-2build1_amd64.deb" [1]
2026-04-23 00:42:46 URL:http://ftpmaster.internal/ubuntu/pool/main/p/procps/libproc2-0_4.0.4-9ubuntu1_amd64.deb [59412/59412] -> "/build/chroot//var/cache/apt/archives/partial/libproc2-0_2%3a4.0.4-9ubuntu1_amd64.deb" [1]
2026-04-23 00:42:46 URL:http://ftpmaster.internal/ubuntu/pool/main/p/python3-defaults/libpython3-stdlib_3.14.3-0ubuntu2_amd64.deb [8476/8476] -> "/build/chroot//var/cache/apt/archives/partial/libpython3-stdlib_3.14.3-0ubuntu2_amd64.deb" [1]
2026-04-23 00:42:46 URL:http://ftpmaster.internal/ubuntu/pool/main/p/python3.14/libpython3.14-minimal_3.14.4-1_amd64.deb [915886/915886] -> "/build/chroot//var/cache/apt/archives/partial/libpython3.14-minimal_3.14.4-1_amd64.deb" [1]
2026-04-23 00:42:46 URL:http://ftpmaster.internal/ubuntu/pool/main/p/python3.14/libpython3.14-stdlib_3.14.4-1_amd64.deb [2405538/2405538] -> "/build/chroot//var/cache/apt/archives/partial/libpython3.14-stdlib_3.14.4-1_amd64.deb" [1]
2026-04-23 00:42:46 URL:http://ftpmaster.internal/ubuntu/pool/main/r/readline/libreadline8t64_8.3-4_amd64.deb [164290/164290] -> "/build/chroot//var/cache/apt/archives/partial/libreadline8t64_8.3-4_amd64.deb" [1]
2026-04-23 00:42:46 URL:http://ftpmaster.internal/ubuntu/pool/main/libs/libseccomp/libseccomp2_2.6.0-2ubuntu5_amd64.deb [53010/53010] -> "/build/chroot//var/cache/apt/archives/partial/libseccomp2_2.6.0-2ubuntu5_amd64.deb" [1]
2026-04-23 00:42:46 URL:http://ftpmaster.internal/ubuntu/pool/main/libs/libselinux/libselinux1_3.9-4build1_amd64.deb [90316/90316] -> "/build/chroot//var/cache/apt/archives/partial/libselinux1_3.9-4build1_amd64.deb" [1]
2026-04-23 00:42:46 URL:http://ftpmaster.internal/ubuntu/pool/main/libs/libsemanage/libsemanage-common_3.9-1build1_all.deb [6828/6828] -> "/build/chroot//var/cache/apt/archives/partial/libsemanage-common_3.9-1build1_all.deb" [1]
2026-04-23 00:42:46 URL:http://ftpmaster.internal/ubuntu/pool/main/libs/libsemanage/libsemanage2_3.9-1build1_amd64.deb [99124/99124] -> "/build/chroot//var/cache/apt/archives/partial/libsemanage2_3.9-1build1_amd64.deb" [1]
2026-04-23 00:42:47 URL:http://ftpmaster.internal/ubuntu/pool/main/libs/libsepol/libsepol2_3.9-2_amd64.deb [327664/327664] -> "/build/chroot//var/cache/apt/archives/partial/libsepol2_3.9-2_amd64.deb" [1]
2026-04-23 00:42:47 URL:http://ftpmaster.internal/ubuntu/pool/main/s/slang2/libslang2_2.3.3-5build1_amd64.deb [503528/503528] -> "/build/chroot//var/cache/apt/archives/partial/libslang2_2.3.3-5build1_amd64.deb" [1]
2026-04-23 00:42:47 URL:http://ftpmaster.internal/ubuntu/pool/main/u/util-linux/libsmartcols1_2.41.3-3ubuntu2_amd64.deb [84264/84264] -> "/build/chroot//var/cache/apt/archives/partial/libsmartcols1_2.41.3-3ubuntu2_amd64.deb" [1]
2026-04-23 00:42:47 URL:http://ftpmaster.internal/ubuntu/pool/main/s/sqlite3/libsqlite3-0_3.46.1-9_amd64.deb [721902/721902] -> "/build/chroot//var/cache/apt/archives/partial/libsqlite3-0_3.46.1-9_amd64.deb" [1]
2026-04-23 00:42:47 URL:http://ftpmaster.internal/ubuntu/pool/main/e/e2fsprogs/libss2_1.47.2-3ubuntu4_amd64.deb [17910/17910] -> "/build/chroot//var/cache/apt/archives/partial/libss2_1.47.2-3ubuntu4_amd64.deb" [1]
2026-04-23 00:42:47 URL:http://ftpmaster.internal/ubuntu/pool/main/o/openssl/libssl3t64_3.5.5-1ubuntu3_amd64.deb [2359122/2359122] -> "/build/chroot//var/cache/apt/archives/partial/libssl3t64_3.5.5-1ubuntu3_amd64.deb" [1]
2026-04-23 00:42:47 URL:http://ftpmaster.internal/ubuntu/pool/main/g/gcc-16/libstdc++6_16-20260322-1ubuntu1_amd64.deb [842676/842676] -> "/build/chroot//var/cache/apt/archives/partial/libstdc++6_16-20260322-1ubuntu1_amd64.deb" [1]
2026-04-23 00:42:47 URL:http://ftpmaster.internal/ubuntu/pool/main/s/systemd/libsystemd-shared_259.5-0ubuntu3_amd64.deb [2461656/2461656] -> "/build/chroot//var/cache/apt/archives/partial/libsystemd-shared_259.5-0ubuntu3_amd64.deb" [1]
2026-04-23 00:42:47 URL:http://ftpmaster.internal/ubuntu/pool/main/s/systemd/libsystemd0_259.5-0ubuntu3_amd64.deb [479750/479750] -> "/build/chroot//var/cache/apt/archives/partial/libsystemd0_259.5-0ubuntu3_amd64.deb" [1]
2026-04-23 00:42:47 URL:http://ftpmaster.internal/ubuntu/pool/main/libt/libtasn1-6/libtasn1-6_4.21.0-2_amd64.deb [45272/45272] -> "/build/chroot//var/cache/apt/archives/partial/libtasn1-6_4.21.0-2_amd64.deb" [1]
2026-04-23 00:42:47 URL:http://ftpmaster.internal/ubuntu/pool/main/libt/libtext-charwidth-perl/libtext-charwidth-perl_0.04-11build4_amd64.deb [9530/9530] -> "/build/chroot//var/cache/apt/archives/partial/libtext-charwidth-perl_0.04-11build4_amd64.deb" [1]
2026-04-23 00:42:47 URL:http://ftpmaster.internal/ubuntu/pool/main/libt/libtext-iconv-perl/libtext-iconv-perl_1.7-8.1_amd64.deb [13644/13644] -> "/build/chroot//var/cache/apt/archives/partial/libtext-iconv-perl_1.7-8.1_amd64.deb" [1]
2026-04-23 00:42:47 URL:http://ftpmaster.internal/ubuntu/pool/main/libt/libtext-wrapi18n-perl/libtext-wrapi18n-perl_0.06-10_all.deb [7694/7694] -> "/build/chroot//var/cache/apt/archives/partial/libtext-wrapi18n-perl_0.06-10_all.deb" [1]
2026-04-23 00:42:47 URL:http://ftpmaster.internal/ubuntu/pool/main/n/ncurses/libtinfo6_6.6+20251231-1_amd64.deb [110530/110530] -> "/build/chroot//var/cache/apt/archives/partial/libtinfo6_6.6+20251231-1_amd64.deb" [1]
2026-04-23 00:42:47 URL:http://ftpmaster.internal/ubuntu/pool/main/libt/libtirpc/libtirpc-common_1.3.7-0.1_all.deb [7114/7114] -> "/build/chroot//var/cache/apt/archives/partial/libtirpc-common_1.3.7-0.1_all.deb" [1]
2026-04-23 00:42:48 URL:http://ftpmaster.internal/ubuntu/pool/main/libt/libtirpc/libtirpc3t64_1.3.7-0.1_amd64.deb [80910/80910] -> "/build/chroot//var/cache/apt/archives/partial/libtirpc3t64_1.3.7-0.1_amd64.deb" [1]
2026-04-23 00:42:48 URL:http://ftpmaster.internal/ubuntu/pool/main/s/systemd/libudev1_259.5-0ubuntu3_amd64.deb [149822/149822] -> "/build/chroot//var/cache/apt/archives/partial/libudev1_259.5-0ubuntu3_amd64.deb" [1]
2026-04-23 00:42:48 URL:http://ftpmaster.internal/ubuntu/pool/main/libu/libunistring/libunistring5_1.3-2build1_amd64.deb [610496/610496] -> "/build/chroot//var/cache/apt/archives/partial/libunistring5_1.3-2build1_amd64.deb" [1]
2026-04-23 00:42:48 URL:http://ftpmaster.internal/ubuntu/pool/main/u/util-linux/libuuid1_2.41.3-3ubuntu2_amd64.deb [35992/35992] -> "/build/chroot//var/cache/apt/archives/partial/libuuid1_2.41.3-3ubuntu2_amd64.deb" [1]
2026-04-23 00:42:48 URL:http://ftpmaster.internal/ubuntu/pool/main/libx/libxml2/libxml2-16_2.15.2+dfsg-0.1_amd64.deb [605862/605862] -> "/build/chroot//var/cache/apt/archives/partial/libxml2-16_2.15.2+dfsg-0.1_amd64.deb" [1]
2026-04-23 00:42:48 URL:http://ftpmaster.internal/ubuntu/pool/main/i/iptables/libxtables12_1.8.11-2ubuntu3_amd64.deb [36650/36650] -> "/build/chroot//var/cache/apt/archives/partial/libxtables12_1.8.11-2ubuntu3_amd64.deb" [1]
2026-04-23 00:42:48 URL:http://ftpmaster.internal/ubuntu/pool/main/x/xxhash/libxxhash0_0.8.3-2build1_amd64.deb [25802/25802] -> "/build/chroot//var/cache/apt/archives/partial/libxxhash0_0.8.3-2build1_amd64.deb" [1]
2026-04-23 00:42:48 URL:http://ftpmaster.internal/ubuntu/pool/main/liby/libyaml/libyaml-0-2_0.2.5-2build3_amd64.deb [52650/52650] -> "/build/chroot//var/cache/apt/archives/partial/libyaml-0-2_0.2.5-2build3_amd64.deb" [1]
2026-04-23 00:42:48 URL:http://ftpmaster.internal/ubuntu/pool/main/libz/libzstd/libzstd1_1.5.7+dfsg-3_amd64.deb [308174/308174] -> "/build/chroot//var/cache/apt/archives/partial/libzstd1_1.5.7+dfsg-3_amd64.deb" [1]
2026-04-23 00:42:48 URL:http://ftpmaster.internal/ubuntu/pool/main/l/linux-base/linux-sysctl-defaults_4.15ubuntu5_all.deb [6208/6208] -> "/build/chroot//var/cache/apt/archives/partial/linux-sysctl-defaults_4.15ubuntu5_all.deb" [1]
2026-04-23 00:42:48 URL:http://ftpmaster.internal/ubuntu/pool/main/g/glibc/locales_2.43-2ubuntu2_all.deb [4223754/4223754] -> "/build/chroot//var/cache/apt/archives/partial/locales_2.43-2ubuntu2_all.deb" [1]
2026-04-23 00:42:48 URL:http://ftpmaster.internal/ubuntu/pool/main/u/util-linux/login_4.16.0-2+really2.41.3-3ubuntu2_amd64.deb [85172/85172] -> "/build/chroot//var/cache/apt/archives/partial/login_1%3a4.16.0-2+really2.41.3-3ubuntu2_amd64.deb" [1]
2026-04-23 00:42:48 URL:http://ftpmaster.internal/ubuntu/pool/main/s/shadow/login.defs_4.17.4-2ubuntu3_all.deb [65080/65080] -> "/build/chroot//var/cache/apt/archives/partial/login.defs_1%3a4.17.4-2ubuntu3_all.deb" [1]
2026-04-23 00:42:48 URL:http://ftpmaster.internal/ubuntu/pool/main/l/logrotate/logrotate_3.22.0-1build1_amd64.deb [53672/53672] -> "/build/chroot//var/cache/apt/archives/partial/logrotate_3.22.0-1build1_amd64.deb" [1]
2026-04-23 00:42:48 URL:http://ftpmaster.internal/ubuntu/pool/main/e/e2fsprogs/logsave_1.47.2-3ubuntu4_amd64.deb [27632/27632] -> "/build/chroot//var/cache/apt/archives/partial/logsave_1.47.2-3ubuntu4_amd64.deb" [1]
2026-04-23 00:42:49 URL:http://ftpmaster.internal/ubuntu/pool/main/l/lsb-release-minimal/lsb-release_12.1-2build1_all.deb [6174/6174] -> "/build/chroot//var/cache/apt/archives/partial/lsb-release_12.1-2build1_all.deb" [1]
2026-04-23 00:42:49 URL:http://ftpmaster.internal/ubuntu/pool/main/m/mawk/mawk_1.3.4.20260129-1_amd64.deb [133256/133256] -> "/build/chroot//var/cache/apt/archives/partial/mawk_1.3.4.20260129-1_amd64.deb" [1]
2026-04-23 00:42:49 URL:http://ftpmaster.internal/ubuntu/pool/main/m/media-types/media-types_14.0.0build1_all.deb [31434/31434] -> "/build/chroot//var/cache/apt/archives/partial/media-types_14.0.0build1_all.deb" [1]
2026-04-23 00:42:49 URL:http://ftpmaster.internal/ubuntu/pool/main/u/util-linux/mount_2.41.3-3ubuntu2_amd64.deb [134746/134746] -> "/build/chroot//var/cache/apt/archives/partial/mount_2.41.3-3ubuntu2_amd64.deb" [1]
2026-04-23 00:42:49 URL:http://ftpmaster.internal/ubuntu/pool/main/n/ncurses/ncurses-base_6.6+20251231-1_all.deb [26272/26272] -> "/build/chroot//var/cache/apt/archives/partial/ncurses-base_6.6+20251231-1_all.deb" [1]
2026-04-23 00:42:49 URL:http://ftpmaster.internal/ubuntu/pool/main/n/ncurses/ncurses-bin_6.6+20251231-1_amd64.deb [192018/192018] -> "/build/chroot//var/cache/apt/archives/partial/ncurses-bin_6.6+20251231-1_amd64.deb" [1]
2026-04-23 00:42:49 URL:http://ftpmaster.internal/ubuntu/pool/main/n/netbase/netbase_6.5build1_all.deb [13036/13036] -> "/build/chroot//var/cache/apt/archives/partial/netbase_6.5build1_all.deb" [1]
2026-04-23 00:42:49 URL:http://ftpmaster.internal/ubuntu/pool/main/n/netcat-openbsd/netcat-openbsd_1.234-1_amd64.deb [44048/44048] -> "/build/chroot//var/cache/apt/archives/partial/netcat-openbsd_1.234-1_amd64.deb" [1]
2026-04-23 00:42:49 URL:http://ftpmaster.internal/ubuntu/pool/main/n/netplan.io/netplan-generator_1.2-1ubuntu5_amd64.deb [65064/65064] -> "/build/chroot//var/cache/apt/archives/partial/netplan-generator_1.2-1ubuntu5_amd64.deb" [1]
2026-04-23 00:42:49 URL:http://ftpmaster.internal/ubuntu/pool/main/n/netplan.io/netplan.io_1.2-1ubuntu5_amd64.deb [69536/69536] -> "/build/chroot//var/cache/apt/archives/partial/netplan.io_1.2-1ubuntu5_amd64.deb" [1]
2026-04-23 00:42:49 URL:http://ftpmaster.internal/ubuntu/pool/main/n/networkd-dispatcher/networkd-dispatcher_2.2.4-1.1ubuntu1_all.deb [15156/15156] -> "/build/chroot//var/cache/apt/archives/partial/networkd-dispatcher_2.2.4-1.1ubuntu1_all.deb" [1]
2026-04-23 00:42:49 URL:http://ftpmaster.internal/ubuntu/pool/main/o/openssl/openssl_3.5.5-1ubuntu3_amd64.deb [1242868/1242868] -> "/build/chroot//var/cache/apt/archives/partial/openssl_3.5.5-1ubuntu3_amd64.deb" [1]
2026-04-23 00:42:49 URL:http://ftpmaster.internal/ubuntu/pool/main/o/openssl/openssl-provider-legacy_3.5.5-1ubuntu3_amd64.deb [39664/39664] -> "/build/chroot//var/cache/apt/archives/partial/openssl-provider-legacy_3.5.5-1ubuntu3_amd64.deb" [1]
2026-04-23 00:42:49 URL:http://ftpmaster.internal/ubuntu/pool/main/s/shadow/passwd_4.17.4-2ubuntu3_amd64.deb [1138148/1138148] -> "/build/chroot//var/cache/apt/archives/partial/passwd_1%3a4.17.4-2ubuntu3_amd64.deb" [1]
2026-04-23 00:42:49 URL:http://ftpmaster.internal/ubuntu/pool/main/p/perl/perl-base_5.40.1-7build1_amd64.deb [1848640/1848640] -> "/build/chroot//var/cache/apt/archives/partial/perl-base_5.40.1-7build1_amd64.deb" [1]
2026-04-23 00:42:49 URL:http://ftpmaster.internal/ubuntu/pool/main/p/procps/procps_4.0.4-9ubuntu1_amd64.deb [710224/710224] -> "/build/chroot//var/cache/apt/archives/partial/procps_2%3a4.0.4-9ubuntu1_amd64.deb" [1]
2026-04-23 00:42:49 URL:http://ftpmaster.internal/ubuntu/pool/main/p/python-apt/python-apt-common_3.1.0ubuntu1_all.deb [16948/16948] -> "/build/chroot//var/cache/apt/archives/partial/python-apt-common_3.1.0ubuntu1_all.deb" [1]
2026-04-23 00:42:49 URL:http://ftpmaster.internal/ubuntu/pool/main/p/python3-defaults/python3_3.14.3-0ubuntu2_amd64.deb [22938/22938] -> "/build/chroot//var/cache/apt/archives/partial/python3_3.14.3-0ubuntu2_amd64.deb" [1]
2026-04-23 00:42:49 URL:http://ftpmaster.internal/ubuntu/pool/main/p/python-apt/python3-apt_3.1.0ubuntu1_amd64.deb [165200/165200] -> "/build/chroot//var/cache/apt/archives/partial/python3-apt_3.1.0ubuntu1_amd64.deb" [1]
2026-04-23 00:42:49 URL:http://ftpmaster.internal/ubuntu/pool/main/p/python-cffi/python3-cffi-backend_2.0.0-3build1_amd64.deb [85520/85520] -> "/build/chroot//var/cache/apt/archives/partial/python3-cffi-backend_2.0.0-3build1_amd64.deb" [1]
2026-04-23 00:42:50 URL:http://ftpmaster.internal/ubuntu/pool/main/d/dbus-python/python3-dbus_1.4.0-1build2_amd64.deb [100516/100516] -> "/build/chroot//var/cache/apt/archives/partial/python3-dbus_1.4.0-1build2_amd64.deb" [1]
2026-04-23 00:42:50 URL:http://ftpmaster.internal/ubuntu/pool/main/p/pygobject/python3-gi_3.56.2-1_amd64.deb [237662/237662] -> "/build/chroot//var/cache/apt/archives/partial/python3-gi_3.56.2-1_amd64.deb" [1]
2026-04-23 00:42:50 URL:http://ftpmaster.internal/ubuntu/pool/main/l/linkify-it-py/python3-linkify-it_2.0.3-1ubuntu3_all.deb [19384/19384] -> "/build/chroot//var/cache/apt/archives/partial/python3-linkify-it_2.0.3-1ubuntu3_all.deb" [1]
2026-04-23 00:42:50 URL:http://ftpmaster.internal/ubuntu/pool/main/m/markdown-it-py/python3-markdown-it_3.0.0-3build1_all.deb [54402/54402] -> "/build/chroot//var/cache/apt/archives/partial/python3-markdown-it_3.0.0-3build1_all.deb" [1]
2026-04-23 00:42:50 URL:http://ftpmaster.internal/ubuntu/pool/main/m/mdurl/python3-mdurl_0.1.2-1build1_all.deb [9328/9328] -> "/build/chroot//var/cache/apt/archives/partial/python3-mdurl_0.1.2-1build1_all.deb" [1]
2026-04-23 00:42:50 URL:http://ftpmaster.internal/ubuntu/pool/main/p/python3-defaults/python3-minimal_3.14.3-0ubuntu2_amd64.deb [25808/25808] -> "/build/chroot//var/cache/apt/archives/partial/python3-minimal_3.14.3-0ubuntu2_amd64.deb" [1]
2026-04-23 00:42:50 URL:http://ftpmaster.internal/ubuntu/pool/main/n/netplan.io/python3-netplan_1.2-1ubuntu5_amd64.deb [24784/24784] -> "/build/chroot//var/cache/apt/archives/partial/python3-netplan_1.2-1ubuntu5_amd64.deb" [1]
2026-04-23 00:42:50 URL:http://ftpmaster.internal/ubuntu/pool/main/p/pygments/python3-pygments_2.19.2+dfsg-1_all.deb [843366/843366] -> "/build/chroot//var/cache/apt/archives/partial/python3-pygments_2.19.2+dfsg-1_all.deb" [1]
2026-04-23 00:42:50 URL:http://ftpmaster.internal/ubuntu/pool/main/r/rich/python3-rich_13.9.4-1.2_all.deb [190412/190412] -> "/build/chroot//var/cache/apt/archives/partial/python3-rich_13.9.4-1.2_all.deb" [1]
2026-04-23 00:42:50 URL:http://ftpmaster.internal/ubuntu/pool/main/u/uc-micro-py/python3-uc-micro_1.0.3-1build1_all.deb [5702/5702] -> "/build/chroot//var/cache/apt/archives/partial/python3-uc-micro_1.0.3-1build1_all.deb" [1]
2026-04-23 00:42:50 URL:http://ftpmaster.internal/ubuntu/pool/main/p/pyyaml/python3-yaml_6.0.3-1build1_amd64.deb [136956/136956] -> "/build/chroot//var/cache/apt/archives/partial/python3-yaml_6.0.3-1build1_amd64.deb" [1]
2026-04-23 00:42:50 URL:http://ftpmaster.internal/ubuntu/pool/main/p/python3.14/python3.14_3.14.4-1_amd64.deb [830274/830274] -> "/build/chroot//var/cache/apt/archives/partial/python3.14_3.14.4-1_amd64.deb" [1]
2026-04-23 00:42:50 URL:http://ftpmaster.internal/ubuntu/pool/main/p/python3.14/python3.14-minimal_3.14.4-1_amd64.deb [2579068/2579068] -> "/build/chroot//var/cache/apt/archives/partial/python3.14-minimal_3.14.4-1_amd64.deb" [1]
2026-04-23 00:42:50 URL:http://ftpmaster.internal/ubuntu/pool/main/r/readline/readline-common_8.3-4_all.deb [61514/61514] -> "/build/chroot//var/cache/apt/archives/partial/readline-common_8.3-4_all.deb" [1]
2026-04-23 00:42:50 URL:http://ftpmaster.internal/ubuntu/pool/main/r/rsyslog/rsyslog_8.2512.0-1ubuntu4_amd64.deb [535724/535724] -> "/build/chroot//var/cache/apt/archives/partial/rsyslog_8.2512.0-1ubuntu4_amd64.deb" [1]
2026-04-23 00:42:50 URL:http://ftpmaster.internal/ubuntu/pool/main/r/rust-coreutils/rust-coreutils_0.8.0-0ubuntu3_amd64.deb [4234916/4234916] -> "/build/chroot//var/cache/apt/archives/partial/rust-coreutils_0.8.0-0ubuntu3_amd64.deb" [1]
2026-04-23 00:42:51 URL:http://ftpmaster.internal/ubuntu/pool/main/s/sed/sed_4.9-2build3_amd64.deb [195190/195190] -> "/build/chroot//var/cache/apt/archives/partial/sed_4.9-2build3_amd64.deb" [1]
2026-04-23 00:42:51 URL:http://ftpmaster.internal/ubuntu/pool/main/s/sensible-utils/sensible-utils_0.0.26build1_all.deb [27060/27060] -> "/build/chroot//var/cache/apt/archives/partial/sensible-utils_0.0.26build1_all.deb" [1]
2026-04-23 00:42:51 URL:http://ftpmaster.internal/ubuntu/pool/main/s/shared-mime-info/shared-mime-info_2.4-5build3_amd64.deb [476082/476082] -> "/build/chroot//var/cache/apt/archives/partial/shared-mime-info_2.4-5build3_amd64.deb" [1]
2026-04-23 00:42:51 URL:http://ftpmaster.internal/ubuntu/pool/main/s/sudo/sudo_1.9.17p2-1ubuntu3_amd64.deb [954078/954078] -> "/build/chroot//var/cache/apt/archives/partial/sudo_1.9.17p2-1ubuntu3_amd64.deb" [1]
2026-04-23 00:42:51 URL:http://ftpmaster.internal/ubuntu/pool/main/s/sudo-common/sudo-common_1.2ubuntu_all.deb [4034/4034] -> "/build/chroot//var/cache/apt/archives/partial/sudo-common_1.2ubuntu_all.deb" [1]
2026-04-23 00:42:51 URL:http://ftpmaster.internal/ubuntu/pool/main/r/rust-sudo-rs/sudo-rs_0.2.13-0ubuntu1_amd64.deb [592314/592314] -> "/build/chroot//var/cache/apt/archives/partial/sudo-rs_0.2.13-0ubuntu1_amd64.deb" [1]
2026-04-23 00:42:51 URL:http://ftpmaster.internal/ubuntu/pool/main/s/systemd/systemd_259.5-0ubuntu3_amd64.deb [3128052/3128052] -> "/build/chroot//var/cache/apt/archives/partial/systemd_259.5-0ubuntu3_amd64.deb" [1]
2026-04-23 00:42:51 URL:http://ftpmaster.internal/ubuntu/pool/main/s/systemd/systemd-cryptsetup_259.5-0ubuntu3_amd64.deb [124246/124246] -> "/build/chroot//var/cache/apt/archives/partial/systemd-cryptsetup_259.5-0ubuntu3_amd64.deb" [1]
2026-04-23 00:42:51 URL:http://ftpmaster.internal/ubuntu/pool/main/s/systemd-hwe/systemd-hwe-hwdb_259.5.3ubuntu_all.deb [3384/3384] -> "/build/chroot//var/cache/apt/archives/partial/systemd-hwe-hwdb_259.5.3ubuntu_all.deb" [1]
2026-04-23 00:42:51 URL:http://ftpmaster.internal/ubuntu/pool/main/s/systemd/systemd-resolved_259.5-0ubuntu3_amd64.deb [298446/298446] -> "/build/chroot//var/cache/apt/archives/partial/systemd-resolved_259.5-0ubuntu3_amd64.deb" [1]
2026-04-23 00:42:51 URL:http://ftpmaster.internal/ubuntu/pool/main/s/systemd/systemd-sysv_259.5-0ubuntu3_amd64.deb [9242/9242] -> "/build/chroot//var/cache/apt/archives/partial/systemd-sysv_259.5-0ubuntu3_amd64.deb" [1]
2026-04-23 00:42:51 URL:http://ftpmaster.internal/ubuntu/pool/main/s/sysvinit/sysvinit-utils_3.15-5ubuntu1_amd64.deb [37266/37266] -> "/build/chroot//var/cache/apt/archives/partial/sysvinit-utils_3.15-5ubuntu1_amd64.deb" [1]
2026-04-23 00:42:51 URL:http://ftpmaster.internal/ubuntu/pool/main/t/tar/tar_1.35+dfsg-4_amd64.deb [256634/256634] -> "/build/chroot//var/cache/apt/archives/partial/tar_1.35+dfsg-4_amd64.deb" [1]
2026-04-23 00:42:51 URL:http://ftpmaster.internal/ubuntu/pool/main/t/tzdata/tzdata_2026a-3ubuntu1_all.deb [193718/193718] -> "/build/chroot//var/cache/apt/archives/partial/tzdata_2026a-3ubuntu1_all.deb" [1]
2026-04-23 00:42:51 URL:http://ftpmaster.internal/ubuntu/pool/main/u/ubuntu-keyring/ubuntu-keyring_2023.11.28.1build1_all.deb [11228/11228] -> "/build/chroot//var/cache/apt/archives/partial/ubuntu-keyring_2023.11.28.1build1_all.deb" [1]
2026-04-23 00:42:51 URL:http://ftpmaster.internal/ubuntu/pool/main/u/ubuntu-meta/ubuntu-minimal_1.570_amd64.deb [8500/8500] -> "/build/chroot//var/cache/apt/archives/partial/ubuntu-minimal_1.570_amd64.deb" [1]
2026-04-23 00:42:51 URL:http://ftpmaster.internal/ubuntu/pool/main/u/ubuntu-advantage-tools/ubuntu-pro-client_37.2ubuntu_amd64.deb [242052/242052] -> "/build/chroot//var/cache/apt/archives/partial/ubuntu-pro-client_37.2ubuntu_amd64.deb" [1]
2026-04-23 00:42:51 URL:http://ftpmaster.internal/ubuntu/pool/main/u/ubuntu-advantage-tools/ubuntu-pro-client-l10n_37.2ubuntu_amd64.deb [19776/19776] -> "/build/chroot//var/cache/apt/archives/partial/ubuntu-pro-client-l10n_37.2ubuntu_amd64.deb" [1]
2026-04-23 00:42:51 URL:http://ftpmaster.internal/ubuntu/pool/main/u/ucf/ucf_3.0052ubuntu1_all.deb [44280/44280] -> "/build/chroot//var/cache/apt/archives/partial/ucf_3.0052ubuntu1_all.deb" [1]
2026-04-23 00:42:51 URL:http://ftpmaster.internal/ubuntu/pool/main/s/systemd/udev_259.5-0ubuntu3_amd64.deb [1500596/1500596] -> "/build/chroot//var/cache/apt/archives/partial/udev_259.5-0ubuntu3_amd64.deb" [1]
2026-04-23 00:42:52 URL:http://ftpmaster.internal/ubuntu/pool/main/u/util-linux/util-linux_2.41.3-3ubuntu2_amd64.deb [1069500/1069500] -> "/build/chroot//var/cache/apt/archives/partial/util-linux_2.41.3-3ubuntu2_amd64.deb" [1]
2026-04-23 00:42:52 URL:http://ftpmaster.internal/ubuntu/pool/main/v/vim/vim-common_9.1.2141-1ubuntu4_all.deb [493548/493548] -> "/build/chroot//var/cache/apt/archives/partial/vim-common_2%3a9.1.2141-1ubuntu4_all.deb" [1]
2026-04-23 00:42:52 URL:http://ftpmaster.internal/ubuntu/pool/main/v/vim/vim-tiny_9.1.2141-1ubuntu4_amd64.deb [865496/865496] -> "/build/chroot//var/cache/apt/archives/partial/vim-tiny_2%3a9.1.2141-1ubuntu4_amd64.deb" [1]
2026-04-23 00:42:52 URL:http://ftpmaster.internal/ubuntu/pool/main/n/newt/whiptail_0.52.25-1ubuntu3_amd64.deb [18220/18220] -> "/build/chroot//var/cache/apt/archives/partial/whiptail_0.52.25-1ubuntu3_amd64.deb" [1]
2026-04-23 00:42:52 URL:http://ftpmaster.internal/ubuntu/pool/main/x/xdg-user-dirs/xdg-user-dirs_0.19-1_amd64.deb [19302/19302] -> "/build/chroot//var/cache/apt/archives/partial/xdg-user-dirs_0.19-1_amd64.deb" [1]
2026-04-23 00:42:52 URL:http://ftpmaster.internal/ubuntu/pool/main/x/xkeyboard-config/xkb-data_2.46-2_all.deb [392778/392778] -> "/build/chroot//var/cache/apt/archives/partial/xkb-data_2.46-2_all.deb" [1]
2026-04-23 00:42:52 URL:http://ftpmaster.internal/ubuntu/pool/main/v/vim/xxd_9.1.2141-1ubuntu4_amd64.deb [67546/67546] -> "/build/chroot//var/cache/apt/archives/partial/xxd_2%3a9.1.2141-1ubuntu4_amd64.deb" [1]
2026-04-23 00:42:52 URL:http://ftpmaster.internal/ubuntu/pool/main/z/zlib/zlib1g_1.3.dfsg+really1.3.1-1ubuntu3_amd64.deb [63922/63922] -> "/build/chroot//var/cache/apt/archives/partial/zlib1g_1%3a1.3.dfsg+really1.3.1-1ubuntu3_amd64.deb" [1]
gpgv: Signature made Wed Apr 22 23:50:34 2026 UTC
gpgv:                using RSA key F6ECB3762474EDA9D21B7022871920D1991BC93C
gpgv: Good signature from "Ubuntu Archive Automatic Signing Key (2018) <ftpmaster@ubuntu.com>"
dpkg: warning: parsing file '/var/lib/dpkg/status' near line 5 package 'dpkg':
 missing 'Description' field
dpkg: warning: parsing file '/var/lib/dpkg/status' near line 5 package 'dpkg':
 missing 'Architecture' field
Selecting previously unselected package base-passwd.
(Reading database ... 0 files and directories currently installed.)
Preparing to unpack .../base-passwd_3.6.8_amd64.deb ...
Unpacking base-passwd (3.6.8) ...
dpkg: base-passwd: dependency problems, but configuring anyway as you requested:
 base-passwd depends on libc6 (>= 2.34); however:
  Package libc6 is not installed.
 base-passwd depends on libdebconfclient0 (>= 0.145); however:
  Package libdebconfclient0 is not installed.
 base-passwd depends on libselinux1 (>= 3.1~); however:
  Package libselinux1 is not installed.

Setting up base-passwd (3.6.8) ...
dpkg: warning: parsing file '/var/lib/dpkg/status' near line 25 package 'dpkg':
 missing 'Description' field
dpkg: warning: parsing file '/var/lib/dpkg/status' near line 25 package 'dpkg':
 missing 'Architecture' field
Selecting previously unselected package base-files.
dpkg: regarding .../base-files_14ubuntu6_amd64.deb containing base-files, pre-dependency problem:
 base-files pre-depends on awk
  awk is not installed.

dpkg: warning: ignoring pre-dependency problem!
(Reading database ... 44 files and directories currently installed.)
Preparing to unpack .../base-files_14ubuntu6_amd64.deb ...
dpkg-divert: warning: parsing file '/var/lib/dpkg/status' near line 25 package 'dpkg':
 missing 'Description' field
dpkg-divert: warning: parsing file '/var/lib/dpkg/status' near line 25 package 'dpkg':
 missing 'Architecture' field
dpkg-divert: warning: parsing file '/var/lib/dpkg/status' near line 25 package 'dpkg':
 missing 'Description' field
dpkg-divert: warning: parsing file '/var/lib/dpkg/status' near line 25 package 'dpkg':
 missing 'Architecture' field
dpkg-divert: warning: parsing file '/var/lib/dpkg/status' near line 25 package 'dpkg':
 missing 'Description' field
dpkg-divert: warning: parsing file '/var/lib/dpkg/status' near line 25 package 'dpkg':
 missing 'Architecture' field
dpkg-divert: warning: parsing file '/var/lib/dpkg/status' near line 25 package 'dpkg':
 missing 'Description' field
dpkg-divert: warning: parsing file '/var/lib/dpkg/status' near line 25 package 'dpkg':
 missing 'Architecture' field
dpkg-divert: warning: parsing file '/var/lib/dpkg/status' near line 25 package 'dpkg':
 missing 'Description' field
dpkg-divert: warning: parsing file '/var/lib/dpkg/status' near line 25 package 'dpkg':
 missing 'Architecture' field
dpkg-divert: warning: parsing file '/var/lib/dpkg/status' near line 25 package 'dpkg':
 missing 'Description' field
dpkg-divert: warning: parsing file '/var/lib/dpkg/status' near line 25 package 'dpkg':
 missing 'Architecture' field
dpkg-divert: warning: parsing file '/var/lib/dpkg/status' near line 25 package 'dpkg':
 missing 'Description' field
dpkg-divert: warning: parsing file '/var/lib/dpkg/status' near line 25 package 'dpkg':
 missing 'Architecture' field
dpkg-divert: warning: parsing file '/var/lib/dpkg/status' near line 25 package 'dpkg':
 missing 'Description' field
dpkg-divert: warning: parsing file '/var/lib/dpkg/status' near line 25 package 'dpkg':
 missing 'Architecture' field
dpkg-divert: warning: parsing file '/var/lib/dpkg/status' near line 25 package 'dpkg':
 missing 'Description' field
dpkg-divert: warning: parsing file '/var/lib/dpkg/status' near line 25 package 'dpkg':
 missing 'Architecture' field
dpkg-divert: warning: parsing file '/var/lib/dpkg/status' near line 25 package 'dpkg':
 missing 'Description' field
dpkg-divert: warning: parsing file '/var/lib/dpkg/status' near line 25 package 'dpkg':
 missing 'Architecture' field
Unpacking base-files (14ubuntu6) ...
dpkg: base-files: dependency problems, but configuring anyway as you requested:
 base-files depends on awk; however:
  Package awk is not installed.
 base-files depends on libc6 (>= 2.34); however:
  Package libc6 is not installed.
 base-files depends on libcrypt1 (>= 1:4.4.10-10ubuntu3); however:
  Package libcrypt1 is not installed.

Setting up base-files (14ubuntu6) ...
dpkg-divert: warning: parsing file '/var/lib/dpkg/status' near line 25 package 'dpkg':
 missing 'Description' field
dpkg-divert: warning: parsing file '/var/lib/dpkg/status' near line 25 package 'dpkg':
 missing 'Architecture' field
dpkg-divert: warning: parsing file '/var/lib/dpkg/status' near line 25 package 'dpkg':
 missing 'Description' field
dpkg-divert: warning: parsing file '/var/lib/dpkg/status' near line 25 package 'dpkg':
 missing 'Architecture' field
dpkg: warning: parsing file '/var/lib/dpkg/status' near line 60 package 'dpkg':
 missing 'Description' field
dpkg: warning: parsing file '/var/lib/dpkg/status' near line 60 package 'dpkg':
 missing 'Architecture' field
dpkg: regarding .../dpkg_1.23.7ubuntu1_amd64.deb containing dpkg, pre-dependency problem:
 dpkg pre-depends on libbz2-1.0
  libbz2-1.0 is not installed.

dpkg: warning: ignoring pre-dependency problem!
dpkg: regarding .../dpkg_1.23.7ubuntu1_amd64.deb containing dpkg, pre-dependency problem:
 dpkg pre-depends on libc6 (>= 2.38)
  libc6 is not installed.

dpkg: warning: ignoring pre-dependency problem!
dpkg: regarding .../dpkg_1.23.7ubuntu1_amd64.deb containing dpkg, pre-dependency problem:
 dpkg pre-depends on liblzma5 (>= 5.4.0)
  liblzma5 is not installed.

dpkg: warning: ignoring pre-dependency problem!
dpkg: regarding .../dpkg_1.23.7ubuntu1_amd64.deb containing dpkg, pre-dependency problem:
 dpkg pre-depends on libmd0 (>= 0.0.0)
  libmd0 is not installed.

dpkg: warning: ignoring pre-dependency problem!
dpkg: regarding .../dpkg_1.23.7ubuntu1_amd64.deb containing dpkg, pre-dependency problem:
 dpkg pre-depends on libselinux1 (>= 3.1~)
  libselinux1 is not installed.

dpkg: warning: ignoring pre-dependency problem!
dpkg: regarding .../dpkg_1.23.7ubuntu1_amd64.deb containing dpkg, pre-dependency problem:
 dpkg pre-depends on libzstd1 (>= 1.5.5)
  libzstd1 is not installed.

dpkg: warning: ignoring pre-dependency problem!
dpkg: regarding .../dpkg_1.23.7ubuntu1_amd64.deb containing dpkg, pre-dependency problem:
 dpkg pre-depends on zlib1g (>= 1:1.1.4)
  zlib1g is not installed.

dpkg: warning: ignoring pre-dependency problem!
(Reading database ... 161 files and directories currently installed.)
Preparing to unpack .../dpkg_1.23.7ubuntu1_amd64.deb ...
Unpacking dpkg (1.23.7ubuntu1) over (1.23.7ubuntu1) ...
dpkg: dpkg: dependency problems, but configuring anyway as you requested:
 dpkg depends on libbz2-1.0; however:
  Package libbz2-1.0 is not installed.
 dpkg depends on libc6 (>= 2.38); however:
  Package libc6 is not installed.
 dpkg depends on liblzma5 (>= 5.4.0); however:
  Package liblzma5 is not installed.
 dpkg depends on libmd0 (>= 0.0.0); however:
  Package libmd0 is not installed.
 dpkg depends on libselinux1 (>= 3.1~); however:
  Package libselinux1 is not installed.
 dpkg depends on libzstd1 (>= 1.5.5); however:
  Package libzstd1 is not installed.
 dpkg depends on zlib1g (>= 1:1.1.4); however:
  Package zlib1g is not installed.
 dpkg depends on tar (>= 1.28-1); however:
  Package tar is not installed.

Setting up dpkg (1.23.7ubuntu1) ...
Selecting previously unselected package libc6:amd64.
(Reading database ... 440 files and directories currently installed.)
Preparing to unpack .../libc6_2.43-2ubuntu2_amd64.deb ...
Unpacking libc6:amd64 (2.43-2ubuntu2) ...
dpkg: libc6:amd64: dependency problems, but configuring anyway as you requested:
 libc6:amd64 depends on libgcc-s1; however:
  Package libgcc-s1 is not installed.
 libc6:amd64 depends on libc-gconv-modules-extra (= 2.43-2ubuntu2); however:
  Package libc-gconv-modules-extra is not installed.

Setting up libc6:amd64 (2.43-2ubuntu2) ...
Selecting previously unselected package perl-base.
dpkg: regarding .../perl-base_5.40.1-7build1_amd64.deb containing perl-base, pre-dependency problem:
 perl-base pre-depends on libcrypt1 (>= 1:4.1.0)
  libcrypt1 is not installed.

dpkg: warning: ignoring pre-dependency problem!
(Reading database ... 485 files and directories currently installed.)
Preparing to unpack .../perl-base_5.40.1-7build1_amd64.deb ...
Unpacking perl-base (5.40.1-7build1) ...
dpkg: perl-base: dependency problems, but configuring anyway as you requested:
 perl-base depends on libcrypt1 (>= 1:4.1.0); however:
  Package libcrypt1 is not installed.

Setting up perl-base (5.40.1-7build1) ...
Selecting previously unselected package mawk.
(Reading database ... 1217 files and directories currently installed.)
Preparing to unpack .../mawk_1.3.4.20260129-1_amd64.deb ...
Unpacking mawk (1.3.4.20260129-1) ...
Setting up mawk (1.3.4.20260129-1) ...
update-alternatives: using /usr/bin/mawk to provide /usr/bin/awk (awk) in auto mode
Selecting previously unselected package debconf.
(Reading database ... 1238 files and directories currently installed.)
Preparing to unpack .../debconf_1.5.92_all.deb ...
Unpacking debconf (1.5.92) ...
Setting up debconf (1.5.92) ...
(Reading database ... 1397 files and directories currently installed.)
Preparing to unpack .../base-files_14ubuntu6_amd64.deb ...
Unpacking base-files (14ubuntu6) over (14ubuntu6) ...
Preparing to unpack .../base-passwd_3.6.8_amd64.deb ...
Unpacking base-passwd (3.6.8) over (3.6.8) ...
Selecting previously unselected package bash.
dpkg: regarding .../bash_5.3-2ubuntu1_amd64.deb containing bash, pre-dependency problem:
 bash pre-depends on libtinfo6 (>= 6)
  libtinfo6 is not installed.

dpkg: warning: ignoring pre-dependency problem!
Preparing to unpack .../bash_5.3-2ubuntu1_amd64.deb ...
Unpacking bash (5.3-2ubuntu1) ...
Selecting previously unselected package bsdutils.
Preparing to unpack .../bsdutils_1%3a2.41.3-3ubuntu2_amd64.deb ...
Unpacking bsdutils (1:2.41.3-3ubuntu2) ...
Selecting previously unselected package coreutils.
dpkg: regarding .../coreutils_9.5-1ubuntu2+0.0.0~ubuntu25_all.deb containing coreutils, pre-dependency problem:
 coreutils pre-depends on coreutils-from-uutils | coreutils-from-gnu
  coreutils-from-uutils is not installed.
  coreutils-from-gnu is not installed.

dpkg: warning: ignoring pre-dependency problem!
Preparing to unpack .../coreutils_9.5-1ubuntu2+0.0.0~ubuntu25_all.deb ...
Unpacking coreutils (9.5-1ubuntu2+0.0.0~ubuntu25) ...
Selecting previously unselected package coreutils-from-uutils.
dpkg: regarding .../coreutils-from-uutils_0.0.0~ubuntu25_all.deb containing coreutils-from-uutils, pre-dependency problem:
 coreutils-from-uutils pre-depends on rust-coreutils (>> 0.1.0+git20250813)
  rust-coreutils is not installed.

dpkg: warning: ignoring pre-dependency problem!
dpkg: regarding .../coreutils-from-uutils_0.0.0~ubuntu25_all.deb containing coreutils-from-uutils, pre-dependency problem:
 coreutils-from-uutils pre-depends on gnu-coreutils
  gnu-coreutils is not installed.

dpkg: warning: ignoring pre-dependency problem!
Preparing to unpack .../coreutils-from-uutils_0.0.0~ubuntu25_all.deb ...
No diversion 'diversion of /usr/bin/[ to /usr/bin/[.remove-bak by coreutils-switch', none removed.
No diversion 'diversion of /usr/bin/arch to /usr/bin/arch.remove-bak by coreutils-switch', none removed.
No diversion 'diversion of /usr/bin/b2sum to /usr/bin/b2sum.remove-bak by coreutils-switch', none removed.
No diversion 'diversion of /usr/bin/base32 to /usr/bin/base32.remove-bak by coreutils-switch', none removed.
No diversion 'diversion of /usr/bin/base64 to /usr/bin/base64.remove-bak by coreutils-switch', none removed.
No diversion 'diversion of /usr/bin/basename to /usr/bin/basename.remove-bak by coreutils-switch', none removed.
No diversion 'diversion of /usr/bin/basenc to /usr/bin/basenc.remove-bak by coreutils-switch', none removed.
No diversion 'diversion of /usr/bin/cat to /usr/bin/cat.remove-bak by coreutils-switch', none removed.
No diversion 'diversion of /usr/bin/chcon to /usr/bin/chcon.remove-bak by coreutils-switch', none removed.
No diversion 'diversion of /usr/bin/chgrp to /usr/bin/chgrp.remove-bak by coreutils-switch', none removed.
No diversion 'diversion of /usr/bin/chmod to /usr/bin/chmod.remove-bak by coreutils-switch', none removed.
No diversion 'diversion of /usr/bin/chown to /usr/bin/chown.remove-bak by coreutils-switch', none removed.
No diversion 'diversion of /usr/bin/chroot to /usr/bin/chroot.remove-bak by coreutils-switch', none removed.
No diversion 'diversion of /usr/bin/cksum to /usr/bin/cksum.remove-bak by coreutils-switch', none removed.
No diversion 'diversion of /usr/bin/comm to /usr/bin/comm.remove-bak by coreutils-switch', none removed.
No diversion 'diversion of /usr/bin/cp to /usr/bin/cp.remove-bak by coreutils-switch', none removed.
No diversion 'diversion of /usr/bin/csplit to /usr/bin/csplit.remove-bak by coreutils-switch', none removed.
No diversion 'diversion of /usr/bin/cut to /usr/bin/cut.remove-bak by coreutils-switch', none removed.
No diversion 'diversion of /usr/bin/date to /usr/bin/date.remove-bak by coreutils-switch', none removed.
No diversion 'diversion of /usr/bin/dd to /usr/bin/dd.remove-bak by coreutils-switch', none removed.
No diversion 'diversion of /usr/bin/df to /usr/bin/df.remove-bak by coreutils-switch', none removed.
No diversion 'diversion of /usr/bin/dir to /usr/bin/dir.remove-bak by coreutils-switch', none removed.
No diversion 'diversion of /usr/bin/dircolors to /usr/bin/dircolors.remove-bak by coreutils-switch', none removed.
No diversion 'diversion of /usr/bin/dirname to /usr/bin/dirname.remove-bak by coreutils-switch', none removed.
No diversion 'diversion of /usr/bin/du to /usr/bin/du.remove-bak by coreutils-switch', none removed.
No diversion 'diversion of /usr/bin/echo to /usr/bin/echo.remove-bak by coreutils-switch', none removed.
No diversion 'diversion of /usr/bin/env to /usr/bin/env.remove-bak by coreutils-switch', none removed.
No diversion 'diversion of /usr/bin/expand to /usr/bin/expand.remove-bak by coreutils-switch', none removed.
No diversion 'diversion of /usr/bin/expr to /usr/bin/expr.remove-bak by coreutils-switch', none removed.
No diversion 'diversion of /usr/bin/factor to /usr/bin/factor.remove-bak by coreutils-switch', none removed.
No diversion 'diversion of /usr/bin/false to /usr/bin/false.remove-bak by coreutils-switch', none removed.
No diversion 'diversion of /usr/bin/fmt to /usr/bin/fmt.remove-bak by coreutils-switch', none removed.
No diversion 'diversion of /usr/bin/fold to /usr/bin/fold.remove-bak by coreutils-switch', none removed.
No diversion 'diversion of /usr/bin/groups to /usr/bin/groups.remove-bak by coreutils-switch', none removed.
No diversion 'diversion of /usr/bin/hashsum to /usr/bin/hashsum.remove-bak by coreutils-switch', none removed.
No diversion 'diversion of /usr/bin/head to /usr/bin/head.remove-bak by coreutils-switch', none removed.
No diversion 'diversion of /usr/bin/hostid to /usr/bin/hostid.remove-bak by coreutils-switch', none removed.
No diversion 'diversion of /usr/bin/id to /usr/bin/id.remove-bak by coreutils-switch', none removed.
No diversion 'diversion of /usr/bin/install to /usr/bin/install.remove-bak by coreutils-switch', none removed.
No diversion 'diversion of /usr/bin/join to /usr/bin/join.remove-bak by coreutils-switch', none removed.
No diversion 'diversion of /usr/bin/link to /usr/bin/link.remove-bak by coreutils-switch', none removed.
No diversion 'diversion of /usr/bin/ln to /usr/bin/ln.remove-bak by coreutils-switch', none removed.
No diversion 'diversion of /usr/bin/logname to /usr/bin/logname.remove-bak by coreutils-switch', none removed.
No diversion 'diversion of /usr/bin/ls to /usr/bin/ls.remove-bak by coreutils-switch', none removed.
No diversion 'diversion of /usr/bin/md5sum to /usr/bin/md5sum.remove-bak by coreutils-switch', none removed.
No diversion 'diversion of /usr/bin/mkdir to /usr/bin/mkdir.remove-bak by coreutils-switch', none removed.
No diversion 'diversion of /usr/bin/mkfifo to /usr/bin/mkfifo.remove-bak by coreutils-switch', none removed.
No diversion 'diversion of /usr/bin/mknod to /usr/bin/mknod.remove-bak by coreutils-switch', none removed.
No diversion 'diversion of /usr/bin/mktemp to /usr/bin/mktemp.remove-bak by coreutils-switch', none removed.
No diversion 'diversion of /usr/bin/mv to /usr/bin/mv.remove-bak by coreutils-switch', none removed.
No diversion 'diversion of /usr/bin/nice to /usr/bin/nice.remove-bak by coreutils-switch', none removed.
No diversion 'diversion of /usr/bin/nl to /usr/bin/nl.remove-bak by coreutils-switch', none removed.
No diversion 'diversion of /usr/bin/nohup to /usr/bin/nohup.remove-bak by coreutils-switch', none removed.
No diversion 'diversion of /usr/bin/nproc to /usr/bin/nproc.remove-bak by coreutils-switch', none removed.
No diversion 'diversion of /usr/bin/numfmt to /usr/bin/numfmt.remove-bak by coreutils-switch', none removed.
No diversion 'diversion of /usr/bin/od to /usr/bin/od.remove-bak by coreutils-switch', none removed.
No diversion 'diversion of /usr/bin/paste to /usr/bin/paste.remove-bak by coreutils-switch', none removed.
No diversion 'diversion of /usr/bin/pathchk to /usr/bin/pathchk.remove-bak by coreutils-switch', none removed.
No diversion 'diversion of /usr/bin/pinky to /usr/bin/pinky.remove-bak by coreutils-switch', none removed.
No diversion 'diversion of /usr/bin/pr to /usr/bin/pr.remove-bak by coreutils-switch', none removed.
No diversion 'diversion of /usr/bin/printenv to /usr/bin/printenv.remove-bak by coreutils-switch', none removed.
No diversion 'diversion of /usr/bin/printf to /usr/bin/printf.remove-bak by coreutils-switch', none removed.
No diversion 'diversion of /usr/bin/ptx to /usr/bin/ptx.remove-bak by coreutils-switch', none removed.
No diversion 'diversion of /usr/bin/pwd to /usr/bin/pwd.remove-bak by coreutils-switch', none removed.
No diversion 'diversion of /usr/bin/readlink to /usr/bin/readlink.remove-bak by coreutils-switch', none removed.
No diversion 'diversion of /usr/bin/realpath to /usr/bin/realpath.remove-bak by coreutils-switch', none removed.
No diversion 'diversion of /usr/bin/rm to /usr/bin/rm.remove-bak by coreutils-switch', none removed.
No diversion 'diversion of /usr/bin/rmdir to /usr/bin/rmdir.remove-bak by coreutils-switch', none removed.
No diversion 'diversion of /usr/bin/runcon to /usr/bin/runcon.remove-bak by coreutils-switch', none removed.
No diversion 'diversion of /usr/bin/seq to /usr/bin/seq.remove-bak by coreutils-switch', none removed.
No diversion 'diversion of /usr/bin/sha1sum to /usr/bin/sha1sum.remove-bak by coreutils-switch', none removed.
No diversion 'diversion of /usr/bin/sha224sum to /usr/bin/sha224sum.remove-bak by coreutils-switch', none removed.
No diversion 'diversion of /usr/bin/sha256sum to /usr/bin/sha256sum.remove-bak by coreutils-switch', none removed.
No diversion 'diversion of /usr/bin/sha3-224sum to /usr/bin/sha3-224sum.remove-bak by coreutils-switch', none removed.
No diversion 'diversion of /usr/bin/sha3-256sum to /usr/bin/sha3-256sum.remove-bak by coreutils-switch', none removed.
No diversion 'diversion of /usr/bin/sha3-384sum to /usr/bin/sha3-384sum.remove-bak by coreutils-switch', none removed.
No diversion 'diversion of /usr/bin/sha3-512sum to /usr/bin/sha3-512sum.remove-bak by coreutils-switch', none removed.
No diversion 'diversion of /usr/bin/sha384sum to /usr/bin/sha384sum.remove-bak by coreutils-switch', none removed.
No diversion 'diversion of /usr/bin/sha3sum to /usr/bin/sha3sum.remove-bak by coreutils-switch', none removed.
No diversion 'diversion of /usr/bin/sha512sum to /usr/bin/sha512sum.remove-bak by coreutils-switch', none removed.
No diversion 'diversion of /usr/bin/shake128sum to /usr/bin/shake128sum.remove-bak by coreutils-switch', none removed.
No diversion 'diversion of /usr/bin/shake256sum to /usr/bin/shake256sum.remove-bak by coreutils-switch', none removed.
No diversion 'diversion of /usr/bin/shred to /usr/bin/shred.remove-bak by coreutils-switch', none removed.
No diversion 'diversion of /usr/bin/shuf to /usr/bin/shuf.remove-bak by coreutils-switch', none removed.
No diversion 'diversion of /usr/bin/sleep to /usr/bin/sleep.remove-bak by coreutils-switch', none removed.
No diversion 'diversion of /usr/bin/sort to /usr/bin/sort.remove-bak by coreutils-switch', none removed.
No diversion 'diversion of /usr/bin/split to /usr/bin/split.remove-bak by coreutils-switch', none removed.
No diversion 'diversion of /usr/bin/stat to /usr/bin/stat.remove-bak by coreutils-switch', none removed.
No diversion 'diversion of /usr/bin/stdbuf to /usr/bin/stdbuf.remove-bak by coreutils-switch', none removed.
No diversion 'diversion of /usr/bin/stty to /usr/bin/stty.remove-bak by coreutils-switch', none removed.
No diversion 'diversion of /usr/bin/sum to /usr/bin/sum.remove-bak by coreutils-switch', none removed.
No diversion 'diversion of /usr/bin/sync to /usr/bin/sync.remove-bak by coreutils-switch', none removed.
No diversion 'diversion of /usr/bin/tac to /usr/bin/tac.remove-bak by coreutils-switch', none removed.
No diversion 'diversion of /usr/bin/tail to /usr/bin/tail.remove-bak by coreutils-switch', none removed.
No diversion 'diversion of /usr/bin/tee to /usr/bin/tee.remove-bak by coreutils-switch', none removed.
No diversion 'diversion of /usr/bin/test to /usr/bin/test.remove-bak by coreutils-switch', none removed.
No diversion 'diversion of /usr/bin/timeout to /usr/bin/timeout.remove-bak by coreutils-switch', none removed.
No diversion 'diversion of /usr/bin/touch to /usr/bin/touch.remove-bak by coreutils-switch', none removed.
No diversion 'diversion of /usr/bin/tr to /usr/bin/tr.remove-bak by coreutils-switch', none removed.
No diversion 'diversion of /usr/bin/true to /usr/bin/true.remove-bak by coreutils-switch', none removed.
No diversion 'diversion of /usr/bin/truncate to /usr/bin/truncate.remove-bak by coreutils-switch', none removed.
No diversion 'diversion of /usr/bin/tsort to /usr/bin/tsort.remove-bak by coreutils-switch', none removed.
No diversion 'diversion of /usr/bin/tty to /usr/bin/tty.remove-bak by coreutils-switch', none removed.
No diversion 'diversion of /usr/bin/uname to /usr/bin/uname.remove-bak by coreutils-switch', none removed.
No diversion 'diversion of /usr/bin/unexpand to /usr/bin/unexpand.remove-bak by coreutils-switch', none removed.
No diversion 'diversion of /usr/bin/uniq to /usr/bin/uniq.remove-bak by coreutils-switch', none removed.
No diversion 'diversion of /usr/bin/unlink to /usr/bin/unlink.remove-bak by coreutils-switch', none removed.
No diversion 'diversion of /usr/bin/users to /usr/bin/users.remove-bak by coreutils-switch', none removed.
No diversion 'diversion of /usr/bin/vdir to /usr/bin/vdir.remove-bak by coreutils-switch', none removed.
No diversion 'diversion of /usr/bin/wc to /usr/bin/wc.remove-bak by coreutils-switch', none removed.
No diversion 'diversion of /usr/bin/who to /usr/bin/who.remove-bak by coreutils-switch', none removed.
No diversion 'diversion of /usr/bin/whoami to /usr/bin/whoami.remove-bak by coreutils-switch', none removed.
No diversion 'diversion of /usr/bin/yes to /usr/bin/yes.remove-bak by coreutils-switch', none removed.
No diversion 'diversion of /usr/share/man/man1/arch.1.gz to /usr/share/man/man1/arch.1.gz.remove-bak by coreutils-switch', none removed.
No diversion 'diversion of /usr/share/man/man1/base32.1.gz to /usr/share/man/man1/base32.1.gz.remove-bak by coreutils-switch', none removed.
No diversion 'diversion of /usr/share/man/man1/base64.1.gz to /usr/share/man/man1/base64.1.gz.remove-bak by coreutils-switch', none removed.
No diversion 'diversion of /usr/share/man/man1/basename.1.gz to /usr/share/man/man1/basename.1.gz.remove-bak by coreutils-switch', none removed.
No diversion 'diversion of /usr/share/man/man1/basenc.1.gz to /usr/share/man/man1/basenc.1.gz.remove-bak by coreutils-switch', none removed.
No diversion 'diversion of /usr/share/man/man1/cat.1.gz to /usr/share/man/man1/cat.1.gz.remove-bak by coreutils-switch', none removed.
No diversion 'diversion of /usr/share/man/man1/chcon.1.gz to /usr/share/man/man1/chcon.1.gz.remove-bak by coreutils-switch', none removed.
No diversion 'diversion of /usr/share/man/man1/chgrp.1.gz to /usr/share/man/man1/chgrp.1.gz.remove-bak by coreutils-switch', none removed.
No diversion 'diversion of /usr/share/man/man1/chmod.1.gz to /usr/share/man/man1/chmod.1.gz.remove-bak by coreutils-switch', none removed.
No diversion 'diversion of /usr/share/man/man1/chown.1.gz to /usr/share/man/man1/chown.1.gz.remove-bak by coreutils-switch', none removed.
No diversion 'diversion of /usr/share/man/man1/chroot.1.gz to /usr/share/man/man1/chroot.1.gz.remove-bak by coreutils-switch', none removed.
No diversion 'diversion of /usr/share/man/man1/cksum.1.gz to /usr/share/man/man1/cksum.1.gz.remove-bak by coreutils-switch', none removed.
No diversion 'diversion of /usr/share/man/man1/comm.1.gz to /usr/share/man/man1/comm.1.gz.remove-bak by coreutils-switch', none removed.
No diversion 'diversion of /usr/share/man/man1/coreutils.1.gz to /usr/share/man/man1/coreutils.1.gz.remove-bak by coreutils-switch', none removed.
No diversion 'diversion of /usr/share/man/man1/cp.1.gz to /usr/share/man/man1/cp.1.gz.remove-bak by coreutils-switch', none removed.
No diversion 'diversion of /usr/share/man/man1/csplit.1.gz to /usr/share/man/man1/csplit.1.gz.remove-bak by coreutils-switch', none removed.
No diversion 'diversion of /usr/share/man/man1/cut.1.gz to /usr/share/man/man1/cut.1.gz.remove-bak by coreutils-switch', none removed.
No diversion 'diversion of /usr/share/man/man1/date.1.gz to /usr/share/man/man1/date.1.gz.remove-bak by coreutils-switch', none removed.
No diversion 'diversion of /usr/share/man/man1/dd.1.gz to /usr/share/man/man1/dd.1.gz.remove-bak by coreutils-switch', none removed.
No diversion 'diversion of /usr/share/man/man1/df.1.gz to /usr/share/man/man1/df.1.gz.remove-bak by coreutils-switch', none removed.
No diversion 'diversion of /usr/share/man/man1/dir.1.gz to /usr/share/man/man1/dir.1.gz.remove-bak by coreutils-switch', none removed.
No diversion 'diversion of /usr/share/man/man1/dircolors.1.gz to /usr/share/man/man1/dircolors.1.gz.remove-bak by coreutils-switch', none removed.
No diversion 'diversion of /usr/share/man/man1/dirname.1.gz to /usr/share/man/man1/dirname.1.gz.remove-bak by coreutils-switch', none removed.
No diversion 'diversion of /usr/share/man/man1/du.1.gz to /usr/share/man/man1/du.1.gz.remove-bak by coreutils-switch', none removed.
No diversion 'diversion of /usr/share/man/man1/echo.1.gz to /usr/share/man/man1/echo.1.gz.remove-bak by coreutils-switch', none removed.
No diversion 'diversion of /usr/share/man/man1/env.1.gz to /usr/share/man/man1/env.1.gz.remove-bak by coreutils-switch', none removed.
No diversion 'diversion of /usr/share/man/man1/expand.1.gz to /usr/share/man/man1/expand.1.gz.remove-bak by coreutils-switch', none removed.
No diversion 'diversion of /usr/share/man/man1/expr.1.gz to /usr/share/man/man1/expr.1.gz.remove-bak by coreutils-switch', none removed.
No diversion 'diversion of /usr/share/man/man1/factor.1.gz to /usr/share/man/man1/factor.1.gz.remove-bak by coreutils-switch', none removed.
No diversion 'diversion of /usr/share/man/man1/false.1.gz to /usr/share/man/man1/false.1.gz.remove-bak by coreutils-switch', none removed.
No diversion 'diversion of /usr/share/man/man1/fmt.1.gz to /usr/share/man/man1/fmt.1.gz.remove-bak by coreutils-switch', none removed.
No diversion 'diversion of /usr/share/man/man1/fold.1.gz to /usr/share/man/man1/fold.1.gz.remove-bak by coreutils-switch', none removed.
No diversion 'diversion of /usr/share/man/man1/groups.1.gz to /usr/share/man/man1/groups.1.gz.remove-bak by coreutils-switch', none removed.
No diversion 'diversion of /usr/share/man/man1/hashsum.1.gz to /usr/share/man/man1/hashsum.1.gz.remove-bak by coreutils-switch', none removed.
No diversion 'diversion of /usr/share/man/man1/head.1.gz to /usr/share/man/man1/head.1.gz.remove-bak by coreutils-switch', none removed.
No diversion 'diversion of /usr/share/man/man1/hostid.1.gz to /usr/share/man/man1/hostid.1.gz.remove-bak by coreutils-switch', none removed.
No diversion 'diversion of /usr/share/man/man1/id.1.gz to /usr/share/man/man1/id.1.gz.remove-bak by coreutils-switch', none removed.
No diversion 'diversion of /usr/share/man/man1/install.1.gz to /usr/share/man/man1/install.1.gz.remove-bak by coreutils-switch', none removed.
No diversion 'diversion of /usr/share/man/man1/join.1.gz to /usr/share/man/man1/join.1.gz.remove-bak by coreutils-switch', none removed.
No diversion 'diversion of /usr/share/man/man1/link.1.gz to /usr/share/man/man1/link.1.gz.remove-bak by coreutils-switch', none removed.
No diversion 'diversion of /usr/share/man/man1/ln.1.gz to /usr/share/man/man1/ln.1.gz.remove-bak by coreutils-switch', none removed.
No diversion 'diversion of /usr/share/man/man1/logname.1.gz to /usr/share/man/man1/logname.1.gz.remove-bak by coreutils-switch', none removed.
No diversion 'diversion of /usr/share/man/man1/ls.1.gz to /usr/share/man/man1/ls.1.gz.remove-bak by coreutils-switch', none removed.
No diversion 'diversion of /usr/share/man/man1/mkdir.1.gz to /usr/share/man/man1/mkdir.1.gz.remove-bak by coreutils-switch', none removed.
No diversion 'diversion of /usr/share/man/man1/mkfifo.1.gz to /usr/share/man/man1/mkfifo.1.gz.remove-bak by coreutils-switch', none removed.
No diversion 'diversion of /usr/share/man/man1/mknod.1.gz to /usr/share/man/man1/mknod.1.gz.remove-bak by coreutils-switch', none removed.
No diversion 'diversion of /usr/share/man/man1/mktemp.1.gz to /usr/share/man/man1/mktemp.1.gz.remove-bak by coreutils-switch', none removed.
No diversion 'diversion of /usr/share/man/man1/mv.1.gz to /usr/share/man/man1/mv.1.gz.remove-bak by coreutils-switch', none removed.
No diversion 'diversion of /usr/share/man/man1/nice.1.gz to /usr/share/man/man1/nice.1.gz.remove-bak by coreutils-switch', none removed.
No diversion 'diversion of /usr/share/man/man1/nl.1.gz to /usr/share/man/man1/nl.1.gz.remove-bak by coreutils-switch', none removed.
No diversion 'diversion of /usr/share/man/man1/nohup.1.gz to /usr/share/man/man1/nohup.1.gz.remove-bak by coreutils-switch', none removed.
No diversion 'diversion of /usr/share/man/man1/nproc.1.gz to /usr/share/man/man1/nproc.1.gz.remove-bak by coreutils-switch', none removed.
No diversion 'diversion of /usr/share/man/man1/numfmt.1.gz to /usr/share/man/man1/numfmt.1.gz.remove-bak by coreutils-switch', none removed.
No diversion 'diversion of /usr/share/man/man1/od.1.gz to /usr/share/man/man1/od.1.gz.remove-bak by coreutils-switch', none removed.
No diversion 'diversion of /usr/share/man/man1/paste.1.gz to /usr/share/man/man1/paste.1.gz.remove-bak by coreutils-switch', none removed.
No diversion 'diversion of /usr/share/man/man1/pathchk.1.gz to /usr/share/man/man1/pathchk.1.gz.remove-bak by coreutils-switch', none removed.
No diversion 'diversion of /usr/share/man/man1/pinky.1.gz to /usr/share/man/man1/pinky.1.gz.remove-bak by coreutils-switch', none removed.
No diversion 'diversion of /usr/share/man/man1/pr.1.gz to /usr/share/man/man1/pr.1.gz.remove-bak by coreutils-switch', none removed.
No diversion 'diversion of /usr/share/man/man1/printenv.1.gz to /usr/share/man/man1/printenv.1.gz.remove-bak by coreutils-switch', none removed.
No diversion 'diversion of /usr/share/man/man1/printf.1.gz to /usr/share/man/man1/printf.1.gz.remove-bak by coreutils-switch', none removed.
No diversion 'diversion of /usr/share/man/man1/ptx.1.gz to /usr/share/man/man1/ptx.1.gz.remove-bak by coreutils-switch', none removed.
No diversion 'diversion of /usr/share/man/man1/pwd.1.gz to /usr/share/man/man1/pwd.1.gz.remove-bak by coreutils-switch', none removed.
No diversion 'diversion of /usr/share/man/man1/readlink.1.gz to /usr/share/man/man1/readlink.1.gz.remove-bak by coreutils-switch', none removed.
No diversion 'diversion of /usr/share/man/man1/realpath.1.gz to /usr/share/man/man1/realpath.1.gz.remove-bak by coreutils-switch', none removed.
No diversion 'diversion of /usr/share/man/man1/rm.1.gz to /usr/share/man/man1/rm.1.gz.remove-bak by coreutils-switch', none removed.
No diversion 'diversion of /usr/share/man/man1/rmdir.1.gz to /usr/share/man/man1/rmdir.1.gz.remove-bak by coreutils-switch', none removed.
No diversion 'diversion of /usr/share/man/man1/runcon.1.gz to /usr/share/man/man1/runcon.1.gz.remove-bak by coreutils-switch', none removed.
No diversion 'diversion of /usr/share/man/man1/seq.1.gz to /usr/share/man/man1/seq.1.gz.remove-bak by coreutils-switch', none removed.
No diversion 'diversion of /usr/share/man/man1/shred.1.gz to /usr/share/man/man1/shred.1.gz.remove-bak by coreutils-switch', none removed.
No diversion 'diversion of /usr/share/man/man1/shuf.1.gz to /usr/share/man/man1/shuf.1.gz.remove-bak by coreutils-switch', none removed.
No diversion 'diversion of /usr/share/man/man1/sleep.1.gz to /usr/share/man/man1/sleep.1.gz.remove-bak by coreutils-switch', none removed.
No diversion 'diversion of /usr/share/man/man1/sort.1.gz to /usr/share/man/man1/sort.1.gz.remove-bak by coreutils-switch', none removed.
No diversion 'diversion of /usr/share/man/man1/split.1.gz to /usr/share/man/man1/split.1.gz.remove-bak by coreutils-switch', none removed.
No diversion 'diversion of /usr/share/man/man1/stat.1.gz to /usr/share/man/man1/stat.1.gz.remove-bak by coreutils-switch', none removed.
No diversion 'diversion of /usr/share/man/man1/stdbuf.1.gz to /usr/share/man/man1/stdbuf.1.gz.remove-bak by coreutils-switch', none removed.
No diversion 'diversion of /usr/share/man/man1/stty.1.gz to /usr/share/man/man1/stty.1.gz.remove-bak by coreutils-switch', none removed.
No diversion 'diversion of /usr/share/man/man1/sum.1.gz to /usr/share/man/man1/sum.1.gz.remove-bak by coreutils-switch', none removed.
No diversion 'diversion of /usr/share/man/man1/sync.1.gz to /usr/share/man/man1/sync.1.gz.remove-bak by coreutils-switch', none removed.
No diversion 'diversion of /usr/share/man/man1/tac.1.gz to /usr/share/man/man1/tac.1.gz.remove-bak by coreutils-switch', none removed.
No diversion 'diversion of /usr/share/man/man1/tail.1.gz to /usr/share/man/man1/tail.1.gz.remove-bak by coreutils-switch', none removed.
No diversion 'diversion of /usr/share/man/man1/tee.1.gz to /usr/share/man/man1/tee.1.gz.remove-bak by coreutils-switch', none removed.
No diversion 'diversion of /usr/share/man/man1/test.1.gz to /usr/share/man/man1/test.1.gz.remove-bak by coreutils-switch', none removed.
No diversion 'diversion of /usr/share/man/man1/timeout.1.gz to /usr/share/man/man1/timeout.1.gz.remove-bak by coreutils-switch', none removed.
No diversion 'diversion of /usr/share/man/man1/touch.1.gz to /usr/share/man/man1/touch.1.gz.remove-bak by coreutils-switch', none removed.
No diversion 'diversion of /usr/share/man/man1/tr.1.gz to /usr/share/man/man1/tr.1.gz.remove-bak by coreutils-switch', none removed.
No diversion 'diversion of /usr/share/man/man1/true.1.gz to /usr/share/man/man1/true.1.gz.remove-bak by coreutils-switch', none removed.
No diversion 'diversion of /usr/share/man/man1/truncate.1.gz to /usr/share/man/man1/truncate.1.gz.remove-bak by coreutils-switch', none removed.
No diversion 'diversion of /usr/share/man/man1/tsort.1.gz to /usr/share/man/man1/tsort.1.gz.remove-bak by coreutils-switch', none removed.
No diversion 'diversion of /usr/share/man/man1/tty.1.gz to /usr/share/man/man1/tty.1.gz.remove-bak by coreutils-switch', none removed.
No diversion 'diversion of /usr/share/man/man1/uname.1.gz to /usr/share/man/man1/uname.1.gz.remove-bak by coreutils-switch', none removed.
No diversion 'diversion of /usr/share/man/man1/unexpand.1.gz to /usr/share/man/man1/unexpand.1.gz.remove-bak by coreutils-switch', none removed.
No diversion 'diversion of /usr/share/man/man1/uniq.1.gz to /usr/share/man/man1/uniq.1.gz.remove-bak by coreutils-switch', none removed.
No diversion 'diversion of /usr/share/man/man1/unlink.1.gz to /usr/share/man/man1/unlink.1.gz.remove-bak by coreutils-switch', none removed.
No diversion 'diversion of /usr/share/man/man1/users.1.gz to /usr/share/man/man1/users.1.gz.remove-bak by coreutils-switch', none removed.
No diversion 'diversion of /usr/share/man/man1/vdir.1.gz to /usr/share/man/man1/vdir.1.gz.remove-bak by coreutils-switch', none removed.
No diversion 'diversion of /usr/share/man/man1/wc.1.gz to /usr/share/man/man1/wc.1.gz.remove-bak by coreutils-switch', none removed.
No diversion 'diversion of /usr/share/man/man1/who.1.gz to /usr/share/man/man1/who.1.gz.remove-bak by coreutils-switch', none removed.
No diversion 'diversion of /usr/share/man/man1/whoami.1.gz to /usr/share/man/man1/whoami.1.gz.remove-bak by coreutils-switch', none removed.
No diversion 'diversion of /usr/share/man/man1/yes.1.gz to /usr/share/man/man1/yes.1.gz.remove-bak by coreutils-switch', none removed.
No diversion 'diversion of /usr/share/man/man1/[.1.gz to /usr/share/man/man1/[.1.gz.remove-bak by coreutils-switch', none removed.
Unpacking coreutils-from-uutils (0.0.0~ubuntu25) ...
Selecting previously unselected package dash.
Preparing to unpack .../dash_0.5.12-12ubuntu3_amd64.deb ...
Unpacking dash (0.5.12-12ubuntu3) ...
Preparing to unpack .../debconf_1.5.92_all.deb ...
Unpacking debconf (1.5.92) over (1.5.92) ...
Selecting previously unselected package debianutils.
Preparing to unpack .../debianutils_5.23.2build1_amd64.deb ...
Unpacking debianutils (5.23.2build1) ...
Selecting previously unselected package diffutils.
Preparing to unpack .../diffutils_1%3a3.12-1_amd64.deb ...
Unpacking diffutils (1:3.12-1) ...
dpkg: regarding .../dpkg_1.23.7ubuntu1_amd64.deb containing dpkg, pre-dependency problem:
 dpkg pre-depends on libbz2-1.0
  libbz2-1.0 is not installed.

dpkg: warning: ignoring pre-dependency problem!
dpkg: regarding .../dpkg_1.23.7ubuntu1_amd64.deb containing dpkg, pre-dependency problem:
 dpkg pre-depends on liblzma5 (>= 5.4.0)
  liblzma5 is not installed.

dpkg: warning: ignoring pre-dependency problem!
dpkg: regarding .../dpkg_1.23.7ubuntu1_amd64.deb containing dpkg, pre-dependency problem:
 dpkg pre-depends on libmd0 (>= 0.0.0)
  libmd0 is not installed.

dpkg: warning: ignoring pre-dependency problem!
dpkg: regarding .../dpkg_1.23.7ubuntu1_amd64.deb containing dpkg, pre-dependency problem:
 dpkg pre-depends on libselinux1 (>= 3.1~)
  libselinux1 is not installed.

dpkg: warning: ignoring pre-dependency problem!
dpkg: regarding .../dpkg_1.23.7ubuntu1_amd64.deb containing dpkg, pre-dependency problem:
 dpkg pre-depends on libzstd1 (>= 1.5.5)
  libzstd1 is not installed.

dpkg: warning: ignoring pre-dependency problem!
dpkg: regarding .../dpkg_1.23.7ubuntu1_amd64.deb containing dpkg, pre-dependency problem:
 dpkg pre-depends on zlib1g (>= 1:1.1.4)
  zlib1g is not installed.

dpkg: warning: ignoring pre-dependency problem!
Preparing to unpack .../dpkg_1.23.7ubuntu1_amd64.deb ...
Unpacking dpkg (1.23.7ubuntu1) over (1.23.7ubuntu1) ...
Selecting previously unselected package e2fsprogs.
dpkg: regarding .../e2fsprogs_1.47.2-3ubuntu4_amd64.deb containing e2fsprogs, pre-dependency problem:
 e2fsprogs pre-depends on libblkid1 (>= 2.36)
  libblkid1 is not installed.

dpkg: warning: ignoring pre-dependency problem!
dpkg: regarding .../e2fsprogs_1.47.2-3ubuntu4_amd64.deb containing e2fsprogs, pre-dependency problem:
 e2fsprogs pre-depends on libcom-err2 (>= 1.43.9)
  libcom-err2 is not installed.

dpkg: warning: ignoring pre-dependency problem!
dpkg: regarding .../e2fsprogs_1.47.2-3ubuntu4_amd64.deb containing e2fsprogs, pre-dependency problem:
 e2fsprogs pre-depends on libext2fs2t64 (= 1.47.2-3ubuntu4)
  libext2fs2t64 is not installed.

dpkg: warning: ignoring pre-dependency problem!
dpkg: regarding .../e2fsprogs_1.47.2-3ubuntu4_amd64.deb containing e2fsprogs, pre-dependency problem:
 e2fsprogs pre-depends on libss2 (>= 1.38)
  libss2 is not installed.

dpkg: warning: ignoring pre-dependency problem!
dpkg: regarding .../e2fsprogs_1.47.2-3ubuntu4_amd64.deb containing e2fsprogs, pre-dependency problem:
 e2fsprogs pre-depends on libuuid1 (>= 2.16)
  libuuid1 is not installed.

dpkg: warning: ignoring pre-dependency problem!
Preparing to unpack .../e2fsprogs_1.47.2-3ubuntu4_amd64.deb ...
Unpacking e2fsprogs (1.47.2-3ubuntu4) ...
Selecting previously unselected package findutils.
dpkg: regarding .../findutils_4.10.0-3build2_amd64.deb containing findutils, pre-dependency problem:
 findutils pre-depends on libselinux1 (>= 3.1~)
  libselinux1 is not installed.

dpkg: warning: ignoring pre-dependency problem!
Preparing to unpack .../findutils_4.10.0-3build2_amd64.deb ...
Unpacking findutils (4.10.0-3build2) ...
Selecting previously unselected package gcc-16-base:amd64.
Preparing to unpack .../gcc-16-base_16-20260322-1ubuntu1_amd64.deb ...
Unpacking gcc-16-base:amd64 (16-20260322-1ubuntu1) ...
Selecting previously unselected package gnu-coreutils.
dpkg: regarding .../gnu-coreutils_9.7-3ubuntu2_amd64.deb containing gnu-coreutils, pre-dependency problem:
 gnu-coreutils pre-depends on libacl1 (>= 2.2.23)
  libacl1 is not installed.

dpkg: warning: ignoring pre-dependency problem!
dpkg: regarding .../gnu-coreutils_9.7-3ubuntu2_amd64.deb containing gnu-coreutils, pre-dependency problem:
 gnu-coreutils pre-depends on libattr1 (>= 1:2.4.48)
  libattr1 is not installed.

dpkg: warning: ignoring pre-dependency problem!
dpkg: regarding .../gnu-coreutils_9.7-3ubuntu2_amd64.deb containing gnu-coreutils, pre-dependency problem:
 gnu-coreutils pre-depends on libgmp10 (>= 2:6.3.0+dfsg)
  libgmp10 is not installed.

dpkg: warning: ignoring pre-dependency problem!
dpkg: regarding .../gnu-coreutils_9.7-3ubuntu2_amd64.deb containing gnu-coreutils, pre-dependency problem:
 gnu-coreutils pre-depends on libselinux1 (>= 3.1~)
  libselinux1 is not installed.

dpkg: warning: ignoring pre-dependency problem!
dpkg: regarding .../gnu-coreutils_9.7-3ubuntu2_amd64.deb containing gnu-coreutils, pre-dependency problem:
 gnu-coreutils pre-depends on libssl3t64 (>= 3.0.0)
  libssl3t64 is not installed.

dpkg: warning: ignoring pre-dependency problem!
dpkg: regarding .../gnu-coreutils_9.7-3ubuntu2_amd64.deb containing gnu-coreutils, pre-dependency problem:
 gnu-coreutils pre-depends on libsystemd0 (>= 254)
  libsystemd0 is not installed.

dpkg: warning: ignoring pre-dependency problem!
Preparing to unpack .../gnu-coreutils_9.7-3ubuntu2_amd64.deb ...
Unpacking gnu-coreutils (9.7-3ubuntu2) ...
Selecting previously unselected package grep.
dpkg: regarding .../archives/grep_3.12-1_amd64.deb containing grep, pre-dependency problem:
 grep pre-depends on libpcre2-8-0 (>= 10.32)
  libpcre2-8-0 is not installed.

dpkg: warning: ignoring pre-dependency problem!
Preparing to unpack .../archives/grep_3.12-1_amd64.deb ...
Unpacking grep (3.12-1) ...
Selecting previously unselected package gzip.
Preparing to unpack .../gzip_1.14-1~exp2ubuntu1_amd64.deb ...
Unpacking gzip (1.14-1~exp2ubuntu1) ...
Selecting previously unselected package hostname.
Preparing to unpack .../hostname_3.25build1_amd64.deb ...
Unpacking hostname (3.25build1) ...
Selecting previously unselected package init-system-helpers.
Preparing to unpack .../init-system-helpers_1.69_all.deb ...
Unpacking init-system-helpers (1.69) ...
Selecting previously unselected package libacl1:amd64.
Preparing to unpack .../libacl1_2.3.2-2_amd64.deb ...
Unpacking libacl1:amd64 (2.3.2-2) ...
Selecting previously unselected package libattr1:amd64.
Preparing to unpack .../libattr1_1%3a2.5.2-4_amd64.deb ...
Unpacking libattr1:amd64 (1:2.5.2-4) ...
Selecting previously unselected package libaudit-common.
Preparing to unpack .../libaudit-common_1%3a4.1.2-1build1_all.deb ...
Unpacking libaudit-common (1:4.1.2-1build1) ...
Selecting previously unselected package libaudit1:amd64.
Preparing to unpack .../libaudit1_1%3a4.1.2-1build1_amd64.deb ...
Unpacking libaudit1:amd64 (1:4.1.2-1build1) ...
Selecting previously unselected package libblkid1:amd64.
Preparing to unpack .../libblkid1_2.41.3-3ubuntu2_amd64.deb ...
Unpacking libblkid1:amd64 (2.41.3-3ubuntu2) ...
Selecting previously unselected package libbsd0:amd64.
Preparing to unpack .../libbsd0_0.12.2-2build2_amd64.deb ...
Unpacking libbsd0:amd64 (0.12.2-2build2) ...
Selecting previously unselected package libbz2-1.0:amd64.
Preparing to unpack .../libbz2-1.0_1.0.8-6build2_amd64.deb ...
Unpacking libbz2-1.0:amd64 (1.0.8-6build2) ...
Selecting previously unselected package libc-bin.
Preparing to unpack .../libc-bin_2.43-2ubuntu2_amd64.deb ...
Unpacking libc-bin (2.43-2ubuntu2) ...
Selecting previously unselected package libc-gconv-modules-extra:amd64.
Preparing to unpack .../libc-gconv-modules-extra_2.43-2ubuntu2_amd64.deb ...
Unpacking libc-gconv-modules-extra:amd64 (2.43-2ubuntu2) ...
Preparing to unpack .../libc6_2.43-2ubuntu2_amd64.deb ...
Unpacking libc6:amd64 (2.43-2ubuntu2) over (2.43-2ubuntu2) ...
Selecting previously unselected package libcap-ng0:amd64.
Preparing to unpack .../libcap-ng0_0.8.5-4build5_amd64.deb ...
Unpacking libcap-ng0:amd64 (0.8.5-4build5) ...
Selecting previously unselected package libcom-err2:amd64.
Preparing to unpack .../libcom-err2_1.47.2-3ubuntu4_amd64.deb ...
Unpacking libcom-err2:amd64 (1.47.2-3ubuntu4) ...
Selecting previously unselected package libcrypt1:amd64.
Preparing to unpack .../libcrypt1_1%3a4.5.1-1_amd64.deb ...
Unpacking libcrypt1:amd64 (1:4.5.1-1) ...
Selecting previously unselected package libdb5.3t64:amd64.
Preparing to unpack .../libdb5.3t64_5.3.28+dfsg2-10ubuntu1_amd64.deb ...
Unpacking libdb5.3t64:amd64 (5.3.28+dfsg2-10ubuntu1) ...
Selecting previously unselected package libdebconfclient0:amd64.
Preparing to unpack .../libdebconfclient0_0.280ubuntu1_amd64.deb ...
Unpacking libdebconfclient0:amd64 (0.280ubuntu1) ...
Selecting previously unselected package libext2fs2t64:amd64.
Preparing to unpack .../libext2fs2t64_1.47.2-3ubuntu4_amd64.deb ...
Adding 'diversion of /lib/x86_64-linux-gnu/libe2p.so.2 to /lib/x86_64-linux-gnu/libe2p.so.2.usr-is-merged by libext2fs2t64'
Adding 'diversion of /lib/x86_64-linux-gnu/libe2p.so.2.3 to /lib/x86_64-linux-gnu/libe2p.so.2.3.usr-is-merged by libext2fs2t64'
Adding 'diversion of /lib/x86_64-linux-gnu/libext2fs.so.2 to /lib/x86_64-linux-gnu/libext2fs.so.2.usr-is-merged by libext2fs2t64'
Adding 'diversion of /lib/x86_64-linux-gnu/libext2fs.so.2.4 to /lib/x86_64-linux-gnu/libext2fs.so.2.4.usr-is-merged by libext2fs2t64'
Unpacking libext2fs2t64:amd64 (1.47.2-3ubuntu4) ...
Selecting previously unselected package libgcc-s1:amd64.
Preparing to unpack .../libgcc-s1_16-20260322-1ubuntu1_amd64.deb ...
Unpacking libgcc-s1:amd64 (16-20260322-1ubuntu1) ...
Selecting previously unselected package libgmp10:amd64.
Preparing to unpack .../libgmp10_2%3a6.3.0+dfsg-5ubuntu2_amd64.deb ...
Unpacking libgmp10:amd64 (2:6.3.0+dfsg-5ubuntu2) ...
Selecting previously unselected package liblzma5:amd64.
Preparing to unpack .../liblzma5_5.8.3-1_amd64.deb ...
Unpacking liblzma5:amd64 (5.8.3-1) ...
Selecting previously unselected package libmd0:amd64.
Preparing to unpack .../libmd0_1.1.0-2build4_amd64.deb ...
Unpacking libmd0:amd64 (1.1.0-2build4) ...
Selecting previously unselected package libmount1:amd64.
Preparing to unpack .../libmount1_2.41.3-3ubuntu2_amd64.deb ...
Unpacking libmount1:amd64 (2.41.3-3ubuntu2) ...
Selecting previously unselected package libncursesw6:amd64.
Preparing to unpack .../libncursesw6_6.6+20251231-1_amd64.deb ...
Unpacking libncursesw6:amd64 (6.6+20251231-1) ...
Selecting previously unselected package libpam-modules:amd64.
dpkg: regarding .../libpam-modules_1.7.0-5ubuntu3_amd64.deb containing libpam-modules:amd64, pre-dependency problem:
 libpam-modules pre-depends on libaudit1 (>= 1:2.2.1)
  libaudit1:amd64 is unpacked, but has never been configured.

dpkg: warning: ignoring pre-dependency problem!
dpkg: regarding .../libpam-modules_1.7.0-5ubuntu3_amd64.deb containing libpam-modules:amd64, pre-dependency problem:
 libpam-modules pre-depends on libcrypt1 (>= 1:4.3.0)
  libcrypt1:amd64 is unpacked, but has never been configured.

dpkg: warning: ignoring pre-dependency problem!
dpkg: regarding .../libpam-modules_1.7.0-5ubuntu3_amd64.deb containing libpam-modules:amd64, pre-dependency problem:
 libpam-modules pre-depends on libdb5.3t64
  libdb5.3t64:amd64 is unpacked, but has never been configured.

dpkg: warning: ignoring pre-dependency problem!
dpkg: regarding .../libpam-modules_1.7.0-5ubuntu3_amd64.deb containing libpam-modules:amd64, pre-dependency problem:
 libpam-modules pre-depends on libpam0g (>= 1.4.1)
  libpam0g is not installed.

dpkg: warning: ignoring pre-dependency problem!
dpkg: regarding .../libpam-modules_1.7.0-5ubuntu3_amd64.deb containing libpam-modules:amd64, pre-dependency problem:
 libpam-modules pre-depends on libselinux1 (>= 3.1~)
  libselinux1 is not installed.

dpkg: warning: ignoring pre-dependency problem!
dpkg: regarding .../libpam-modules_1.7.0-5ubuntu3_amd64.deb containing libpam-modules:amd64, pre-dependency problem:
 libpam-modules pre-depends on libsystemd0 (>= 254)
  libsystemd0 is not installed.

dpkg: warning: ignoring pre-dependency problem!
dpkg: regarding .../libpam-modules_1.7.0-5ubuntu3_amd64.deb containing libpam-modules:amd64, pre-dependency problem:
 libpam-modules pre-depends on libpam-modules-bin (= 1.7.0-5ubuntu3)
  libpam-modules-bin is not installed.

dpkg: warning: ignoring pre-dependency problem!
Preparing to unpack .../libpam-modules_1.7.0-5ubuntu3_amd64.deb ...
Unpacking libpam-modules:amd64 (1.7.0-5ubuntu3) ...
Selecting previously unselected package libpam-modules-bin.
Preparing to unpack .../libpam-modules-bin_1.7.0-5ubuntu3_amd64.deb ...
Unpacking libpam-modules-bin (1.7.0-5ubuntu3) ...
Selecting previously unselected package libpam-runtime.
Preparing to unpack .../libpam-runtime_1.7.0-5ubuntu3_all.deb ...
Unpacking libpam-runtime (1.7.0-5ubuntu3) ...
Selecting previously unselected package libpam0g:amd64.
Preparing to unpack .../libpam0g_1.7.0-5ubuntu3_amd64.deb ...
Unpacking libpam0g:amd64 (1.7.0-5ubuntu3) ...
Selecting previously unselected package libpcre2-8-0:amd64.
Preparing to unpack .../libpcre2-8-0_10.46-1build1_amd64.deb ...
Unpacking libpcre2-8-0:amd64 (10.46-1build1) ...
Selecting previously unselected package libproc2-0:amd64.
Preparing to unpack .../libproc2-0_2%3a4.0.4-9ubuntu1_amd64.deb ...
Unpacking libproc2-0:amd64 (2:4.0.4-9ubuntu1) ...
Selecting previously unselected package libselinux1:amd64.
Preparing to unpack .../libselinux1_3.9-4build1_amd64.deb ...
Unpacking libselinux1:amd64 (3.9-4build1) ...
Selecting previously unselected package libsemanage-common.
Preparing to unpack .../libsemanage-common_3.9-1build1_all.deb ...
Unpacking libsemanage-common (3.9-1build1) ...
Selecting previously unselected package libsemanage2:amd64.
Preparing to unpack .../libsemanage2_3.9-1build1_amd64.deb ...
Unpacking libsemanage2:amd64 (3.9-1build1) ...
Selecting previously unselected package libsepol2:amd64.
Preparing to unpack .../libsepol2_3.9-2_amd64.deb ...
Unpacking libsepol2:amd64 (3.9-2) ...
Selecting previously unselected package libsmartcols1:amd64.
Preparing to unpack .../libsmartcols1_2.41.3-3ubuntu2_amd64.deb ...
Unpacking libsmartcols1:amd64 (2.41.3-3ubuntu2) ...
Selecting previously unselected package libss2:amd64.
Preparing to unpack .../libss2_1.47.2-3ubuntu4_amd64.deb ...
Unpacking libss2:amd64 (1.47.2-3ubuntu4) ...
Selecting previously unselected package libssl3t64:amd64.
Preparing to unpack .../libssl3t64_3.5.5-1ubuntu3_amd64.deb ...
Unpacking libssl3t64:amd64 (3.5.5-1ubuntu3) ...
Selecting previously unselected package libsystemd0:amd64.
Preparing to unpack .../libsystemd0_259.5-0ubuntu3_amd64.deb ...
Unpacking libsystemd0:amd64 (259.5-0ubuntu3) ...
Selecting previously unselected package libtinfo6:amd64.
Preparing to unpack .../libtinfo6_6.6+20251231-1_amd64.deb ...
Unpacking libtinfo6:amd64 (6.6+20251231-1) ...
Selecting previously unselected package libudev1:amd64.
Preparing to unpack .../libudev1_259.5-0ubuntu3_amd64.deb ...
Unpacking libudev1:amd64 (259.5-0ubuntu3) ...
Selecting previously unselected package libuuid1:amd64.
Preparing to unpack .../libuuid1_2.41.3-3ubuntu2_amd64.deb ...
Unpacking libuuid1:amd64 (2.41.3-3ubuntu2) ...
Selecting previously unselected package libzstd1:amd64.
Preparing to unpack .../libzstd1_1.5.7+dfsg-3_amd64.deb ...
Unpacking libzstd1:amd64 (1.5.7+dfsg-3) ...
Selecting previously unselected package login.
dpkg: regarding .../login_1%3a4.16.0-2+really2.41.3-3ubuntu2_amd64.deb containing login, pre-dependency problem:
 login pre-depends on login.defs (>= 1:4.16.0-1~)
  login.defs is not installed.

dpkg: warning: ignoring pre-dependency problem!
Preparing to unpack .../login_1%3a4.16.0-2+really2.41.3-3ubuntu2_amd64.deb ...
Unpacking login (1:4.16.0-2+really2.41.3-3ubuntu2) ...
Selecting previously unselected package login.defs.
Preparing to unpack .../login.defs_1%3a4.17.4-2ubuntu3_all.deb ...
Unpacking login.defs (1:4.17.4-2ubuntu3) ...
Selecting previously unselected package logsave.
Preparing to unpack .../logsave_1.47.2-3ubuntu4_amd64.deb ...
Unpacking logsave (1.47.2-3ubuntu4) ...
Preparing to unpack .../mawk_1.3.4.20260129-1_amd64.deb ...
Unpacking mawk (1.3.4.20260129-1) over (1.3.4.20260129-1) ...
Selecting previously unselected package mount.
dpkg: regarding .../mount_2.41.3-3ubuntu2_amd64.deb containing mount, pre-dependency problem:
 mount pre-depends on libblkid1 (= 2.41.3-3ubuntu2)
  libblkid1:amd64 is unpacked, but has never been configured.

dpkg: warning: ignoring pre-dependency problem!
dpkg: regarding .../mount_2.41.3-3ubuntu2_amd64.deb containing mount, pre-dependency problem:
 mount pre-depends on libmount1 (= 2.41.3-3ubuntu2)
  libmount1:amd64 is unpacked, but has never been configured.

dpkg: warning: ignoring pre-dependency problem!
dpkg: regarding .../mount_2.41.3-3ubuntu2_amd64.deb containing mount, pre-dependency problem:
 mount pre-depends on libselinux1 (>= 3.1~)
  libselinux1:amd64 is unpacked, but has never been configured.

dpkg: warning: ignoring pre-dependency problem!
dpkg: regarding .../mount_2.41.3-3ubuntu2_amd64.deb containing mount, pre-dependency problem:
 mount pre-depends on libsmartcols1 (= 2.41.3-3ubuntu2)
  libsmartcols1:amd64 is unpacked, but has never been configured.

dpkg: warning: ignoring pre-dependency problem!
Preparing to unpack .../mount_2.41.3-3ubuntu2_amd64.deb ...
Unpacking mount (2.41.3-3ubuntu2) ...
Selecting previously unselected package ncurses-base.
Preparing to unpack .../ncurses-base_6.6+20251231-1_all.deb ...
Unpacking ncurses-base (6.6+20251231-1) ...
Selecting previously unselected package ncurses-bin.
dpkg: regarding .../ncurses-bin_6.6+20251231-1_amd64.deb containing ncurses-bin, pre-dependency problem:
 ncurses-bin pre-depends on libtinfo6 (>= 6.6)
  libtinfo6:amd64 is unpacked, but has never been configured.

dpkg: warning: ignoring pre-dependency problem!
Preparing to unpack .../ncurses-bin_6.6+20251231-1_amd64.deb ...
Unpacking ncurses-bin (6.6+20251231-1) ...
Selecting previously unselected package openssl-provider-legacy.
Preparing to unpack .../openssl-provider-legacy_3.5.5-1ubuntu3_amd64.deb ...
Unpacking openssl-provider-legacy (3.5.5-1ubuntu3) ...
Selecting previously unselected package passwd.
Preparing to unpack .../passwd_1%3a4.17.4-2ubuntu3_amd64.deb ...
Unpacking passwd (1:4.17.4-2ubuntu3) ...
dpkg: regarding .../perl-base_5.40.1-7build1_amd64.deb containing perl-base, pre-dependency problem:
 perl-base pre-depends on libcrypt1 (>= 1:4.1.0)
  libcrypt1:amd64 is unpacked, but has never been configured.

dpkg: warning: ignoring pre-dependency problem!
Preparing to unpack .../perl-base_5.40.1-7build1_amd64.deb ...
Unpacking perl-base (5.40.1-7build1) over (5.40.1-7build1) ...
Selecting previously unselected package procps.
Preparing to unpack .../procps_2%3a4.0.4-9ubuntu1_amd64.deb ...
Unpacking procps (2:4.0.4-9ubuntu1) ...
Selecting previously unselected package rust-coreutils.
Preparing to unpack .../rust-coreutils_0.8.0-0ubuntu3_amd64.deb ...
Unpacking rust-coreutils (0.8.0-0ubuntu3) ...
Selecting previously unselected package sed.
dpkg: regarding .../sed_4.9-2build3_amd64.deb containing sed, pre-dependency problem:
 sed pre-depends on libacl1 (>= 2.2.23)
  libacl1:amd64 is unpacked, but has never been configured.

dpkg: warning: ignoring pre-dependency problem!
dpkg: regarding .../sed_4.9-2build3_amd64.deb containing sed, pre-dependency problem:
 sed pre-depends on libselinux1 (>= 3.1~)
  libselinux1:amd64 is unpacked, but has never been configured.

dpkg: warning: ignoring pre-dependency problem!
Preparing to unpack .../sed_4.9-2build3_amd64.deb ...
Unpacking sed (4.9-2build3) ...
Selecting previously unselected package sensible-utils.
Preparing to unpack .../sensible-utils_0.0.26build1_all.deb ...
Unpacking sensible-utils (0.0.26build1) ...
Selecting previously unselected package sysvinit-utils.
Preparing to unpack .../sysvinit-utils_3.15-5ubuntu1_amd64.deb ...
Unpacking sysvinit-utils (3.15-5ubuntu1) ...
Selecting previously unselected package tar.
dpkg: regarding .../tar_1.35+dfsg-4_amd64.deb containing tar, pre-dependency problem:
 tar pre-depends on libacl1 (>= 2.2.23)
  libacl1:amd64 is unpacked, but has never been configured.

dpkg: warning: ignoring pre-dependency problem!
dpkg: regarding .../tar_1.35+dfsg-4_amd64.deb containing tar, pre-dependency problem:
 tar pre-depends on libselinux1 (>= 3.1~)
  libselinux1:amd64 is unpacked, but has never been configured.

dpkg: warning: ignoring pre-dependency problem!
Preparing to unpack .../tar_1.35+dfsg-4_amd64.deb ...
Unpacking tar (1.35+dfsg-4) ...
Selecting previously unselected package util-linux.
dpkg: regarding .../util-linux_2.41.3-3ubuntu2_amd64.deb containing util-linux, pre-dependency problem:
 util-linux pre-depends on libpam-modules
  libpam-modules:amd64 is unpacked, but has never been configured.

dpkg: warning: ignoring pre-dependency problem!
dpkg: regarding .../util-linux_2.41.3-3ubuntu2_amd64.deb containing util-linux, pre-dependency problem:
 util-linux pre-depends on libpam-runtime
  libpam-runtime is unpacked, but has never been configured.

dpkg: warning: ignoring pre-dependency problem!
dpkg: regarding .../util-linux_2.41.3-3ubuntu2_amd64.deb containing util-linux, pre-dependency problem:
 util-linux pre-depends on libblkid1 (= 2.41.3-3ubuntu2)
  libblkid1:amd64 is unpacked, but has never been configured.

dpkg: warning: ignoring pre-dependency problem!
dpkg: regarding .../util-linux_2.41.3-3ubuntu2_amd64.deb containing util-linux, pre-dependency problem:
 util-linux pre-depends on libcap-ng0 (>= 0.7.9)
  libcap-ng0:amd64 is unpacked, but has never been configured.

dpkg: warning: ignoring pre-dependency problem!
dpkg: regarding .../util-linux_2.41.3-3ubuntu2_amd64.deb containing util-linux, pre-dependency problem:
 util-linux pre-depends on libcrypt1 (>= 1:4.1.0)
  libcrypt1:amd64 is unpacked, but has never been configured.

dpkg: warning: ignoring pre-dependency problem!
dpkg: regarding .../util-linux_2.41.3-3ubuntu2_amd64.deb containing util-linux, pre-dependency problem:
 util-linux pre-depends on libmount1 (= 2.41.3-3ubuntu2)
  libmount1:amd64 is unpacked, but has never been configured.

dpkg: warning: ignoring pre-dependency problem!
dpkg: regarding .../util-linux_2.41.3-3ubuntu2_amd64.deb containing util-linux, pre-dependency problem:
 util-linux pre-depends on libpam0g (>= 0.99.7.1)
  libpam0g:amd64 is unpacked, but has never been configured.

dpkg: warning: ignoring pre-dependency problem!
dpkg: regarding .../util-linux_2.41.3-3ubuntu2_amd64.deb containing util-linux, pre-dependency problem:
 util-linux pre-depends on libselinux1 (>= 3.1~)
  libselinux1:amd64 is unpacked, but has never been configured.

dpkg: warning: ignoring pre-dependency problem!
dpkg: regarding .../util-linux_2.41.3-3ubuntu2_amd64.deb containing util-linux, pre-dependency problem:
 util-linux pre-depends on libsmartcols1 (= 2.41.3-3ubuntu2)
  libsmartcols1:amd64 is unpacked, but has never been configured.

dpkg: warning: ignoring pre-dependency problem!
dpkg: regarding .../util-linux_2.41.3-3ubuntu2_amd64.deb containing util-linux, pre-dependency problem:
 util-linux pre-depends on libsystemd0
  libsystemd0:amd64 is unpacked, but has never been configured.

dpkg: warning: ignoring pre-dependency problem!
dpkg: regarding .../util-linux_2.41.3-3ubuntu2_amd64.deb containing util-linux, pre-dependency problem:
 util-linux pre-depends on libtinfo6 (>= 6)
  libtinfo6:amd64 is unpacked, but has never been configured.

dpkg: warning: ignoring pre-dependency problem!
dpkg: regarding .../util-linux_2.41.3-3ubuntu2_amd64.deb containing util-linux, pre-dependency problem:
 util-linux pre-depends on libudev1 (>= 183)
  libudev1:amd64 is unpacked, but has never been configured.

dpkg: warning: ignoring pre-dependency problem!
dpkg: regarding .../util-linux_2.41.3-3ubuntu2_amd64.deb containing util-linux, pre-dependency problem:
 util-linux pre-depends on libuuid1 (= 2.41.3-3ubuntu2)
  libuuid1:amd64 is unpacked, but has never been configured.

dpkg: warning: ignoring pre-dependency problem!
Preparing to unpack .../util-linux_2.41.3-3ubuntu2_amd64.deb ...
Unpacking util-linux (2.41.3-3ubuntu2) ...
Selecting previously unselected package zlib1g:amd64.
Preparing to unpack .../zlib1g_1%3a1.3.dfsg+really1.3.1-1ubuntu3_amd64.deb ...
Unpacking zlib1g:amd64 (1:1.3.dfsg+really1.3.1-1ubuntu3) ...
Setting up libc-gconv-modules-extra:amd64 (2.43-2ubuntu2) ...
Setting up login.defs (1:4.17.4-2ubuntu3) ...
Setting up gcc-16-base:amd64 (16-20260322-1ubuntu1) ...
Setting up libaudit-common (1:4.1.2-1build1) ...
Setting up libsemanage-common (3.9-1build1) ...
Setting up debconf (1.5.92) ...
Setting up ncurses-base (6.6+20251231-1) ...
Setting up init-system-helpers (1.69) ...
Setting up sensible-utils (0.0.26build1) ...
Setting up libgcc-s1:amd64 (16-20260322-1ubuntu1) ...
Setting up libc6:amd64 (2.43-2ubuntu2) ...
Setting up libdb5.3t64:amd64 (5.3.28+dfsg2-10ubuntu1) ...
Setting up libudev1:amd64 (259.5-0ubuntu3) ...
Setting up libmd0:amd64 (1.1.0-2build4) ...
Setting up libattr1:amd64 (1:2.5.2-4) ...
Setting up sysvinit-utils (3.15-5ubuntu1) ...
Setting up libext2fs2t64:amd64 (1.47.2-3ubuntu4) ...
Setting up debianutils (5.23.2build1) ...
update-alternatives: using /usr/bin/which.debianutils to provide /usr/bin/which (which) in auto mode
Setting up mawk (1.3.4.20260129-1) ...
Setting up libdebconfclient0:amd64 (0.280ubuntu1) ...
Setting up libbz2-1.0:amd64 (1.0.8-6build2) ...
Setting up libbsd0:amd64 (0.12.2-2build2) ...
Setting up libblkid1:amd64 (2.41.3-3ubuntu2) ...
Setting up dash (0.5.12-12ubuntu3) ...
Setting up libtinfo6:amd64 (6.6+20251231-1) ...
Setting up libzstd1:amd64 (1.5.7+dfsg-3) ...
Setting up liblzma5:amd64 (5.8.3-1) ...
Setting up libc-bin (2.43-2ubuntu2) ...
Setting up ncurses-bin (6.6+20251231-1) ...
Setting up libacl1:amd64 (2.3.2-2) ...
Setting up libsmartcols1:amd64 (2.41.3-3ubuntu2) ...
Setting up zlib1g:amd64 (1:1.3.dfsg+really1.3.1-1ubuntu3) ...
Setting up libcrypt1:amd64 (1:4.5.1-1) ...
Setting up libcom-err2:amd64 (1.47.2-3ubuntu4) ...
Setting up diffutils (1:3.12-1) ...
Setting up libsystemd0:amd64 (259.5-0ubuntu3) ...
Setting up perl-base (5.40.1-7build1) ...
Setting up openssl-provider-legacy (3.5.5-1ubuntu3) ...
Setting up hostname (3.25build1) ...
Setting up libcap-ng0:amd64 (0.8.5-4build5) ...
Setting up libgmp10:amd64 (2:6.3.0+dfsg-5ubuntu2) ...
Setting up libaudit1:amd64 (1:4.1.2-1build1) ...
Setting up libproc2-0:amd64 (2:4.0.4-9ubuntu1) ...
Setting up gzip (1.14-1~exp2ubuntu1) ...
Setting up libuuid1:amd64 (2.41.3-3ubuntu2) ...
Setting up libss2:amd64 (1.47.2-3ubuntu4) ...
Setting up libsepol2:amd64 (3.9-2) ...
Setting up libpcre2-8-0:amd64 (10.46-1build1) ...
Setting up libncursesw6:amd64 (6.6+20251231-1) ...
Setting up logsave (1.47.2-3ubuntu4) ...
Setting up procps (2:4.0.4-9ubuntu1) ...
Setting up base-files (14ubuntu6) ...
Setting up bash (5.3-2ubuntu1) ...
update-alternatives: using /usr/share/man/man7/bash-builtins.7.gz to provide /usr/share/man/man7/builtins.7.gz (builtins.7.gz) in auto mode
Setting up bsdutils (1:2.41.3-3ubuntu2) ...
Setting up grep (3.12-1) ...
Setting up libssl3t64:amd64 (3.5.5-1ubuntu3) ...
Setting up e2fsprogs (1.47.2-3ubuntu4) ...
Setting up libselinux1:amd64 (3.9-4build1) ...
Setting up libpam0g:amd64 (1.7.0-5ubuntu3) ...
Setting up gnu-coreutils (9.7-3ubuntu2) ...
Setting up sed (4.9-2build3) ...
Setting up findutils (4.10.0-3build2) ...
Setting up libmount1:amd64 (2.41.3-3ubuntu2) ...
Setting up libsemanage2:amd64 (3.9-1build1) ...
Setting up base-passwd (3.6.8) ...
Setting up tar (1.35+dfsg-4) ...
update-alternatives: using /usr/sbin/rmt-tar to provide /usr/sbin/rmt (rmt) in auto mode
Setting up libpam-modules-bin (1.7.0-5ubuntu3) ...
Setting up rust-coreutils (0.8.0-0ubuntu3) ...
Setting up dpkg (1.23.7ubuntu1) ...
Setting up mount (2.41.3-3ubuntu2) ...
Setting up coreutils-from-uutils (0.0.0~ubuntu25) ...
Setting up libpam-modules:amd64 (1.7.0-5ubuntu3) ...
Setting up coreutils (9.5-1ubuntu2+0.0.0~ubuntu25) ...
Setting up passwd (1:4.17.4-2ubuntu3) ...
Shadow passwords are now on.
Setting up libpam-runtime (1.7.0-5ubuntu3) ...
Setting up login (1:4.16.0-2+really2.41.3-3ubuntu2) ...
Setting up util-linux (2.41.3-3ubuntu2) ...
update-alternatives: using /bin/more to provide /usr/bin/pager (pager) in auto mode
Processing triggers for libc-bin (2.43-2ubuntu2) ...
(Reading database ... 7374 files and directories currently installed.)
Preparing to unpack .../libsystemd-shared_259.5-0ubuntu3_amd64.deb ...
Unpacking libsystemd-shared:amd64 (259.5-0ubuntu3) ...
Setting up libsystemd-shared:amd64 (259.5-0ubuntu3) ...
(Reading database ... 7382 files and directories currently installed.)
Preparing to unpack .../systemd_259.5-0ubuntu3_amd64.deb ...
Unpacking systemd (259.5-0ubuntu3) ...
Setting up systemd (259.5-0ubuntu3) ...
Created symlink '/etc/systemd/system/getty.target.wants/getty@tty1.service' -> '/usr/lib/systemd/system/getty@.service'.
Created symlink '/etc/systemd/system/multi-user.target.wants/remote-fs.target' -> '/usr/lib/systemd/system/remote-fs.target'.
Created symlink '/etc/systemd/system/sysinit.target.wants/systemd-pstore.service' -> '/usr/lib/systemd/system/systemd-pstore.service'.
Initializing machine ID from random generator.
/usr/lib/tmpfiles.d/systemd-network.conf:10: Failed to resolve user 'systemd-network': Unknown user
/usr/lib/tmpfiles.d/systemd-network.conf:11: Failed to resolve user 'systemd-network': Unknown user
/usr/lib/tmpfiles.d/systemd-network.conf:12: Failed to resolve user 'systemd-network': Unknown user
/usr/lib/tmpfiles.d/systemd-network.conf:13: Failed to resolve user 'systemd-network': Unknown user
/usr/lib/tmpfiles.d/systemd.conf:21: Failed to resolve group 'systemd-journal': Unknown group
/usr/lib/tmpfiles.d/systemd.conf:22: Failed to resolve group 'systemd-journal': Unknown group
/usr/lib/tmpfiles.d/systemd.conf:26: Failed to resolve group 'systemd-journal': Unknown group
/usr/lib/tmpfiles.d/systemd.conf:27: Failed to resolve group 'systemd-journal': Unknown group
/usr/lib/tmpfiles.d/systemd.conf:28: Failed to resolve group 'systemd-journal': Unknown group
Creating group 'systemd-journal' with GID 999.
Creating group 'systemd-network' with GID 998.
Creating user 'systemd-network' (systemd Network Management) with UID 998 and GID 998.
Processing triggers for procps (2:4.0.4-9ubuntu1) ...
(Reading database ... 8362 files and directories currently installed.)
Preparing to unpack .../systemd-sysv_259.5-0ubuntu3_amd64.deb ...
Unpacking systemd-sysv (259.5-0ubuntu3) ...
Setting up systemd-sysv (259.5-0ubuntu3) ...
(Reading database ... 8377 files and directories currently installed.)
Preparing to unpack .../adduser_3.153ubuntu1_all.deb ...
Unpacking adduser (3.153ubuntu1) ...
Preparing to unpack .../cron-daemon-common_3.0pl1-200ubuntu1_all.deb ...
Unpacking cron-daemon-common (3.0pl1-200ubuntu1) ...
Setting up adduser (3.153ubuntu1) ...
Setting up cron-daemon-common (3.0pl1-200ubuntu1) ...
Creating group 'crontab' with GID 997.
(Reading database ... 8480 files and directories currently installed.)
Preparing to unpack .../libexpat1_2.7.4-1_amd64.deb ...
Unpacking libexpat1:amd64 (2.7.4-1) ...
Preparing to unpack .../libpython3.14-minimal_3.14.4-1_amd64.deb ...
Unpacking libpython3.14-minimal:amd64 (3.14.4-1) ...
Preparing to unpack .../python3.14-minimal_3.14.4-1_amd64.deb ...
Unpacking python3.14-minimal (3.14.4-1) ...
Setting up libexpat1:amd64 (2.7.4-1) ...
Setting up libpython3.14-minimal:amd64 (3.14.4-1) ...
Setting up python3.14-minimal (3.14.4-1) ...
Processing triggers for libc-bin (2.43-2ubuntu2) ...
Processing triggers for systemd (259.5-0ubuntu3) ...
(Reading database ... 8833 files and directories currently installed.)
Preparing to unpack .../python3-minimal_3.14.3-0ubuntu2_amd64.deb ...
Unpacking python3-minimal (3.14.3-0ubuntu2) ...
Setting up python3-minimal (3.14.3-0ubuntu2) ...
(Reading database ... 8854 files and directories currently installed.)
Preparing to unpack .../sudo-common_1.2ubuntu_all.deb ...
Unpacking sudo-common (1.2ubuntu) ...
Setting up sudo-common (1.2ubuntu) ...
(Reading database ... 8869 files and directories currently installed.)
Preparing to unpack .../archives/apt_3.2.0_amd64.deb ...
Unpacking apt (3.2.0) ...
Preparing to unpack .../ca-certificates_20260223_all.deb ...
Unpacking ca-certificates (20260223) ...
Preparing to unpack .../chrony_4.8-2ubuntu1_amd64.deb ...
Unpacking chrony (4.8-2ubuntu1) ...
Preparing to unpack .../console-setup_1.237ubuntu3_all.deb ...
Unpacking console-setup (1.237ubuntu3) ...
Preparing to unpack .../console-setup-linux_1.237ubuntu3_all.deb ...
Unpacking console-setup-linux (1.237ubuntu3) ...
Preparing to unpack .../cron_3.0pl1-200ubuntu1_amd64.deb ...
Unpacking cron (3.0pl1-200ubuntu1) ...
Preparing to unpack .../dbus_1.16.2-2ubuntu4_amd64.deb ...
Unpacking dbus (1.16.2-2ubuntu4) ...
Preparing to unpack .../dbus-bin_1.16.2-2ubuntu4_amd64.deb ...
Unpacking dbus-bin (1.16.2-2ubuntu4) ...
Preparing to unpack .../dbus-daemon_1.16.2-2ubuntu4_amd64.deb ...
Unpacking dbus-daemon (1.16.2-2ubuntu4) ...
Preparing to unpack .../dbus-session-bus-common_1.16.2-2ubuntu4_all.deb ...
Unpacking dbus-session-bus-common (1.16.2-2ubuntu4) ...
Preparing to unpack .../dbus-system-bus-common_1.16.2-2ubuntu4_all.deb ...
Unpacking dbus-system-bus-common (1.16.2-2ubuntu4) ...
Preparing to unpack .../dbus-user-session_1.16.2-2ubuntu4_amd64.deb ...
Unpacking dbus-user-session (1.16.2-2ubuntu4) ...
Preparing to unpack .../debconf-i18n_1.5.92_all.deb ...
Unpacking debconf-i18n (1.5.92) ...
Preparing to unpack .../dhcpcd-base_1%3a10.3.0-7_amd64.deb ...
Unpacking dhcpcd-base (1:10.3.0-7) ...
Preparing to unpack .../distro-info_1.15_amd64.deb ...
Unpacking distro-info (1.15) ...
Preparing to unpack .../distro-info-data_0.68build1_all.deb ...
Unpacking distro-info-data (0.68build1) ...
Preparing to unpack .../dmsetup_2%3a1.02.205-2ubuntu3_amd64.deb ...
Unpacking dmsetup (2:1.02.205-2ubuntu3) ...
Preparing to unpack .../eject_2.41.3-3ubuntu2_amd64.deb ...
Unpacking eject (2.41.3-3ubuntu2) ...
Preparing to unpack .../ethtool_1%3a6.19-1_amd64.deb ...
Unpacking ethtool (1:6.19-1) ...
Preparing to unpack .../gir1.2-girepository-3.0_2.88.0-1_amd64.deb ...
Unpacking gir1.2-girepository-3.0:amd64 (2.88.0-1) ...
Preparing to unpack .../gir1.2-glib-2.0_2.88.0-1_amd64.deb ...
Unpacking gir1.2-glib-2.0:amd64 (2.88.0-1) ...
Preparing to unpack .../gpgv_2.4.8-4ubuntu3_amd64.deb ...
Unpacking gpgv (2.4.8-4ubuntu3) ...
Preparing to unpack .../archives/init_1.69_amd64.deb ...
Unpacking init (1.69) ...
Preparing to unpack .../iproute2_6.19.0-1ubuntu1_amd64.deb ...
Unpacking iproute2 (6.19.0-1ubuntu1) ...
Preparing to unpack .../iputils-ping_3%3a20250605-1ubuntu1_amd64.deb ...
Unpacking iputils-ping (3:20250605-1ubuntu1) ...
Preparing to unpack .../iso-codes_4.20.1-1_all.deb ...
Unpacking iso-codes (4.20.1-1) ...
Preparing to unpack .../kbd_2.7.1-2ubuntu2_amd64.deb ...
Unpacking kbd (2.7.1-2ubuntu2) ...
Preparing to unpack .../keyboard-configuration_1.237ubuntu3_all.deb ...
Unpacking keyboard-configuration (1.237ubuntu3) ...
Preparing to unpack .../kmod_34.2-2ubuntu2_amd64.deb ...
Unpacking kmod (34.2-2ubuntu2) ...
Preparing to unpack .../krb5-locales_1.22.1-2ubuntu4_all.deb ...
Unpacking krb5-locales (1.22.1-2ubuntu4) ...
Preparing to unpack .../less_668-1build1_amd64.deb ...
Unpacking less (668-1build1) ...
Preparing to unpack .../libapparmor1_5.0.0~beta1-0ubuntu7_amd64.deb ...
Unpacking libapparmor1:amd64 (5.0.0~beta1-0ubuntu7) ...
Preparing to unpack .../libapt-pkg7.0_3.2.0_amd64.deb ...
Unpacking libapt-pkg7.0:amd64 (3.2.0) ...
Preparing to unpack .../libatomic1_16-20260322-1ubuntu1_amd64.deb ...
Unpacking libatomic1:amd64 (16-20260322-1ubuntu1) ...
Preparing to unpack .../libbpf1_1%3a1.6.3-1ubuntu1_amd64.deb ...
Unpacking libbpf1:amd64 (1:1.6.3-1ubuntu1) ...
Preparing to unpack .../libcap2_1%3a2.75-10ubuntu2_amd64.deb ...
Unpacking libcap2:amd64 (1:2.75-10ubuntu2) ...
Preparing to unpack .../libcap2-bin_1%3a2.75-10ubuntu2_amd64.deb ...
Unpacking libcap2-bin (1:2.75-10ubuntu2) ...
Preparing to unpack .../libcryptsetup12_2%3a2.8.4-1ubuntu4_amd64.deb ...
Unpacking libcryptsetup12:amd64 (2:2.8.4-1ubuntu4) ...
Preparing to unpack .../libdbus-1-3_1.16.2-2ubuntu4_amd64.deb ...
Unpacking libdbus-1-3:amd64 (1.16.2-2ubuntu4) ...
Preparing to unpack .../libdevmapper1.02.1_2%3a1.02.205-2ubuntu3_amd64.deb ...
Unpacking libdevmapper1.02.1:amd64 (2:1.02.205-2ubuntu3) ...
Preparing to unpack .../libedit2_3.1-20251016-1_amd64.deb ...
Unpacking libedit2:amd64 (3.1-20251016-1) ...
Preparing to unpack .../libelf1t64_0.194-4_amd64.deb ...
Unpacking libelf1t64:amd64 (0.194-4) ...
Preparing to unpack .../libestr0_0.1.11-2build1_amd64.deb ...
Unpacking libestr0:amd64 (0.1.11-2build1) ...
Preparing to unpack .../libfastjson4_1.2304.0-2build1_amd64.deb ...
Unpacking libfastjson4:amd64 (1.2304.0-2build1) ...
Preparing to unpack .../libffi8_3.5.2-4_amd64.deb ...
Unpacking libffi8:amd64 (3.5.2-4) ...
Preparing to unpack .../libfribidi0_1.0.16-5_amd64.deb ...
Unpacking libfribidi0:amd64 (1.0.16-5) ...
Preparing to unpack .../libgcrypt20_1.12.0-2_amd64.deb ...
Unpacking libgcrypt20:amd64 (1.12.0-2) ...
Preparing to unpack .../libgirepository-2.0-0_2.88.0-1_amd64.deb ...
Unpacking libgirepository-2.0-0:amd64 (2.88.0-1) ...
Preparing to unpack .../libglib2.0-0t64_2.88.0-1_amd64.deb ...
Unpacking libglib2.0-0t64:amd64 (2.88.0-1) ...
Preparing to unpack .../libglib2.0-data_2.88.0-1_all.deb ...
Unpacking libglib2.0-data (2.88.0-1) ...
Preparing to unpack .../libgnutls30t64_3.8.12-2ubuntu1_amd64.deb ...
Unpacking libgnutls30t64:amd64 (3.8.12-2ubuntu1) ...
Preparing to unpack .../libgpg-error-l10n_1.58-2_all.deb ...
Unpacking libgpg-error-l10n (1.58-2) ...
Preparing to unpack .../libgpg-error0_1.58-2_amd64.deb ...
Unpacking libgpg-error0:amd64 (1.58-2) ...
Preparing to unpack .../libgssapi-krb5-2_1.22.1-2ubuntu4_amd64.deb ...
Unpacking libgssapi-krb5-2:amd64 (1.22.1-2ubuntu4) ...
Preparing to unpack .../libhogweed6t64_3.10.2-1_amd64.deb ...
Unpacking libhogweed6t64:amd64 (3.10.2-1) ...
Preparing to unpack .../libidn2-0_2.3.8-4build1_amd64.deb ...
Unpacking libidn2-0:amd64 (2.3.8-4build1) ...
Preparing to unpack .../libjson-c5_0.18+ds-3_amd64.deb ...
Unpacking libjson-c5:amd64 (0.18+ds-3) ...
Preparing to unpack .../libk5crypto3_1.22.1-2ubuntu4_amd64.deb ...
Unpacking libk5crypto3:amd64 (1.22.1-2ubuntu4) ...
Preparing to unpack .../libkeyutils1_1.6.3-6ubuntu3_amd64.deb ...
Unpacking libkeyutils1:amd64 (1.6.3-6ubuntu3) ...
Preparing to unpack .../libkmod2_34.2-2ubuntu2_amd64.deb ...
Unpacking libkmod2:amd64 (34.2-2ubuntu2) ...
Preparing to unpack .../libkrb5-3_1.22.1-2ubuntu4_amd64.deb ...
Unpacking libkrb5-3:amd64 (1.22.1-2ubuntu4) ...
Preparing to unpack .../libkrb5support0_1.22.1-2ubuntu4_amd64.deb ...
Unpacking libkrb5support0:amd64 (1.22.1-2ubuntu4) ...
Preparing to unpack .../liblocale-gettext-perl_1.07-8_amd64.deb ...
Unpacking liblocale-gettext-perl (1.07-8) ...
Preparing to unpack .../liblz4-1_1.10.0-8_amd64.deb ...
Unpacking liblz4-1:amd64 (1.10.0-8) ...
Preparing to unpack .../libmnl0_1.0.5-3build1_amd64.deb ...
Unpacking libmnl0:amd64 (1.0.5-3build1) ...
Preparing to unpack .../libnetplan1_1.2-1ubuntu5_amd64.deb ...
Unpacking libnetplan1:amd64 (1.2-1ubuntu5) ...
Preparing to unpack .../libnettle8t64_3.10.2-1_amd64.deb ...
Unpacking libnettle8t64:amd64 (3.10.2-1) ...
Preparing to unpack .../libnewt0.52_0.52.25-1ubuntu3_amd64.deb ...
Unpacking libnewt0.52:amd64 (0.52.25-1ubuntu3) ...
Preparing to unpack .../libnss-systemd_259.5-0ubuntu3_amd64.deb ...
Unpacking libnss-systemd:amd64 (259.5-0ubuntu3) ...
Preparing to unpack .../libp11-kit0_0.26.2-2_amd64.deb ...
Unpacking libp11-kit0:amd64 (0.26.2-2) ...
Preparing to unpack .../libpam-cap_1%3a2.75-10ubuntu2_amd64.deb ...
Unpacking libpam-cap:amd64 (1:2.75-10ubuntu2) ...
Preparing to unpack .../libpam-systemd_259.5-0ubuntu3_amd64.deb ...
Unpacking libpam-systemd:amd64 (259.5-0ubuntu3) ...
Preparing to unpack .../libpopt0_1.19+dfsg-2build1_amd64.deb ...
Unpacking libpopt0:amd64 (1.19+dfsg-2build1) ...
Preparing to unpack .../libpython3-stdlib_3.14.3-0ubuntu2_amd64.deb ...
Unpacking libpython3-stdlib:amd64 (3.14.3-0ubuntu2) ...
Preparing to unpack .../libpython3.14-stdlib_3.14.4-1_amd64.deb ...
Unpacking libpython3.14-stdlib:amd64 (3.14.4-1) ...
Preparing to unpack .../libreadline8t64_8.3-4_amd64.deb ...
Adding 'diversion of /lib/x86_64-linux-gnu/libhistory.so.8 to /lib/x86_64-linux-gnu/libhistory.so.8.usr-is-merged by libreadline8t64'
Adding 'diversion of /lib/x86_64-linux-gnu/libhistory.so.8.2 to /lib/x86_64-linux-gnu/libhistory.so.8.2.usr-is-merged by libreadline8t64'
Adding 'diversion of /lib/x86_64-linux-gnu/libreadline.so.8 to /lib/x86_64-linux-gnu/libreadline.so.8.usr-is-merged by libreadline8t64'
Adding 'diversion of /lib/x86_64-linux-gnu/libreadline.so.8.2 to /lib/x86_64-linux-gnu/libreadline.so.8.2.usr-is-merged by libreadline8t64'
Unpacking libreadline8t64:amd64 (8.3-4) ...
Preparing to unpack .../libseccomp2_2.6.0-2ubuntu5_amd64.deb ...
Unpacking libseccomp2:amd64 (2.6.0-2ubuntu5) ...
Preparing to unpack .../libslang2_2.3.3-5build1_amd64.deb ...
Unpacking libslang2:amd64 (2.3.3-5build1) ...
Preparing to unpack .../libsqlite3-0_3.46.1-9_amd64.deb ...
Unpacking libsqlite3-0:amd64 (3.46.1-9) ...
Preparing to unpack .../libstdc++6_16-20260322-1ubuntu1_amd64.deb ...
Unpacking libstdc++6:amd64 (16-20260322-1ubuntu1) ...
Preparing to unpack .../libtasn1-6_4.21.0-2_amd64.deb ...
Unpacking libtasn1-6:amd64 (4.21.0-2) ...
Preparing to unpack .../libtext-charwidth-perl_0.04-11build4_amd64.deb ...
Unpacking libtext-charwidth-perl:amd64 (0.04-11build4) ...
Preparing to unpack .../libtext-iconv-perl_1.7-8.1_amd64.deb ...
Unpacking libtext-iconv-perl:amd64 (1.7-8.1) ...
Preparing to unpack .../libtext-wrapi18n-perl_0.06-10_all.deb ...
Unpacking libtext-wrapi18n-perl (0.06-10) ...
Preparing to unpack .../libtirpc-common_1.3.7-0.1_all.deb ...
Unpacking libtirpc-common (1.3.7-0.1) ...
Preparing to unpack .../libtirpc3t64_1.3.7-0.1_amd64.deb ...
Adding 'diversion of /lib/x86_64-linux-gnu/libtirpc.so.3 to /lib/x86_64-linux-gnu/libtirpc.so.3.usr-is-merged by libtirpc3t64'
Adding 'diversion of /lib/x86_64-linux-gnu/libtirpc.so.3.0.0 to /lib/x86_64-linux-gnu/libtirpc.so.3.0.0.usr-is-merged by libtirpc3t64'
Unpacking libtirpc3t64:amd64 (1.3.7-0.1) ...
Preparing to unpack .../libunistring5_1.3-2build1_amd64.deb ...
Unpacking libunistring5:amd64 (1.3-2build1) ...
Preparing to unpack .../libxml2-16_2.15.2+dfsg-0.1_amd64.deb ...
Unpacking libxml2-16:amd64 (2.15.2+dfsg-0.1) ...
Preparing to unpack .../libxtables12_1.8.11-2ubuntu3_amd64.deb ...
Unpacking libxtables12:amd64 (1.8.11-2ubuntu3) ...
Preparing to unpack .../libxxhash0_0.8.3-2build1_amd64.deb ...
Unpacking libxxhash0:amd64 (0.8.3-2build1) ...
Preparing to unpack .../libyaml-0-2_0.2.5-2build3_amd64.deb ...
Unpacking libyaml-0-2:amd64 (0.2.5-2build3) ...
Preparing to unpack .../linux-sysctl-defaults_4.15ubuntu5_all.deb ...
Unpacking linux-sysctl-defaults (4.15ubuntu5) ...
Preparing to unpack .../locales_2.43-2ubuntu2_all.deb ...
Unpacking locales (2.43-2ubuntu2) ...
Preparing to unpack .../logrotate_3.22.0-1build1_amd64.deb ...
Unpacking logrotate (3.22.0-1build1) ...
Preparing to unpack .../lsb-release_12.1-2build1_all.deb ...
Unpacking lsb-release (12.1-2build1) ...
Preparing to unpack .../media-types_14.0.0build1_all.deb ...
Unpacking media-types (14.0.0build1) ...
Preparing to unpack .../netbase_6.5build1_all.deb ...
Unpacking netbase (6.5build1) ...
Preparing to unpack .../netcat-openbsd_1.234-1_amd64.deb ...
Unpacking netcat-openbsd (1.234-1) ...
Preparing to unpack .../netplan-generator_1.2-1ubuntu5_amd64.deb ...
Adding 'diversion of /lib/systemd/system-generators/netplan to /lib/systemd/system-generators/netplan.usr-is-merged by netplan-generator'
Unpacking netplan-generator (1.2-1ubuntu5) ...
Preparing to unpack .../netplan.io_1.2-1ubuntu5_amd64.deb ...
Unpacking netplan.io (1.2-1ubuntu5) ...
Preparing to unpack .../networkd-dispatcher_2.2.4-1.1ubuntu1_all.deb ...
Unpacking networkd-dispatcher (2.2.4-1.1ubuntu1) ...
Preparing to unpack .../openssl_3.5.5-1ubuntu3_amd64.deb ...
Unpacking openssl (3.5.5-1ubuntu3) ...
Preparing to unpack .../python-apt-common_3.1.0ubuntu1_all.deb ...
Unpacking python-apt-common (3.1.0ubuntu1) ...
Preparing to unpack .../python3_3.14.3-0ubuntu2_amd64.deb ...
Unpacking python3 (3.14.3-0ubuntu2) ...
Preparing to unpack .../python3-apt_3.1.0ubuntu1_amd64.deb ...
Unpacking python3-apt (3.1.0ubuntu1) ...
Preparing to unpack .../python3-cffi-backend_2.0.0-3build1_amd64.deb ...
Unpacking python3-cffi-backend:amd64 (2.0.0-3build1) ...
Preparing to unpack .../python3-dbus_1.4.0-1build2_amd64.deb ...
Unpacking python3-dbus (1.4.0-1build2) ...
Preparing to unpack .../python3-gi_3.56.2-1_amd64.deb ...
Unpacking python3-gi (3.56.2-1) ...
Preparing to unpack .../python3-linkify-it_2.0.3-1ubuntu3_all.deb ...
Unpacking python3-linkify-it (2.0.3-1ubuntu3) ...
Preparing to unpack .../python3-markdown-it_3.0.0-3build1_all.deb ...
Unpacking python3-markdown-it (3.0.0-3build1) ...
Preparing to unpack .../python3-mdurl_0.1.2-1build1_all.deb ...
Unpacking python3-mdurl (0.1.2-1build1) ...
Preparing to unpack .../python3-netplan_1.2-1ubuntu5_amd64.deb ...
Unpacking python3-netplan (1.2-1ubuntu5) ...
Preparing to unpack .../python3-pygments_2.19.2+dfsg-1_all.deb ...
Unpacking python3-pygments (2.19.2+dfsg-1) ...
Preparing to unpack .../python3-rich_13.9.4-1.2_all.deb ...
Unpacking python3-rich (13.9.4-1.2) ...
Preparing to unpack .../python3-uc-micro_1.0.3-1build1_all.deb ...
Unpacking python3-uc-micro (1.0.3-1build1) ...
Preparing to unpack .../python3-yaml_6.0.3-1build1_amd64.deb ...
Unpacking python3-yaml (6.0.3-1build1) ...
Preparing to unpack .../python3.14_3.14.4-1_amd64.deb ...
Unpacking python3.14 (3.14.4-1) ...
Preparing to unpack .../readline-common_8.3-4_all.deb ...
Unpacking readline-common (8.3-4) ...
Preparing to unpack .../rsyslog_8.2512.0-1ubuntu4_amd64.deb ...
Unpacking rsyslog (8.2512.0-1ubuntu4) ...
Preparing to unpack .../shared-mime-info_2.4-5build3_amd64.deb ...
Unpacking shared-mime-info (2.4-5build3) ...
Preparing to unpack .../sudo_1.9.17p2-1ubuntu3_amd64.deb ...
Unpacking sudo (1.9.17p2-1ubuntu3) ...
Preparing to unpack .../sudo-rs_0.2.13-0ubuntu1_amd64.deb ...
Unpacking sudo-rs (0.2.13-0ubuntu1) ...
Preparing to unpack .../systemd-cryptsetup_259.5-0ubuntu3_amd64.deb ...
Unpacking systemd-cryptsetup (259.5-0ubuntu3) ...
Preparing to unpack .../systemd-hwe-hwdb_259.5.3ubuntu_all.deb ...
Unpacking systemd-hwe-hwdb (259.5.3ubuntu) ...
Preparing to unpack .../systemd-resolved_259.5-0ubuntu3_amd64.deb ...
Unpacking systemd-resolved (259.5-0ubuntu3) ...
Preparing to unpack .../tzdata_2026a-3ubuntu1_all.deb ...
Unpacking tzdata (2026a-3ubuntu1) ...
Preparing to unpack .../ubuntu-keyring_2023.11.28.1build1_all.deb ...
Unpacking ubuntu-keyring (2023.11.28.1build1) ...
Preparing to unpack .../ubuntu-minimal_1.570_amd64.deb ...
Unpacking ubuntu-minimal (1.570) ...
Preparing to unpack .../ubuntu-pro-client_37.2ubuntu_amd64.deb ...
Unpacking ubuntu-pro-client (37.2ubuntu) ...
Preparing to unpack .../ubuntu-pro-client-l10n_37.2ubuntu_amd64.deb ...
Unpacking ubuntu-pro-client-l10n (37.2ubuntu) ...
Preparing to unpack .../ucf_3.0052ubuntu1_all.deb ...
Moving old data out of the way
Unpacking ucf (3.0052ubuntu1) ...
Preparing to unpack .../udev_259.5-0ubuntu3_amd64.deb ...
Unpacking udev (259.5-0ubuntu3) ...
Preparing to unpack .../vim-common_2%3a9.1.2141-1ubuntu4_all.deb ...
Unpacking vim-common (2:9.1.2141-1ubuntu4) ...
Preparing to unpack .../vim-tiny_2%3a9.1.2141-1ubuntu4_amd64.deb ...
Unpacking vim-tiny (2:9.1.2141-1ubuntu4) ...
Preparing to unpack .../whiptail_0.52.25-1ubuntu3_amd64.deb ...
Unpacking whiptail (0.52.25-1ubuntu3) ...
Preparing to unpack .../xdg-user-dirs_0.19-1_amd64.deb ...
Unpacking xdg-user-dirs (0.19-1) ...
Preparing to unpack .../xkb-data_2.46-2_all.deb ...
Unpacking xkb-data (2.46-2) ...
Preparing to unpack .../xxd_2%3a9.1.2141-1ubuntu4_amd64.deb ...
Unpacking xxd (2:9.1.2141-1ubuntu4) ...
Processing triggers for libc-bin (2.43-2ubuntu2) ...
Processing triggers for systemd (259.5-0ubuntu3) ...
Processing triggers for procps (2:4.0.4-9ubuntu1) ...
Setting up media-types (14.0.0build1) ...
Setting up libtext-iconv-perl:amd64 (1.7-8.1) ...
Setting up libtext-charwidth-perl:amd64 (0.04-11build4) ...
Setting up libkeyutils1:amd64 (1.6.3-6ubuntu3) ...
Setting up libapparmor1:amd64 (5.0.0~beta1-0ubuntu7) ...
Setting up libgpg-error0:amd64 (1.58-2) ...
Setting up init (1.69) ...
Setting up xdg-user-dirs (0.19-1) ...
Created symlink '/etc/systemd/user/graphical-session-pre.target.wants/xdg-user-dirs.service' -> '/usr/lib/systemd/user/xdg-user-dirs.service'.
Setting up libyaml-0-2:amd64 (0.2.5-2build3) ...
Setting up distro-info-data (0.68build1) ...
Setting up libxml2-16:amd64 (2.15.2+dfsg-0.1) ...
Setting up libestr0:amd64 (0.1.11-2build1) ...
Setting up libfastjson4:amd64 (1.2304.0-2build1) ...
Setting up libtirpc-common (1.3.7-0.1) ...
Setting up libedit2:amd64 (3.1-20251016-1) ...
Setting up libsqlite3-0:amd64 (3.46.1-9) ...
Setting up cron (3.0pl1-200ubuntu1) ...
invoke-rc.d: could not determine current runlevel
invoke-rc.d: policy-rc.d denied execution of start.
Created symlink '/etc/systemd/system/multi-user.target.wants/cron.service' -> '/usr/lib/systemd/system/cron.service'.
Setting up netcat-openbsd (1.234-1) ...
update-alternatives: using /bin/nc.openbsd to provide /bin/nc (nc) in auto mode
Setting up less (668-1build1) ...
Setting up libgcrypt20:amd64 (1.12.0-2) ...
Setting up libnss-systemd:amd64 (259.5-0ubuntu3) ...
Setting up xkb-data (2.46-2) ...
Setting up krb5-locales (1.22.1-2ubuntu4) ...
Setting up locales (2.43-2ubuntu2) ...
Generating locales (this might take a while)...
Generation complete.
Setting up ubuntu-keyring (2023.11.28.1build1) ...
Setting up libtext-wrapi18n-perl (0.06-10) ...
Setting up libseccomp2:amd64 (2.6.0-2ubuntu5) ...
Setting up xxd (2:9.1.2141-1ubuntu4) ...
Setting up libcap2:amd64 (1:2.75-10ubuntu2) ...
Setting up libelf1t64:amd64 (0.194-4) ...
Setting up libkrb5support0:amd64 (1.22.1-2ubuntu4) ...
Setting up tzdata (2026a-3ubuntu1) ...

Current default time zone: 'Etc/UTC'
Local time is now:      Thu Apr 23 00:43:23 UTC 2026.
Universal Time is now:  Thu Apr 23 00:43:23 UTC 2026.
Run 'dpkg-reconfigure tzdata' if you wish to change it.

Setting up libcap2-bin (1:2.75-10ubuntu2) ...
Setting up eject (2.41.3-3ubuntu2) ...
Setting up libnettle8t64:amd64 (3.10.2-1) ...
Setting up libglib2.0-data (2.88.0-1) ...
Setting up linux-sysctl-defaults (4.15ubuntu5) ...
Setting up vim-common (2:9.1.2141-1ubuntu4) ...
Setting up libslang2:amd64 (2.3.3-5build1) ...
Setting up libdbus-1-3:amd64 (1.16.2-2ubuntu4) ...
Setting up libfribidi0:amd64 (1.0.16-5) ...
Setting up libunistring5:amd64 (1.3-2build1) ...
Setting up libmnl0:amd64 (1.0.5-3build1) ...
Setting up libatomic1:amd64 (16-20260322-1ubuntu1) ...
Setting up sudo (1.9.17p2-1ubuntu3) ...
update-alternatives: using /usr/bin/sudo.ws to provide /usr/bin/sudo (sudo) in auto mode
Setting up dhcpcd-base (1:10.3.0-7) ...
Creating group 'dhcpcd' with GID 996.
Creating user 'dhcpcd' (DHCP Client Daemon) with UID 996 and GID 996.
Setting up ucf (3.0052ubuntu1) ...
Setting up libk5crypto3:amd64 (1.22.1-2ubuntu4) ...
Setting up libxtables12:amd64 (1.8.11-2ubuntu3) ...
Setting up libffi8:amd64 (3.5.2-4) ...
Setting up libdevmapper1.02.1:amd64 (2:1.02.205-2ubuntu3) ...
Setting up python-apt-common (3.1.0ubuntu1) ...
Setting up libhogweed6t64:amd64 (3.10.2-1) ...
Setting up dmsetup (2:1.02.205-2ubuntu3) ...
Setting up gpgv (2.4.8-4ubuntu3) ...
Setting up dbus-session-bus-common (1.16.2-2ubuntu4) ...
Setting up libxxhash0:amd64 (0.8.3-2build1) ...
Setting up libtasn1-6:amd64 (4.21.0-2) ...
Setting up netbase (6.5build1) ...
Setting up libkrb5-3:amd64 (1.22.1-2ubuntu4) ...
Setting up lsb-release (12.1-2build1) ...
Setting up dbus-system-bus-common (1.16.2-2ubuntu4) ...
Creating group 'messagebus' with GID 995.
Creating user 'messagebus' (System Message Bus) with UID 995 and GID 995.
Setting up openssl (3.5.5-1ubuntu3) ...
Setting up libgpg-error-l10n (1.58-2) ...
Setting up libpam-cap:amd64 (1:2.75-10ubuntu2) ...
Setting up libjson-c5:amd64 (0.18+ds-3) ...
Setting up readline-common (8.3-4) ...
Setting up iso-codes (4.20.1-1) ...
Setting up libstdc++6:amd64 (16-20260322-1ubuntu1) ...
Setting up dbus-bin (1.16.2-2ubuntu4) ...
Setting up liblocale-gettext-perl (1.07-8) ...
Setting up libbpf1:amd64 (1:1.6.3-1ubuntu1) ...
Setting up libkmod2:amd64 (34.2-2ubuntu2) ...
Setting up libpopt0:amd64 (1.19+dfsg-2build1) ...
Setting up ethtool (1:6.19-1) ...
Setting up logrotate (3.22.0-1build1) ...
Created symlink '/etc/systemd/system/timers.target.wants/logrotate.timer' -> '/usr/lib/systemd/system/logrotate.timer'.
Setting up distro-info (1.15) ...
Setting up libnewt0.52:amd64 (0.52.25-1ubuntu3) ...
update-alternatives: using /etc/newt/palette.ubuntu to provide /etc/newt/palette (newt-palette) in auto mode
Setting up liblz4-1:amd64 (1.10.0-8) ...
Setting up rsyslog (8.2512.0-1ubuntu4) ...
Creating config file /etc/rsyslog.d/50-default.conf with new version
Created symlink '/etc/systemd/system/multi-user.target.wants/dmesg.service' -> '/usr/lib/systemd/system/dmesg.service'.
Created symlink '/etc/systemd/system/syslog.service' -> '/usr/lib/systemd/system/rsyslog.service'.
Created symlink '/etc/systemd/system/multi-user.target.wants/rsyslog.service' -> '/usr/lib/systemd/system/rsyslog.service'.
Setting up debconf-i18n (1.5.92) ...
Setting up libidn2-0:amd64 (2.3.8-4build1) ...
Setting up dbus-daemon (1.16.2-2ubuntu4) ...
Setting up vim-tiny (2:9.1.2141-1ubuntu4) ...
update-alternatives: using /usr/bin/vim.tiny to provide /usr/bin/editor (editor) in auto mode
update-alternatives: using /usr/bin/vim.tiny to provide /usr/bin/ex (ex) in auto mode
update-alternatives: using /usr/bin/vim.tiny to provide /usr/bin/rview (rview) in auto mode
update-alternatives: using /usr/bin/vim.tiny to provide /usr/bin/vi (vi) in auto mode
update-alternatives: using /usr/bin/vim.tiny to provide /usr/bin/view (view) in auto mode
Setting up kmod (34.2-2ubuntu2) ...
Setting up ca-certificates (20260223) ...
Updating certificates in /etc/ssl/certs...
144 added, 0 removed; done.
Setting up libglib2.0-0t64:amd64 (2.88.0-1) ...
No schema files found: doing nothing.
Setting up dbus (1.16.2-2ubuntu4) ...
Setting up shared-mime-info (2.4-5build3) ...
Setting up libp11-kit0:amd64 (0.26.2-2) ...
Setting up libgssapi-krb5-2:amd64 (1.22.1-2ubuntu4) ...
Setting up udev (259.5-0ubuntu3) ...
Creating group 'input' with GID 994.
Creating group 'sgx' with GID 993.
Creating group 'clock' with GID 992.
Creating group 'kvm' with GID 991.
Creating group 'render' with GID 990.
Setting up gir1.2-glib-2.0:amd64 (2.88.0-1) ...
Setting up systemd-hwe-hwdb (259.5.3ubuntu) ...
Running in chroot, ignoring request.
Setting up libreadline8t64:amd64 (8.3-4) ...
Setting up whiptail (0.52.25-1ubuntu3) ...
Setting up libpam-systemd:amd64 (259.5-0ubuntu3) ...
Setting up libcryptsetup12:amd64 (2:2.8.4-1ubuntu4) ...
Setting up libapt-pkg7.0:amd64 (3.2.0) ...
Setting up keyboard-configuration (1.237ubuntu3) ...
Your console font configuration will be updated the next time your system
boots. If you want to update it now, run 'setupcon' from a virtual console.
Setting up iputils-ping (3:20250605-1ubuntu1) ...
Setting up systemd-resolved (259.5-0ubuntu3) ...
Converting /etc/resolv.conf to a symlink to /run/systemd/resolve/stub-resolv.conf...
Creating group 'systemd-resolve' with GID 989.
Creating user 'systemd-resolve' (systemd Resolver) with UID 989 and GID 989.
Created symlink '/etc/systemd/system/dbus-org.freedesktop.resolve1.service' -> '/usr/lib/systemd/system/systemd-resolved.service'.
Created symlink '/etc/systemd/system/sysinit.target.wants/systemd-resolved.service' -> '/usr/lib/systemd/system/systemd-resolved.service'.
Created symlink '/etc/systemd/system/sockets.target.wants/systemd-resolved-varlink.socket' -> '/usr/lib/systemd/system/systemd-resolved-varlink.socket'.
Created symlink '/etc/systemd/system/sockets.target.wants/systemd-resolved-monitor.socket' -> '/usr/lib/systemd/system/systemd-resolved-monitor.socket'.
Setting up libgnutls30t64:amd64 (3.8.12-2ubuntu1) ...
Setting up apt (3.2.0) ...
Created symlink '/etc/systemd/system/timers.target.wants/apt-daily-upgrade.timer' -> '/usr/lib/systemd/system/apt-daily-upgrade.timer'.
Created symlink '/etc/systemd/system/timers.target.wants/apt-daily.timer' -> '/usr/lib/systemd/system/apt-daily.timer'.
Setting up libtirpc3t64:amd64 (1.3.7-0.1) ...
Setting up libgirepository-2.0-0:amd64 (2.88.0-1) ...
Setting up libpython3.14-stdlib:amd64 (3.14.4-1) ...
Setting up iproute2 (6.19.0-1ubuntu1) ...
Setting up chrony (4.8-2ubuntu1) ...
Creating config file /etc/chrony/chrony.conf with new version
Creating config file /etc/chrony/chrony.keys with new version
Creating config file /etc/chrony/sources.d/ubuntu-ntp-pools.sources with new version
Creating group '_chrony' with GID 988.
Creating user '_chrony' (Chrony Daemon) with UID 988 and GID 988.
dpkg-statoverride: warning: --update given but /var/log/chrony does not exist
invoke-rc.d: could not determine current runlevel
invoke-rc.d: policy-rc.d denied execution of start.
Created symlink '/etc/systemd/system/chronyd.service' -> '/usr/lib/systemd/system/chrony.service'.
Created symlink '/etc/systemd/system/multi-user.target.wants/chrony.service' -> '/usr/lib/systemd/system/chrony.service'.
Setting up libnetplan1:amd64 (1.2-1ubuntu5) ...
Setting up gir1.2-girepository-3.0:amd64 (2.88.0-1) ...
Setting up dbus-user-session (1.16.2-2ubuntu4) ...
Setting up systemd-cryptsetup (259.5-0ubuntu3) ...
Setting up python3.14 (3.14.4-1) ...
Setting up netplan-generator (1.2-1ubuntu5) ...
Removing 'diversion of /lib/systemd/system-generators/netplan to /lib/systemd/system-generators/netplan.usr-is-merged by netplan-generator'
Created symlink '/etc/systemd/system/sysinit.target.wants/netplan-configure.service' -> '/usr/lib/systemd/system/netplan-configure.service'.
Setting up libpython3-stdlib:amd64 (3.14.3-0ubuntu2) ...
Setting up python3 (3.14.3-0ubuntu2) ...
Setting up python3-uc-micro (1.0.3-1build1) ...
Setting up python3-pygments (2.19.2+dfsg-1) ...
Setting up python3-mdurl (0.1.2-1build1) ...
Setting up python3-gi (3.56.2-1) ...
Setting up python3-linkify-it (2.0.3-1ubuntu3) ...
Setting up sudo-rs (0.2.13-0ubuntu1) ...
update-alternatives: using /usr/lib/cargo/bin/sudo to provide /usr/bin/sudo (sudo) in auto mode
Setting up python3-cffi-backend:amd64 (2.0.0-3build1) ...
Setting up python3-dbus (1.4.0-1build2) ...
Setting up python3-apt (3.1.0ubuntu1) ...
Setting up python3-yaml (6.0.3-1build1) ...
Setting up python3-markdown-it (3.0.0-3build1) ...
Setting up python3-netplan (1.2-1ubuntu5) ...
Setting up ubuntu-pro-client (37.2ubuntu) ...
Created symlink '/etc/systemd/system/multi-user.target.wants/ua-reboot-cmds.service' -> '/usr/lib/systemd/system/ua-reboot-cmds.service'.
Created symlink '/etc/systemd/system/timers.target.wants/ua-timer.timer' -> '/usr/lib/systemd/system/ua-timer.timer'.
Created symlink '/etc/systemd/system/multi-user.target.wants/ubuntu-advantage.service' -> '/usr/lib/systemd/system/ubuntu-advantage.service'.
Setting up ubuntu-pro-client-l10n (37.2ubuntu) ...
Setting up networkd-dispatcher (2.2.4-1.1ubuntu1) ...
Created symlink '/etc/systemd/system/multi-user.target.wants/networkd-dispatcher.service' -> '/usr/lib/systemd/system/networkd-dispatcher.service'.
Setting up python3-rich (13.9.4-1.2) ...
Setting up netplan.io (1.2-1ubuntu5) ...
Setting up kbd (2.7.1-2ubuntu2) ...
Setting up console-setup-linux (1.237ubuntu3) ...
update-alternatives: using /etc/console-setup/vtrgb to provide /etc/vtrgb (vtrgb) in auto mode
Created symlink '/etc/systemd/system/sysinit.target.wants/keyboard-setup.service' -> '/usr/lib/systemd/system/keyboard-setup.service'.
Created symlink '/etc/systemd/system/multi-user.target.wants/console-setup.service' -> '/usr/lib/systemd/system/console-setup.service'.
Created symlink '/etc/systemd/system/sysinit.target.wants/setvtrgb.service' -> '/usr/lib/systemd/system/setvtrgb.service'.
Setting up console-setup (1.237ubuntu3) ...
Setting up ubuntu-minimal (1.570) ...
Processing triggers for libc-bin (2.43-2ubuntu2) ...
Processing triggers for ca-certificates (20260223) ...
Updating certificates in /etc/ssl/certs...
0 added, 0 removed; done.
Running hooks in /etc/ca-certificates/update.d...
done.
