2026-07-11T15:52:13.228096-04:00 WarpnixOS kernel: clocksource: Long readout interval, skipping watchdog check: cs_nsec: 9918481919 wd_nsec: 9918477271
2026-07-12T10:41:50.159520-04:00 WarpnixOS kernel: Linux version 7.0.0-22-generic (buildd@lcy02-amd64-061) (x86_64-linux-gnu-gcc (Ubuntu 15.2.0-16ubuntu1) 15.2.0, GNU ld (GNU Binutils for Ubuntu) 2.46) #22-Ubuntu SMP PREEMPT_DYNAMIC Mon May 25 15:54:34 UTC 2026 (Ubuntu 7.0.0-22.22-generic 7.0.0)
2026-07-12T10:41:50.159522-04:00 WarpnixOS kernel: Command line: BOOT_IMAGE=/boot/vmlinuz-7.0.0-22-generic root=UUID=d28f9adf-16f0-4a19-9b08-4f5bead6a937 ro quiet splash
2026-07-12T10:41:50.159525-04:00 WarpnixOS kernel: KERNEL supported cpus:
2026-07-12T10:41:50.159525-04:00 WarpnixOS kernel:   Intel GenuineIntel
2026-07-12T10:41:50.159525-04:00 WarpnixOS kernel:   AMD AuthenticAMD
2026-07-12T10:41:50.159525-04:00 WarpnixOS kernel:   Hygon HygonGenuine
2026-07-12T10:41:50.159527-04:00 WarpnixOS kernel:   Centaur CentaurHauls
2026-07-12T10:41:50.159527-04:00 WarpnixOS kernel:   zhaoxin   Shanghai  
2026-07-12T10:41:50.159530-04:00 WarpnixOS kernel: [Firmware Bug]: TSC doesn't count with P0 frequency!
2026-07-12T10:41:50.159530-04:00 WarpnixOS kernel: BIOS-provided physical RAM map:
2026-07-12T10:41:50.159530-04:00 WarpnixOS kernel: BIOS-e820: [mem 0x0000000000000000-0x000000000009fbff]  System RAM
2026-07-12T10:41:50.159531-04:00 WarpnixOS kernel: BIOS-e820: [mem 0x000000000009fc00-0x000000000009ffff]  device reserved
2026-07-12T10:41:50.159531-04:00 WarpnixOS kernel: BIOS-e820: [gap 0x00000000000a0000-0x00000000000effff]
2026-07-12T10:41:50.159531-04:00 WarpnixOS kernel: BIOS-e820: [mem 0x00000000000f0000-0x00000000000fffff]  device reserved
2026-07-12T10:41:50.159531-04:00 WarpnixOS kernel: BIOS-e820: [mem 0x0000000000100000-0x00000000dffeffff]  System RAM
2026-07-12T10:41:50.159533-04:00 WarpnixOS kernel: BIOS-e820: [mem 0x00000000dfff0000-0x00000000dfffffff]  ACPI data
2026-07-12T10:41:50.159534-04:00 WarpnixOS kernel: BIOS-e820: [gap 0x00000000e0000000-0x00000000febfffff]
2026-07-12T10:41:50.159534-04:00 WarpnixOS kernel: BIOS-e820: [mem 0x00000000fec00000-0x00000000fec00fff]  device reserved
2026-07-12T10:41:50.159534-04:00 WarpnixOS kernel: BIOS-e820: [gap 0x00000000fec01000-0x00000000fedfffff]
2026-07-12T10:41:50.159534-04:00 WarpnixOS kernel: BIOS-e820: [mem 0x00000000fee00000-0x00000000fee00fff]  device reserved
2026-07-12T10:41:50.159534-04:00 WarpnixOS kernel: BIOS-e820: [gap 0x00000000fee01000-0x00000000fffbffff]
2026-07-12T10:41:50.159536-04:00 WarpnixOS kernel: BIOS-e820: [mem 0x00000000fffc0000-0x00000000ffffffff]  device reserved
2026-07-12T10:41:50.159537-04:00 WarpnixOS kernel: BIOS-e820: [mem 0x0000000100000000-0x000000031fffffff]  System RAM
2026-07-12T10:41:50.159537-04:00 WarpnixOS kernel: NX (Execute Disable) protection: active
2026-07-12T10:41:50.159537-04:00 WarpnixOS kernel: APIC: Static calls initialized
2026-07-12T10:41:50.159537-04:00 WarpnixOS kernel: SMBIOS 2.5 present.
2026-07-12T10:41:50.159537-04:00 WarpnixOS kernel: DMI: innotek GmbH VirtualBox/VirtualBox, BIOS VirtualBox 12/01/2006
2026-07-12T10:41:50.159548-04:00 WarpnixOS kernel: DMI: Memory slots populated: 0/0
2026-07-12T10:41:50.159549-04:00 WarpnixOS kernel: Hypervisor detected: KVM
2026-07-12T10:41:50.159549-04:00 WarpnixOS kernel: last_pfn = 0xe0000 max_arch_pfn = 0x400000000
2026-07-12T10:41:50.159549-04:00 WarpnixOS kernel: kvm-clock: Using msrs 4b564d01 and 4b564d00
2026-07-12T10:41:50.159549-04:00 WarpnixOS kernel: kvm-clock: using sched offset of 14949006000 cycles
2026-07-12T10:41:50.159550-04:00 WarpnixOS kernel: clocksource: kvm-clock: mask: 0xffffffffffffffff max_cycles: 0x1cd42e4dffb, max_idle_ns: 881590591483 ns
2026-07-12T10:41:50.159551-04:00 WarpnixOS kernel: tsc: Detected 4192.120 MHz processor
2026-07-12T10:41:50.159562-04:00 WarpnixOS kernel: e820: update [mem 0x00000000-0x00000fff] System RAM ==> device reserved
2026-07-12T10:41:50.159563-04:00 WarpnixOS kernel: e820: remove [mem 0x000a0000-0x000fffff] System RAM
2026-07-12T10:41:50.159563-04:00 WarpnixOS kernel: last_pfn = 0x320000 max_arch_pfn = 0x400000000
2026-07-12T10:41:50.159563-04:00 WarpnixOS kernel: total RAM covered: 12288M
2026-07-12T10:41:50.159563-04:00 WarpnixOS kernel: Found optimal setting for mtrr clean up
2026-07-12T10:41:50.159564-04:00 WarpnixOS kernel:  gran_size: 64K 	chunk_size: 64K 	num_reg: 6  	lose cover RAM: 0G
2026-07-12T10:41:50.159566-04:00 WarpnixOS kernel: MTRR map: 5 entries (3 fixed + 2 variable; max 35), built from 16 variable MTRRs
2026-07-12T10:41:50.159566-04:00 WarpnixOS kernel: x86/PAT: Configuration [0-7]: WB  WC  UC- UC  WB  WP  UC- WT  
2026-07-12T10:41:50.159566-04:00 WarpnixOS kernel: e820: update [mem 0xe0000000-0xffffffff] System RAM ==> device reserved
2026-07-12T10:41:50.159567-04:00 WarpnixOS kernel: last_pfn = 0xe0000 max_arch_pfn = 0x400000000
2026-07-12T10:41:50.159567-04:00 WarpnixOS kernel: found SMP MP-table at [mem 0x0009fbf0-0x0009fbff]
2026-07-12T10:41:50.159567-04:00 WarpnixOS kernel: RAMDISK: [mem 0x1e4f3000-0x2b270fff]
2026-07-12T10:41:50.159569-04:00 WarpnixOS kernel: ACPI: Early table checksum verification disabled
2026-07-12T10:41:50.159569-04:00 WarpnixOS kernel: ACPI: RSDP 0x00000000000E0000 000024 (v02 VBOX  )
2026-07-12T10:41:50.159569-04:00 WarpnixOS kernel: ACPI: XSDT 0x00000000DFFF0030 00003C (v01 VBOX   VBOXXSDT 00000001 ASL  00000061)
2026-07-12T10:41:50.159570-04:00 WarpnixOS kernel: ACPI: FACP 0x00000000DFFF00F0 0000F4 (v04 VBOX   VBOXFACP 00000001 ASL  00000061)
2026-07-12T10:41:50.159570-04:00 WarpnixOS kernel: ACPI: DSDT 0x00000000DFFF0640 002353 (v02 VBOX   VBOXBIOS 00000002 INTL 20230628)
2026-07-12T10:41:50.159570-04:00 WarpnixOS kernel: ACPI: FACS 0x00000000DFFF0200 000040
2026-07-12T10:41:50.159570-04:00 WarpnixOS kernel: ACPI: FACS 0x00000000DFFF0200 000040
2026-07-12T10:41:50.159573-04:00 WarpnixOS kernel: ACPI: APIC 0x00000000DFFF0240 00008C (v02 VBOX   VBOXAPIC 00000001 ASL  00000061)
2026-07-12T10:41:50.159573-04:00 WarpnixOS kernel: ACPI: SSDT 0x00000000DFFF02D0 00036C (v01 VBOX   VBOXCPUT 00000002 INTL 20230628)
2026-07-12T10:41:50.159574-04:00 WarpnixOS kernel: ACPI: Reserving FACP table memory at [mem 0xdfff00f0-0xdfff01e3]
2026-07-12T10:41:50.159574-04:00 WarpnixOS kernel: ACPI: Reserving DSDT table memory at [mem 0xdfff0640-0xdfff2992]
2026-07-12T10:41:50.159574-04:00 WarpnixOS kernel: ACPI: Reserving FACS table memory at [mem 0xdfff0200-0xdfff023f]
2026-07-12T10:41:50.159574-04:00 WarpnixOS kernel: ACPI: Reserving FACS table memory at [mem 0xdfff0200-0xdfff023f]
2026-07-12T10:41:50.159576-04:00 WarpnixOS kernel: ACPI: Reserving APIC table memory at [mem 0xdfff0240-0xdfff02cb]
2026-07-12T10:41:50.159577-04:00 WarpnixOS kernel: ACPI: Reserving SSDT table memory at [mem 0xdfff02d0-0xdfff063b]
2026-07-12T10:41:50.159577-04:00 WarpnixOS kernel: No NUMA configuration found
2026-07-12T10:41:50.159577-04:00 WarpnixOS kernel: Faking a node at [mem 0x0000000000000000-0x000000031fffffff]
2026-07-12T10:41:50.159577-04:00 WarpnixOS kernel: NODE_DATA(0) allocated [mem 0x31ffcd280-0x31fff7fff]
2026-07-12T10:41:50.159577-04:00 WarpnixOS kernel: ACPI: PM-Timer IO Port: 0x4008
2026-07-12T10:41:50.159580-04:00 WarpnixOS kernel: IOAPIC[0]: apic_id 8, version 32, address 0xfec00000, GSI 0-23
2026-07-12T10:41:50.159580-04:00 WarpnixOS kernel: ACPI: INT_SRC_OVR (bus 0 bus_irq 0 global_irq 2 dfl dfl)
2026-07-12T10:41:50.159580-04:00 WarpnixOS kernel: ACPI: INT_SRC_OVR (bus 0 bus_irq 9 global_irq 9 low level)
2026-07-12T10:41:50.159580-04:00 WarpnixOS kernel: ACPI: Using ACPI (MADT) for SMP configuration information
2026-07-12T10:41:50.159581-04:00 WarpnixOS kernel: CPU topo: Max. logical packages:   1
2026-07-12T10:41:50.159581-04:00 WarpnixOS kernel: CPU topo: Max. logical nodes:      1
2026-07-12T10:41:50.159581-04:00 WarpnixOS kernel: CPU topo: Num. nodes per package:  1
2026-07-12T10:41:50.159583-04:00 WarpnixOS kernel: CPU topo: Max. logical dies:       1
2026-07-12T10:41:50.159583-04:00 WarpnixOS kernel: CPU topo: Max. dies per package:   1
2026-07-12T10:41:50.159583-04:00 WarpnixOS kernel: CPU topo: Max. threads per core:   1
2026-07-12T10:41:50.159584-04:00 WarpnixOS kernel: CPU topo: Num. cores per package:     8
2026-07-12T10:41:50.159584-04:00 WarpnixOS kernel: CPU topo: Num. threads per package:   8
2026-07-12T10:41:50.159584-04:00 WarpnixOS kernel: CPU topo: Allowing 8 present CPUs plus 0 hotplug CPUs
2026-07-12T10:41:50.159586-04:00 WarpnixOS kernel: PM: hibernation: Registered nosave memory: [mem 0x00000000-0x00000fff]
2026-07-12T10:41:50.159586-04:00 WarpnixOS kernel: PM: hibernation: Registered nosave memory: [mem 0x0009f000-0x000fffff]
2026-07-12T10:41:50.159587-04:00 WarpnixOS kernel: PM: hibernation: Registered nosave memory: [mem 0xdfff0000-0xffffffff]
2026-07-12T10:41:50.159587-04:00 WarpnixOS kernel: [gap 0xe0000000-0xfebfffff] available for PCI devices
2026-07-12T10:41:50.159587-04:00 WarpnixOS kernel: Booting paravirtualized kernel on KVM
2026-07-12T10:41:50.159587-04:00 WarpnixOS kernel: clocksource: refined-jiffies: mask: 0xffffffff max_cycles: 0xffffffff, max_idle_ns: 1910969940391419 ns
2026-07-12T10:41:50.159589-04:00 WarpnixOS kernel: Zone ranges:
2026-07-12T10:41:50.159590-04:00 WarpnixOS kernel:   DMA      [mem 0x0000000000001000-0x0000000000ffffff]
2026-07-12T10:41:50.159590-04:00 WarpnixOS kernel:   DMA32    [mem 0x0000000001000000-0x00000000ffffffff]
2026-07-12T10:41:50.159590-04:00 WarpnixOS kernel:   Normal   [mem 0x0000000100000000-0x000000031fffffff]
2026-07-12T10:41:50.159590-04:00 WarpnixOS kernel:   Device   empty
2026-07-12T10:41:50.159590-04:00 WarpnixOS kernel: Movable zone start for each node
2026-07-12T10:41:50.159591-04:00 WarpnixOS kernel: Early memory node ranges
2026-07-12T10:41:50.159593-04:00 WarpnixOS kernel:   node   0: [mem 0x0000000000001000-0x000000000009efff]
2026-07-12T10:41:50.159593-04:00 WarpnixOS kernel:   node   0: [mem 0x0000000000100000-0x00000000dffeffff]
2026-07-12T10:41:50.159594-04:00 WarpnixOS kernel:   node   0: [mem 0x0000000100000000-0x000000031fffffff]
2026-07-12T10:41:50.159594-04:00 WarpnixOS kernel: Initmem setup node 0 [mem 0x0000000000001000-0x000000031fffffff]
2026-07-12T10:41:50.159594-04:00 WarpnixOS kernel: On node 0, zone DMA: 1 pages in unavailable ranges
2026-07-12T10:41:50.159594-04:00 WarpnixOS kernel: On node 0, zone DMA: 97 pages in unavailable ranges
2026-07-12T10:41:50.159596-04:00 WarpnixOS kernel: On node 0, zone Normal: 16 pages in unavailable ranges
2026-07-12T10:41:50.159597-04:00 WarpnixOS kernel: setup_percpu: NR_CPUS:8192 nr_cpumask_bits:8 nr_cpu_ids:8 nr_node_ids:1
2026-07-12T10:41:50.159597-04:00 WarpnixOS kernel: percpu: Embedded 85 pages/cpu s225280 r8192 d114688 u524288
2026-07-12T10:41:50.159597-04:00 WarpnixOS kernel: pcpu-alloc: s225280 r8192 d114688 u524288 alloc=1*2097152
2026-07-12T10:41:50.159597-04:00 WarpnixOS kernel: pcpu-alloc: [0] 0 1 2 3 [0] 4 5 6 7 
2026-07-12T10:41:50.159597-04:00 WarpnixOS kernel: kvm-guest: PV spinlocks enabled
2026-07-12T10:41:50.159599-04:00 WarpnixOS kernel: PV qspinlock hash table entries: 256 (order: 0, 4096 bytes, linear)
2026-07-12T10:41:50.159600-04:00 WarpnixOS kernel: Kernel command line: BOOT_IMAGE=/boot/vmlinuz-7.0.0-22-generic root=UUID=d28f9adf-16f0-4a19-9b08-4f5bead6a937 ro quiet splash
2026-07-12T10:41:50.159600-04:00 WarpnixOS kernel: Unknown kernel command line parameters "splash", will be passed to user space.
2026-07-12T10:41:50.159600-04:00 WarpnixOS kernel: random: crng init done
2026-07-12T10:41:50.159600-04:00 WarpnixOS kernel: printk: log buffer data + meta data: 262144 + 1114112 = 1376256 bytes
2026-07-12T10:41:50.159600-04:00 WarpnixOS kernel: Dentry cache hash table entries: 2097152 (order: 12, 16777216 bytes, linear)
2026-07-12T10:41:50.159658-04:00 WarpnixOS kernel: Inode-cache hash table entries: 1048576 (order: 11, 8388608 bytes, linear)
2026-07-12T10:41:50.159661-04:00 WarpnixOS kernel: software IO TLB: area num 8.
2026-07-12T10:41:50.159661-04:00 WarpnixOS kernel: Fallback order for Node 0: 0 
2026-07-12T10:41:50.159661-04:00 WarpnixOS kernel: Built 1 zonelists, mobility grouping on.  Total pages: 3145614
2026-07-12T10:41:50.159661-04:00 WarpnixOS kernel: Policy zone: Normal
2026-07-12T10:41:50.159661-04:00 WarpnixOS kernel: mem auto-init: stack:all(zero), heap alloc:on, heap free:off
2026-07-12T10:41:50.159662-04:00 WarpnixOS kernel: SLUB: HWalign=64, Order=0-3, MinObjects=0, CPUs=8, Nodes=1
2026-07-12T10:41:50.159664-04:00 WarpnixOS kernel: ftrace: allocating 63887 entries in 252 pages
2026-07-12T10:41:50.159664-04:00 WarpnixOS kernel: ftrace: allocated 252 pages with 6 groups
2026-07-12T10:41:50.159664-04:00 WarpnixOS kernel: Dynamic Preempt: lazy
2026-07-12T10:41:50.159664-04:00 WarpnixOS kernel: rcu: Preemptible hierarchical RCU implementation.
2026-07-12T10:41:50.159665-04:00 WarpnixOS kernel: rcu: 	RCU restricting CPUs from NR_CPUS=8192 to nr_cpu_ids=8.
2026-07-12T10:41:50.159665-04:00 WarpnixOS kernel: 	Trampoline variant of Tasks RCU enabled.
2026-07-12T10:41:50.159667-04:00 WarpnixOS kernel: 	Rude variant of Tasks RCU enabled.
2026-07-12T10:41:50.159667-04:00 WarpnixOS kernel: 	Tracing variant of Tasks RCU enabled.
2026-07-12T10:41:50.159667-04:00 WarpnixOS kernel: rcu: RCU calculated value of scheduler-enlistment delay is 100 jiffies.
2026-07-12T10:41:50.159667-04:00 WarpnixOS kernel: rcu: Adjusting geometry for rcu_fanout_leaf=16, nr_cpu_ids=8
2026-07-12T10:41:50.159668-04:00 WarpnixOS kernel: RCU Tasks: Setting shift to 3 and lim to 1 rcu_task_cb_adjust=1 rcu_task_cpu_ids=8.
2026-07-12T10:41:50.159668-04:00 WarpnixOS kernel: RCU Tasks Rude: Setting shift to 3 and lim to 1 rcu_task_cb_adjust=1 rcu_task_cpu_ids=8.
2026-07-12T10:41:50.159668-04:00 WarpnixOS kernel: NR_IRQS: 524544, nr_irqs: 488, preallocated irqs: 16
2026-07-12T10:41:50.159676-04:00 WarpnixOS kernel: rcu: srcu_init: Setting srcu_struct sizes based on contention.
2026-07-12T10:41:50.159677-04:00 WarpnixOS kernel: Console: colour VGA+ 80x25
2026-07-12T10:41:50.159677-04:00 WarpnixOS kernel: printk: legacy console [tty0] enabled
2026-07-12T10:41:50.159677-04:00 WarpnixOS kernel: ACPI: Core revision 20251212
2026-07-12T10:41:50.159677-04:00 WarpnixOS kernel: APIC: Switch to symmetric I/O mode setup
2026-07-12T10:41:50.159677-04:00 WarpnixOS kernel: x2apic enabled
2026-07-12T10:41:50.159679-04:00 WarpnixOS kernel: APIC: Switched APIC routing to: physical x2apic
2026-07-12T10:41:50.159680-04:00 WarpnixOS kernel: ..TIMER: vector=0x30 apic1=0 pin1=2 apic2=-1 pin2=-1
2026-07-12T10:41:50.159680-04:00 WarpnixOS kernel: clocksource: tsc-early: mask: 0xffffffffffffffff max_cycles: 0x3c6d4d0b6d3, max_idle_ns: 440795255641 ns
2026-07-12T10:41:50.159680-04:00 WarpnixOS kernel: Calibrating delay loop (skipped) preset value.. 8384.24 BogoMIPS (lpj=4192120)
2026-07-12T10:41:50.159680-04:00 WarpnixOS kernel: Last level iTLB entries: 4KB 512, 2MB 512, 4MB 256
2026-07-12T10:41:50.159680-04:00 WarpnixOS kernel: Last level dTLB entries: 4KB 3072, 2MB 3072, 4MB 1536, 1GB 0
2026-07-12T10:41:50.159682-04:00 WarpnixOS kernel: mitigations: Enabled attack vectors: user_kernel, user_user, guest_host, guest_guest, SMT mitigations: auto
2026-07-12T10:41:50.159683-04:00 WarpnixOS kernel: Speculative Return Stack Overflow: IBPB-extending microcode not applied!
2026-07-12T10:41:50.159683-04:00 WarpnixOS kernel: Speculative Return Stack Overflow: WARNING: See https://kernel.org/doc/html/latest/admin-guide/hw-vuln/srso.html for mitigation options.
2026-07-12T10:41:50.159683-04:00 WarpnixOS kernel: Transient Scheduler Attacks: Vulnerable: No microcode
2026-07-12T10:41:50.159683-04:00 WarpnixOS kernel: Spectre V2 : Mitigation: Retpolines
2026-07-12T10:41:50.159684-04:00 WarpnixOS kernel: Speculative Return Stack Overflow: Vulnerable: Safe RET, no microcode
2026-07-12T10:41:50.159686-04:00 WarpnixOS kernel: Spectre V1 : Mitigation: usercopy/swapgs barriers and __user pointer sanitization
2026-07-12T10:41:50.159686-04:00 WarpnixOS kernel: Spectre V2 : Spectre v2 / SpectreRSB: Filling RSB on context switch and VMEXIT
2026-07-12T10:41:50.159686-04:00 WarpnixOS kernel: Spectre V2 : mitigation: Enabling conditional Indirect Branch Prediction Barrier
2026-07-12T10:41:50.159686-04:00 WarpnixOS kernel: active return thunk: srso_alias_return_thunk
2026-07-12T10:41:50.159686-04:00 WarpnixOS kernel: x86/fpu: Supporting XSAVE feature 0x001: 'x87 floating point registers'
2026-07-12T10:41:50.159687-04:00 WarpnixOS kernel: x86/fpu: Supporting XSAVE feature 0x002: 'SSE registers'
2026-07-12T10:41:50.159687-04:00 WarpnixOS kernel: x86/fpu: Supporting XSAVE feature 0x004: 'AVX registers'
2026-07-12T10:41:50.159689-04:00 WarpnixOS kernel: x86/fpu: xstate_offset[2]:  576, xstate_sizes[2]:  256
2026-07-12T10:41:50.159689-04:00 WarpnixOS kernel: x86/fpu: Enabled xstate features 0x7, context size is 832 bytes, using 'standard' format.
2026-07-12T10:41:50.159689-04:00 WarpnixOS kernel: Freeing SMP alternatives memory: 56K
2026-07-12T10:41:50.159689-04:00 WarpnixOS kernel: pid_max: default: 32768 minimum: 301
2026-07-12T10:41:50.159690-04:00 WarpnixOS kernel: landlock: Up and running.
2026-07-12T10:41:50.159690-04:00 WarpnixOS kernel: Yama: becoming mindful.
2026-07-12T10:41:50.159692-04:00 WarpnixOS kernel: AppArmor: AppArmor initialized
2026-07-12T10:41:50.159692-04:00 WarpnixOS kernel: AppArmor: AppArmor secmark mediation reserved: ready to be enabled
2026-07-12T10:41:50.159693-04:00 WarpnixOS kernel: Mount-cache hash table entries: 32768 (order: 6, 262144 bytes, linear)
2026-07-12T10:41:50.159693-04:00 WarpnixOS kernel: Mountpoint-cache hash table entries: 32768 (order: 6, 262144 bytes, linear)
2026-07-12T10:41:50.159693-04:00 WarpnixOS kernel: VFS: Finished mounting rootfs on nullfs
2026-07-12T10:41:50.159693-04:00 WarpnixOS kernel: APIC calibration not consistent with PM-Timer: 125ms instead of 100ms
2026-07-12T10:41:50.159693-04:00 WarpnixOS kernel: APIC delta adjusted to PM-Timer: 6299797 (7885016)
2026-07-12T10:41:50.159695-04:00 WarpnixOS kernel: smpboot: CPU0: AMD Ryzen 7 7800X3D 8-Core Processor (family: 0x19, model: 0x61, stepping: 0x2)
2026-07-12T10:41:50.159696-04:00 WarpnixOS kernel: Performance Events: PMU not available due to virtualization, using software events only.
2026-07-12T10:41:50.159697-04:00 WarpnixOS kernel: signal: max sigframe size: 1776
2026-07-12T10:41:50.159697-04:00 WarpnixOS kernel: rcu: Hierarchical SRCU implementation.
2026-07-12T10:41:50.159697-04:00 WarpnixOS kernel: rcu: 	Max phase no-delay instances is 400.
2026-07-12T10:41:50.159697-04:00 WarpnixOS kernel: Timer migration: 1 hierarchy levels; 8 children per group; 1 crossnode level
2026-07-12T10:41:50.159699-04:00 WarpnixOS kernel: NMI watchdog: Perf NMI watchdog permanently disabled
2026-07-12T10:41:50.159699-04:00 WarpnixOS kernel: smp: Bringing up secondary CPUs ...
2026-07-12T10:41:50.159700-04:00 WarpnixOS kernel: smpboot: x86: Booting SMP configuration:
2026-07-12T10:41:50.159700-04:00 WarpnixOS kernel: .... node  #0, CPUs:      #1 #2 #3 #4 #5 #6 #7
2026-07-12T10:41:50.159700-04:00 WarpnixOS kernel: smp: Brought up 1 node, 8 CPUs
2026-07-12T10:41:50.159700-04:00 WarpnixOS kernel: smpboot: Total of 8 processors activated (67073.92 BogoMIPS)
2026-07-12T10:41:50.159702-04:00 WarpnixOS kernel: Memory: 9949656K/12582456K available (23771K kernel code, 4949K rwdata, 16748K rodata, 5292K init, 5860K bss, 2623328K reserved, 0K cma-reserved)
2026-07-12T10:41:50.159703-04:00 WarpnixOS kernel: devtmpfs: initialized
2026-07-12T10:41:50.159703-04:00 WarpnixOS kernel: x86/mm: Memory block size: 128MB
2026-07-12T10:41:50.159703-04:00 WarpnixOS kernel: clocksource: jiffies: mask: 0xffffffff max_cycles: 0xffffffff, max_idle_ns: 1911260446275000 ns
2026-07-12T10:41:50.159703-04:00 WarpnixOS kernel: posixtimers hash table entries: 4096 (order: 4, 65536 bytes, linear)
2026-07-12T10:41:50.159703-04:00 WarpnixOS kernel: futex hash table entries: 2048 (131072 bytes on 1 NUMA nodes, total 128 KiB, linear).
2026-07-12T10:41:50.159704-04:00 WarpnixOS kernel: PM: RTC time: 14:41:42, date: 2026-07-12
2026-07-12T10:41:50.159706-04:00 WarpnixOS kernel: NET: Registered PF_NETLINK/PF_ROUTE protocol family
2026-07-12T10:41:50.159706-04:00 WarpnixOS kernel: DMA: preallocated 2048 KiB GFP_KERNEL pool for atomic allocations
2026-07-12T10:41:50.159706-04:00 WarpnixOS kernel: DMA: preallocated 2048 KiB GFP_KERNEL|GFP_DMA pool for atomic allocations
2026-07-12T10:41:50.159706-04:00 WarpnixOS kernel: DMA: preallocated 2048 KiB GFP_KERNEL|GFP_DMA32 pool for atomic allocations
2026-07-12T10:41:50.159707-04:00 WarpnixOS kernel: audit: initializing netlink subsys (disabled)
2026-07-12T10:41:50.159707-04:00 WarpnixOS kernel: audit: type=2000 audit(1783867318.361:1): state=initialized audit_enabled=0 res=1
2026-07-12T10:41:50.159709-04:00 WarpnixOS kernel: thermal_sys: Registered thermal governor 'fair_share'
2026-07-12T10:41:50.159709-04:00 WarpnixOS kernel: thermal_sys: Registered thermal governor 'bang_bang'
2026-07-12T10:41:50.159709-04:00 WarpnixOS kernel: thermal_sys: Registered thermal governor 'step_wise'
2026-07-12T10:41:50.159709-04:00 WarpnixOS kernel: thermal_sys: Registered thermal governor 'user_space'
2026-07-12T10:41:50.159710-04:00 WarpnixOS kernel: thermal_sys: Registered thermal governor 'power_allocator'
2026-07-12T10:41:50.159710-04:00 WarpnixOS kernel: cpuidle: using governor ladder
2026-07-12T10:41:50.159712-04:00 WarpnixOS kernel: cpuidle: using governor menu
2026-07-12T10:41:50.159712-04:00 WarpnixOS kernel: acpiphp: ACPI Hot Plug PCI Controller Driver version: 0.5
2026-07-12T10:41:50.159712-04:00 WarpnixOS kernel: PCI: Using configuration type 1 for base access
2026-07-12T10:41:50.159712-04:00 WarpnixOS kernel: PCI: Using configuration type 1 for extended access
2026-07-12T10:41:50.159713-04:00 WarpnixOS kernel: kprobes: kprobe jump-optimization is enabled. All kprobes are optimized if possible.
2026-07-12T10:41:50.159714-04:00 WarpnixOS kernel: HugeTLB: registered 2.00 MiB page size, pre-allocated 0 pages
2026-07-12T10:41:50.159714-04:00 WarpnixOS kernel: HugeTLB: 28 KiB vmemmap can be freed for a 2.00 MiB page
2026-07-12T10:41:50.159719-04:00 WarpnixOS kernel: ACPI: Added _OSI(Module Device)
2026-07-12T10:41:50.159720-04:00 WarpnixOS kernel: ACPI: Added _OSI(Processor Device)
2026-07-12T10:41:50.159720-04:00 WarpnixOS kernel: ACPI: Added _OSI(Processor Aggregator Device)
2026-07-12T10:41:50.159720-04:00 WarpnixOS kernel: ACPI: 2 ACPI AML tables successfully acquired and loaded
2026-07-12T10:41:50.159720-04:00 WarpnixOS kernel: ACPI: \_SB_: platform _OSC: OS support mask [006e7eff]
2026-07-12T10:41:50.159720-04:00 WarpnixOS kernel: ACPI: Interpreter enabled
2026-07-12T10:41:50.159724-04:00 WarpnixOS kernel: ACPI: PM: (supports S0 S5)
2026-07-12T10:41:50.159724-04:00 WarpnixOS kernel: ACPI: Using IOAPIC for interrupt routing
2026-07-12T10:41:50.159725-04:00 WarpnixOS kernel: PCI: Using host bridge windows from ACPI; if necessary, use "pci=nocrs" and report a bug
2026-07-12T10:41:50.159725-04:00 WarpnixOS kernel: PCI: Using E820 reservations for host bridge windows
2026-07-12T10:41:50.159725-04:00 WarpnixOS kernel: ACPI: Enabled 2 GPEs in block 00 to 07
2026-07-12T10:41:50.159725-04:00 WarpnixOS kernel: ACPI: PCI Root Bridge [PCI0] (domain 0000 [bus 00-ff])
2026-07-12T10:41:50.159782-04:00 WarpnixOS kernel: acpi PNP0A03:00: _OSC: OS supports [ExtendedConfig ASPM ClockPM Segments MSI EDR HPX-Type3]
2026-07-12T10:41:50.159786-04:00 WarpnixOS kernel: acpi PNP0A03:00: _OSC: platform does not support [PCIeCapability LTR DPC]
2026-07-12T10:41:50.159787-04:00 WarpnixOS kernel: acpi PNP0A03:00: _OSC: not requesting control; platform does not support [PCIeCapability]
2026-07-12T10:41:50.159787-04:00 WarpnixOS kernel: acpi PNP0A03:00: _OSC: OS requested [PCIeHotplug SHPCHotplug PME AER PCIeCapability LTR DPC]
2026-07-12T10:41:50.159787-04:00 WarpnixOS kernel: acpi PNP0A03:00: _OSC: platform willing to grant [PCIeHotplug SHPCHotplug PME AER]
2026-07-12T10:41:50.159787-04:00 WarpnixOS kernel: acpi PNP0A03:00: _OSC: platform retains control of PCIe features (AE_SUPPORT)
2026-07-12T10:41:50.159788-04:00 WarpnixOS kernel: PCI host bridge to bus 0000:00
2026-07-12T10:41:50.159791-04:00 WarpnixOS kernel: pci_bus 0000:00: root bus resource [io  0x0000-0x0cf7 window]
2026-07-12T10:41:50.159797-04:00 WarpnixOS kernel: pci_bus 0000:00: root bus resource [io  0x0d00-0xffff window]
2026-07-12T10:41:50.159797-04:00 WarpnixOS kernel: pci_bus 0000:00: root bus resource [mem 0x000a0000-0x000bffff window]
2026-07-12T10:41:50.159797-04:00 WarpnixOS kernel: pci_bus 0000:00: root bus resource [mem 0xe0000000-0xfdffffff window]
2026-07-12T10:41:50.159798-04:00 WarpnixOS kernel: pci_bus 0000:00: root bus resource [bus 00-ff]
2026-07-12T10:41:50.159798-04:00 WarpnixOS kernel: pci 0000:00:00.0: [8086:1237] type 00 class 0x060000 conventional PCI endpoint
2026-07-12T10:41:50.159805-04:00 WarpnixOS kernel: pci 0000:00:01.0: [8086:7000] type 00 class 0x060100 conventional PCI endpoint
2026-07-12T10:41:50.159806-04:00 WarpnixOS kernel: pci 0000:00:01.1: [8086:7111] type 00 class 0x01018a conventional PCI endpoint
2026-07-12T10:41:50.159806-04:00 WarpnixOS kernel: pci 0000:00:01.1: BAR 4 [io  0xd000-0xd00f]
2026-07-12T10:41:50.159806-04:00 WarpnixOS kernel: pci 0000:00:01.1: BAR 0 [io  0x01f0-0x01f7]: legacy IDE quirk
2026-07-12T10:41:50.159806-04:00 WarpnixOS kernel: pci 0000:00:01.1: BAR 1 [io  0x03f6]: legacy IDE quirk
2026-07-12T10:41:50.159807-04:00 WarpnixOS kernel: pci 0000:00:01.1: BAR 2 [io  0x0170-0x0177]: legacy IDE quirk
2026-07-12T10:41:50.159807-04:00 WarpnixOS kernel: pci 0000:00:01.1: BAR 3 [io  0x0376]: legacy IDE quirk
2026-07-12T10:41:50.159811-04:00 WarpnixOS kernel: pci 0000:00:02.0: [15ad:0405] type 00 class 0x030000 conventional PCI endpoint
2026-07-12T10:41:50.159811-04:00 WarpnixOS kernel: pci 0000:00:02.0: BAR 0 [io  0xd010-0xd01f]
2026-07-12T10:41:50.159812-04:00 WarpnixOS kernel: pci 0000:00:02.0: BAR 1 [mem 0xe0000000-0xe7ffffff pref]
2026-07-12T10:41:50.159812-04:00 WarpnixOS kernel: pci 0000:00:02.0: BAR 2 [mem 0xf0000000-0xf01fffff]
2026-07-12T10:41:50.159812-04:00 WarpnixOS kernel: pci 0000:00:02.0: Video device with shadowed ROM at [mem 0x000c0000-0x000dffff]
2026-07-12T10:41:50.159812-04:00 WarpnixOS kernel: pci 0000:00:03.0: [8086:100e] type 00 class 0x020000 conventional PCI endpoint
2026-07-12T10:41:50.159816-04:00 WarpnixOS kernel: pci 0000:00:03.0: BAR 0 [mem 0xf0200000-0xf021ffff]
2026-07-12T10:41:50.159816-04:00 WarpnixOS kernel: pci 0000:00:03.0: BAR 2 [io  0xd020-0xd027]
2026-07-12T10:41:50.159817-04:00 WarpnixOS kernel: pci 0000:00:04.0: [80ee:cafe] type 00 class 0x088000 conventional PCI endpoint
2026-07-12T10:41:50.159817-04:00 WarpnixOS kernel: pci 0000:00:04.0: BAR 0 [io  0xd040-0xd05f]
2026-07-12T10:41:50.159817-04:00 WarpnixOS kernel: pci 0000:00:04.0: BAR 1 [mem 0xf0400000-0xf07fffff]
2026-07-12T10:41:50.159817-04:00 WarpnixOS kernel: pci 0000:00:04.0: BAR 2 [mem 0xf0800000-0xf0803fff pref]
2026-07-12T10:41:50.159817-04:00 WarpnixOS kernel: pci 0000:00:05.0: [8086:2415] type 00 class 0x040100 conventional PCI endpoint
2026-07-12T10:41:50.159821-04:00 WarpnixOS kernel: pci 0000:00:05.0: BAR 0 [io  0xd100-0xd1ff]
2026-07-12T10:41:50.159821-04:00 WarpnixOS kernel: pci 0000:00:05.0: BAR 1 [io  0xd200-0xd23f]
2026-07-12T10:41:50.159822-04:00 WarpnixOS kernel: pci 0000:00:06.0: [106b:003f] type 00 class 0x0c0310 conventional PCI endpoint
2026-07-12T10:41:50.159822-04:00 WarpnixOS kernel: pci 0000:00:06.0: BAR 0 [mem 0xf0804000-0xf0804fff]
2026-07-12T10:41:50.159822-04:00 WarpnixOS kernel: pci 0000:00:07.0: [8086:7113] type 00 class 0x068000 conventional PCI endpoint
2026-07-12T10:41:50.159822-04:00 WarpnixOS kernel: pci 0000:00:07.0: quirk: [io  0x4000-0x403f] claimed by PIIX4 ACPI
2026-07-12T10:41:50.159826-04:00 WarpnixOS kernel: pci 0000:00:07.0: quirk: [io  0x4100-0x410f] claimed by PIIX4 SMB
2026-07-12T10:41:50.159826-04:00 WarpnixOS kernel: pci 0000:00:0b.0: [8086:265c] type 00 class 0x0c0320 conventional PCI endpoint
2026-07-12T10:41:50.159826-04:00 WarpnixOS kernel: pci 0000:00:0b.0: BAR 0 [mem 0xf0805000-0xf0805fff]
2026-07-12T10:41:50.159827-04:00 WarpnixOS kernel: pci 0000:00:0d.0: [8086:2829] type 00 class 0x010601 conventional PCI endpoint
2026-07-12T10:41:50.159827-04:00 WarpnixOS kernel: pci 0000:00:0d.0: BAR 0 [io  0xd240-0xd247]
2026-07-12T10:41:50.159827-04:00 WarpnixOS kernel: pci 0000:00:0d.0: BAR 1 [io  0xd248-0xd24b]
2026-07-12T10:41:50.159831-04:00 WarpnixOS kernel: pci 0000:00:0d.0: BAR 2 [io  0xd250-0xd257]
2026-07-12T10:41:50.159831-04:00 WarpnixOS kernel: pci 0000:00:0d.0: BAR 3 [io  0xd258-0xd25b]
2026-07-12T10:41:50.159831-04:00 WarpnixOS kernel: pci 0000:00:0d.0: BAR 4 [io  0xd260-0xd26f]
2026-07-12T10:41:50.159832-04:00 WarpnixOS kernel: pci 0000:00:0d.0: BAR 5 [mem 0xf0806000-0xf0807fff]
2026-07-12T10:41:50.159832-04:00 WarpnixOS kernel: ACPI: PCI: Interrupt link LNKA configured for IRQ 11
2026-07-12T10:41:50.159832-04:00 WarpnixOS kernel: ACPI: PCI: Interrupt link LNKB configured for IRQ 10
2026-07-12T10:41:50.159832-04:00 WarpnixOS kernel: ACPI: PCI: Interrupt link LNKC configured for IRQ 9
2026-07-12T10:41:50.159836-04:00 WarpnixOS kernel: ACPI: PCI: Interrupt link LNKD configured for IRQ 11
2026-07-12T10:41:50.159836-04:00 WarpnixOS kernel: iommu: Default domain type: Translated
2026-07-12T10:41:50.159836-04:00 WarpnixOS kernel: iommu: DMA domain TLB invalidation policy: lazy mode
2026-07-12T10:41:50.159837-04:00 WarpnixOS kernel: SCSI subsystem initialized
2026-07-12T10:41:50.159837-04:00 WarpnixOS kernel: libata version 3.00 loaded.
2026-07-12T10:41:50.159837-04:00 WarpnixOS kernel: ACPI: bus type USB registered
2026-07-12T10:41:50.159841-04:00 WarpnixOS kernel: usbcore: registered new interface driver usbfs
2026-07-12T10:41:50.159841-04:00 WarpnixOS kernel: usbcore: registered new interface driver hub
2026-07-12T10:41:50.159842-04:00 WarpnixOS kernel: usbcore: registered new device driver usb
2026-07-12T10:41:50.159842-04:00 WarpnixOS kernel: pps_core: LinuxPPS API ver. 1 registered
2026-07-12T10:41:50.159842-04:00 WarpnixOS kernel: pps_core: Software ver. 5.3.6 - Copyright 2005-2007 Rodolfo Giometti <giometti@linux.it>
2026-07-12T10:41:50.159842-04:00 WarpnixOS kernel: PTP clock support registered
2026-07-12T10:41:50.159842-04:00 WarpnixOS kernel: EDAC MC: Ver: 3.0.0
2026-07-12T10:41:50.159846-04:00 WarpnixOS kernel: NetLabel: Initializing
2026-07-12T10:41:50.159846-04:00 WarpnixOS kernel: NetLabel:  domain hash size = 128
2026-07-12T10:41:50.159847-04:00 WarpnixOS kernel: NetLabel:  protocols = UNLABELED CIPSOv4 CALIPSO
2026-07-12T10:41:50.159847-04:00 WarpnixOS kernel: NetLabel:  unlabeled traffic allowed by default
2026-07-12T10:41:50.159847-04:00 WarpnixOS kernel: mctp: management component transport protocol core
2026-07-12T10:41:50.159847-04:00 WarpnixOS kernel: NET: Registered PF_MCTP protocol family
2026-07-12T10:41:50.159851-04:00 WarpnixOS kernel: PCI: Using ACPI for IRQ routing
2026-07-12T10:41:50.159851-04:00 WarpnixOS kernel: PCI: pci_cache_line_size set to 64 bytes
2026-07-12T10:41:50.159851-04:00 WarpnixOS kernel: e820: register RAM buffer resource [mem 0x0009fc00-0x0009ffff]
2026-07-12T10:41:50.159852-04:00 WarpnixOS kernel: e820: register RAM buffer resource [mem 0xdfff0000-0xdfffffff]
2026-07-12T10:41:50.159852-04:00 WarpnixOS kernel: pci 0000:00:02.0: vgaarb: setting as boot VGA device
2026-07-12T10:41:50.159852-04:00 WarpnixOS kernel: pci 0000:00:02.0: vgaarb: bridge control possible
2026-07-12T10:41:50.159862-04:00 WarpnixOS kernel: pci 0000:00:02.0: vgaarb: VGA device added: decodes=io+mem,owns=io+mem,locks=none
2026-07-12T10:41:50.159862-04:00 WarpnixOS kernel: vgaarb: loaded
2026-07-12T10:41:50.159862-04:00 WarpnixOS kernel: clocksource: Switched to clocksource kvm-clock
2026-07-12T10:41:50.159862-04:00 WarpnixOS kernel: VFS: Disk quotas dquot_6.6.0
2026-07-12T10:41:50.159863-04:00 WarpnixOS kernel: VFS: Dquot-cache hash table entries: 512 (order 0, 4096 bytes)
2026-07-12T10:41:50.159863-04:00 WarpnixOS kernel: AppArmor: AppArmor Filesystem Enabled
2026-07-12T10:41:50.159863-04:00 WarpnixOS kernel: pnp: PnP ACPI init
2026-07-12T10:41:50.159883-04:00 WarpnixOS kernel: pnp: PnP ACPI: found 2 devices
2026-07-12T10:41:50.159883-04:00 WarpnixOS kernel: clocksource: acpi_pm: mask: 0xffffff max_cycles: 0xffffff, max_idle_ns: 2085701024 ns
2026-07-12T10:41:50.159884-04:00 WarpnixOS kernel: NET: Registered PF_INET protocol family
2026-07-12T10:41:50.159884-04:00 WarpnixOS kernel: IP idents hash table entries: 262144 (order: 9, 2097152 bytes, linear)
2026-07-12T10:41:50.159884-04:00 WarpnixOS kernel: tcp_listen_portaddr_hash hash table entries: 8192 (order: 5, 131072 bytes, linear)
2026-07-12T10:41:50.159884-04:00 WarpnixOS kernel: Table-perturb hash table entries: 65536 (order: 6, 262144 bytes, linear)
2026-07-12T10:41:50.159888-04:00 WarpnixOS kernel: TCP established hash table entries: 131072 (order: 8, 1048576 bytes, linear)
2026-07-12T10:41:50.159888-04:00 WarpnixOS kernel: TCP bind hash table entries: 65536 (order: 9, 2097152 bytes, linear)
2026-07-12T10:41:50.159889-04:00 WarpnixOS kernel: TCP: Hash tables configured (established 131072 bind 65536)
2026-07-12T10:41:50.159889-04:00 WarpnixOS kernel: MPTCP token hash table entries: 16384 (order: 7, 393216 bytes, linear)
2026-07-12T10:41:50.159889-04:00 WarpnixOS kernel: UDP hash table entries: 8192 (order: 7, 524288 bytes, linear)
2026-07-12T10:41:50.159889-04:00 WarpnixOS kernel: UDP-Lite hash table entries: 8192 (order: 7, 524288 bytes, linear)
2026-07-12T10:41:50.159889-04:00 WarpnixOS kernel: NET: Registered PF_UNIX/PF_LOCAL protocol family
2026-07-12T10:41:50.159893-04:00 WarpnixOS kernel: NET: Registered PF_XDP protocol family
2026-07-12T10:41:50.159894-04:00 WarpnixOS kernel: pci_bus 0000:00: resource 4 [io  0x0000-0x0cf7 window]
2026-07-12T10:41:50.159894-04:00 WarpnixOS kernel: pci_bus 0000:00: resource 5 [io  0x0d00-0xffff window]
2026-07-12T10:41:50.159894-04:00 WarpnixOS kernel: pci_bus 0000:00: resource 6 [mem 0x000a0000-0x000bffff window]
2026-07-12T10:41:50.159894-04:00 WarpnixOS kernel: pci_bus 0000:00: resource 7 [mem 0xe0000000-0xfdffffff window]
2026-07-12T10:41:50.159894-04:00 WarpnixOS kernel: pci 0000:00:00.0: Limiting direct PCI/PCI transfers
2026-07-12T10:41:50.159898-04:00 WarpnixOS kernel: PCI: CLS 0 bytes, default 64
2026-07-12T10:41:50.159898-04:00 WarpnixOS kernel: PCI-DMA: Using software bounce buffering for IO (SWIOTLB)
2026-07-12T10:41:50.159899-04:00 WarpnixOS kernel: software IO TLB: mapped [mem 0x00000000dbff0000-0x00000000dfff0000] (64MB)
2026-07-12T10:41:50.159899-04:00 WarpnixOS kernel: clocksource: tsc: mask: 0xffffffffffffffff max_cycles: 0x3c6d4d0b6d3, max_idle_ns: 440795255641 ns
2026-07-12T10:41:50.159899-04:00 WarpnixOS kernel: Trying to unpack rootfs image as initramfs...
2026-07-12T10:41:50.159899-04:00 WarpnixOS kernel: clocksource: Switched to clocksource tsc
2026-07-12T10:41:50.159963-04:00 WarpnixOS kernel: platform rtc_cmos: registered platform RTC device (no PNP device found)
2026-07-12T10:41:50.159963-04:00 WarpnixOS kernel: Initialise system trusted keyrings
2026-07-12T10:41:50.159964-04:00 WarpnixOS kernel: Key type blacklist registered
2026-07-12T10:41:50.159964-04:00 WarpnixOS kernel: workingset: timestamp_bits=36 max_order=22 bucket_order=0
2026-07-12T10:41:50.159964-04:00 WarpnixOS kernel: squashfs: version 4.0 (2009/01/31) Phillip Lougher
2026-07-12T10:41:50.159964-04:00 WarpnixOS kernel: fuse: init (API version 7.45)
2026-07-12T10:41:50.159964-04:00 WarpnixOS kernel: integrity: Platform Keyring initialized
2026-07-12T10:41:50.159968-04:00 WarpnixOS kernel: integrity: Machine keyring initialized
2026-07-12T10:41:50.159968-04:00 WarpnixOS kernel: Key type asymmetric registered
2026-07-12T10:41:50.159969-04:00 WarpnixOS kernel: Asymmetric key parser 'x509' registered
2026-07-12T10:41:50.159969-04:00 WarpnixOS kernel: Block layer SCSI generic (bsg) driver version 0.4 loaded (major 242)
2026-07-12T10:41:50.159969-04:00 WarpnixOS kernel: io scheduler mq-deadline registered
2026-07-12T10:41:50.159969-04:00 WarpnixOS kernel: ledtrig-cpu: registered to indicate activity on CPUs
2026-07-12T10:41:50.159973-04:00 WarpnixOS kernel: ACPI: AC: AC Adapter [AC] (on-line)
2026-07-12T10:41:50.159973-04:00 WarpnixOS kernel: input: Power Button as /devices/platform/LNXPWRBN:00/input/input0
2026-07-12T10:41:50.159973-04:00 WarpnixOS kernel: ACPI: button: Power Button [PWRF]
2026-07-12T10:41:50.159974-04:00 WarpnixOS kernel: input: Sleep Button as /devices/platform/LNXSLPBN:00/input/input1
2026-07-12T10:41:50.159974-04:00 WarpnixOS kernel: ACPI: button: Sleep Button [SLPF]
2026-07-12T10:41:50.159974-04:00 WarpnixOS kernel: Serial: 8250/16550 driver, 32 ports, IRQ sharing enabled
2026-07-12T10:41:50.159974-04:00 WarpnixOS kernel: Linux agpgart interface v0.103
2026-07-12T10:41:50.159984-04:00 WarpnixOS kernel: loop: module loaded
2026-07-12T10:41:50.159984-04:00 WarpnixOS kernel: scsi host0: ata_piix
2026-07-12T10:41:50.159985-04:00 WarpnixOS kernel: scsi host1: ata_piix
2026-07-12T10:41:50.159985-04:00 WarpnixOS kernel: ata1: PATA max UDMA/33 cmd 0x1f0 ctl 0x3f6 bmdma 0xd000 irq 14 lpm-pol 0
2026-07-12T10:41:50.159985-04:00 WarpnixOS kernel: ata2: PATA max UDMA/33 cmd 0x170 ctl 0x376 bmdma 0xd008 irq 15 lpm-pol 0
2026-07-12T10:41:50.159985-04:00 WarpnixOS kernel: ACPI: bus type drm_connector registered
2026-07-12T10:41:50.159989-04:00 WarpnixOS kernel: tun: Universal TUN/TAP device driver, 1.6
2026-07-12T10:41:50.159989-04:00 WarpnixOS kernel: PPP generic driver version 2.4.2
2026-07-12T10:41:50.159990-04:00 WarpnixOS kernel: ohci-pci 0000:00:06.0: OHCI PCI host controller
2026-07-12T10:41:50.159990-04:00 WarpnixOS kernel: ohci-pci 0000:00:06.0: new USB bus registered, assigned bus number 1
2026-07-12T10:41:50.159990-04:00 WarpnixOS kernel: ohci-pci 0000:00:06.0: irq 22, io mem 0xf0804000
2026-07-12T10:41:50.159990-04:00 WarpnixOS kernel: usb usb1: New USB device found, idVendor=1d6b, idProduct=0001, bcdDevice= 7.00
2026-07-12T10:41:50.159994-04:00 WarpnixOS kernel: usb usb1: New USB device strings: Mfr=3, Product=2, SerialNumber=1
2026-07-12T10:41:50.159994-04:00 WarpnixOS kernel: usb usb1: Product: OHCI PCI host controller
2026-07-12T10:41:50.159994-04:00 WarpnixOS kernel: usb usb1: Manufacturer: Linux 7.0.0-22-generic ohci_hcd
2026-07-12T10:41:50.159994-04:00 WarpnixOS kernel: usb usb1: SerialNumber: 0000:00:06.0
2026-07-12T10:41:50.159995-04:00 WarpnixOS kernel: hub 1-0:1.0: USB hub found
2026-07-12T10:41:50.159995-04:00 WarpnixOS kernel: hub 1-0:1.0: 12 ports detected
2026-07-12T10:41:50.159995-04:00 WarpnixOS kernel: ehci-pci 0000:00:0b.0: EHCI Host Controller
2026-07-12T10:41:50.159999-04:00 WarpnixOS kernel: ehci-pci 0000:00:0b.0: new USB bus registered, assigned bus number 2
2026-07-12T10:41:50.159999-04:00 WarpnixOS kernel: i8042: PNP: PS/2 Controller [PNP0303:PS2K,PNP0f03:PS2M] at 0x60,0x64 irq 1,12
2026-07-12T10:41:50.159999-04:00 WarpnixOS kernel: ehci-pci 0000:00:0b.0: irq 19, io mem 0xf0805000
2026-07-12T10:41:50.159999-04:00 WarpnixOS kernel: serio: i8042 KBD port at 0x60,0x64 irq 1
2026-07-12T10:41:50.160000-04:00 WarpnixOS kernel: serio: i8042 AUX port at 0x60,0x64 irq 12
2026-07-12T10:41:50.160000-04:00 WarpnixOS kernel: mousedev: PS/2 mouse device common for all mice
2026-07-12T10:41:50.160003-04:00 WarpnixOS kernel: rtc_cmos rtc_cmos: registered as rtc0
2026-07-12T10:41:50.160004-04:00 WarpnixOS kernel: rtc_cmos rtc_cmos: setting system clock to 2026-07-12T14:41:42 UTC (1783867302)
2026-07-12T10:41:50.160006-04:00 WarpnixOS kernel: rtc_cmos rtc_cmos: alarms up to one day, 114 bytes nvram
2026-07-12T10:41:50.160006-04:00 WarpnixOS kernel: i2c_dev: i2c /dev entries driver
2026-07-12T10:41:50.160006-04:00 WarpnixOS kernel: device-mapper: core: CONFIG_IMA_DISABLE_HTABLE is disabled. Duplicate IMA measurements will not be recorded in the IMA log.
2026-07-12T10:41:50.160007-04:00 WarpnixOS kernel: device-mapper: uevent: version 1.0.3
2026-07-12T10:41:50.160010-04:00 WarpnixOS kernel: device-mapper: ioctl: 4.50.0-ioctl (2025-04-28) initialised: dm-devel@lists.linux.dev
2026-07-12T10:41:50.160011-04:00 WarpnixOS kernel: amd_pstate: The CPPC feature is supported but currently disabled by the BIOS.
2026-07-12T10:41:50.160011-04:00 WarpnixOS kernel: Please enable it if your BIOS has the CPPC option.
2026-07-12T10:41:50.160011-04:00 WarpnixOS kernel: amd_pstate: the _CPC object is not present in SBIOS or ACPI disabled
2026-07-12T10:41:50.160011-04:00 WarpnixOS kernel: drop_monitor: Initializing network drop monitor service
2026-07-12T10:41:50.160011-04:00 WarpnixOS kernel: NET: Registered PF_INET6 protocol family
2026-07-12T10:41:50.160012-04:00 WarpnixOS kernel: input: AT Translated Set 2 keyboard as /devices/platform/i8042/serio0/input/input2
2026-07-12T10:41:50.160015-04:00 WarpnixOS kernel: Segment Routing with IPv6
2026-07-12T10:41:50.160016-04:00 WarpnixOS kernel: In-situ OAM (IOAM) with IPv6
2026-07-12T10:41:50.160016-04:00 WarpnixOS kernel: NET: Registered PF_PACKET protocol family
2026-07-12T10:41:50.160016-04:00 WarpnixOS kernel: Key type dns_resolver registered
2026-07-12T10:41:50.160016-04:00 WarpnixOS kernel: ehci-pci 0000:00:0b.0: USB 2.0 started, EHCI 1.00
2026-07-12T10:41:50.160016-04:00 WarpnixOS kernel: usb usb2: New USB device found, idVendor=1d6b, idProduct=0002, bcdDevice= 7.00
2026-07-12T10:41:50.160020-04:00 WarpnixOS kernel: usb usb2: New USB device strings: Mfr=3, Product=2, SerialNumber=1
2026-07-12T10:41:50.160020-04:00 WarpnixOS kernel: usb usb2: Product: EHCI Host Controller
2026-07-12T10:41:50.160021-04:00 WarpnixOS kernel: usb usb2: Manufacturer: Linux 7.0.0-22-generic ehci_hcd
2026-07-12T10:41:50.160021-04:00 WarpnixOS kernel: usb usb2: SerialNumber: 0000:00:0b.0
2026-07-12T10:41:50.160021-04:00 WarpnixOS kernel: hub 2-0:1.0: USB hub found
2026-07-12T10:41:50.160021-04:00 WarpnixOS kernel: hub 2-0:1.0: 12 ports detected
2026-07-12T10:41:50.160023-04:00 WarpnixOS kernel: IPI shorthand broadcast: enabled
2026-07-12T10:41:50.160025-04:00 WarpnixOS kernel: sched_clock: Marking stable (499036302, 10956930)->(544065577, -34072345)
2026-07-12T10:41:50.160025-04:00 WarpnixOS kernel: registered taskstats version 1
2026-07-12T10:41:50.160026-04:00 WarpnixOS kernel: Loading compiled-in X.509 certificates
2026-07-12T10:41:50.160026-04:00 WarpnixOS kernel: Loaded X.509 cert 'Build time autogenerated kernel key: dc89478ca0cc19d49a8337465ee2fd0c98b2a3ff'
2026-07-12T10:41:50.160026-04:00 WarpnixOS kernel: Loaded X.509 cert 'Canonical Ltd. Live Patch Signing 2025 Kmod: d541cef61dc7e793b7eb7e899970a2eef0b5dc8c'
2026-07-12T10:41:50.160026-04:00 WarpnixOS kernel: Loaded X.509 cert 'Canonical Ltd. Live Patch Signing: 14df34d1a87cf37625abec039ef2bf521249b969'
2026-07-12T10:41:50.160030-04:00 WarpnixOS kernel: Loaded X.509 cert 'Canonical Ltd. Kernel Module Signing 2025 Kmod: 4627603d2357a2a3f81006370894c221175893e9'
2026-07-12T10:41:50.160030-04:00 WarpnixOS kernel: Loaded X.509 cert 'Canonical Ltd. Kernel Module Signing: 88f752e560a1e0737e31163a466ad7b70a850c19'
2026-07-12T10:41:50.160030-04:00 WarpnixOS kernel: blacklist: Loading compiled-in revocation X.509 certificates
2026-07-12T10:41:50.160031-04:00 WarpnixOS kernel: Loaded X.509 cert 'Canonical Ltd. Secure Boot Signing: 61482aa2830d0ab2ad5af10b7250da9033ddcef0'
2026-07-12T10:41:50.160032-04:00 WarpnixOS kernel: Loaded X.509 cert 'Canonical Ltd. Secure Boot Signing (2017): 242ade75ac4a15e50d50c84b0d45ff3eae707a03'
2026-07-12T10:41:50.160032-04:00 WarpnixOS kernel: Loaded X.509 cert 'Canonical Ltd. Secure Boot Signing (ESM 2018): 365188c1d374d6b07c3c8f240f8ef722433d6a8b'
2026-07-12T10:41:50.160041-04:00 WarpnixOS kernel: Loaded X.509 cert 'Canonical Ltd. Secure Boot Signing (2019): c0746fd6c5da3ae827864651ad66ae47fe24b3e8'
2026-07-12T10:41:50.160042-04:00 WarpnixOS kernel: Loaded X.509 cert 'Canonical Ltd. Secure Boot Signing (2021 v1): a8d54bbb3825cfb94fa13c9f8a594a195c107b8d'
2026-07-12T10:41:50.160042-04:00 WarpnixOS kernel: Loaded X.509 cert 'Canonical Ltd. Secure Boot Signing (2021 v2): 4cf046892d6fd3c9a5b03f98d845f90851dc6a8c'
2026-07-12T10:41:50.160042-04:00 WarpnixOS kernel: Loaded X.509 cert 'Canonical Ltd. Secure Boot Signing (2021 v3): 100437bb6de6e469b581e61cd66bce3ef4ed53af'
2026-07-12T10:41:50.160042-04:00 WarpnixOS kernel: Loaded X.509 cert 'Canonical Ltd. Secure Boot Signing (Ubuntu Core 2019): c1d57b8f6b743f23ee41f4f7ee292f06eecadfb9'
2026-07-12T10:41:50.160047-04:00 WarpnixOS kernel: Demotion targets for Node 0: null
2026-07-12T10:41:50.160047-04:00 WarpnixOS kernel: Key type .fscrypt registered
2026-07-12T10:41:50.160047-04:00 WarpnixOS kernel: Key type fscrypt-provisioning registered
2026-07-12T10:41:50.160047-04:00 WarpnixOS kernel: Key type big_key registered
2026-07-12T10:41:50.160048-04:00 WarpnixOS kernel: Freeing initrd memory: 210424K
2026-07-12T10:41:50.160048-04:00 WarpnixOS kernel: Key type encrypted registered
2026-07-12T10:41:50.160054-04:00 WarpnixOS kernel: AppArmor: AppArmor sha256 policy hashing enabled
2026-07-12T10:41:50.160055-04:00 WarpnixOS kernel: ima: No TPM chip found, activating TPM-bypass!
2026-07-12T10:41:50.160055-04:00 WarpnixOS kernel: Loading compiled-in module X.509 certificates
2026-07-12T10:41:50.160055-04:00 WarpnixOS kernel: Loaded X.509 cert 'Build time autogenerated kernel key: dc89478ca0cc19d49a8337465ee2fd0c98b2a3ff'
2026-07-12T10:41:50.160055-04:00 WarpnixOS kernel: ima: Allocated hash algorithm: sha256
2026-07-12T10:41:50.160055-04:00 WarpnixOS kernel: ima: No architecture policies found
2026-07-12T10:41:50.160056-04:00 WarpnixOS kernel: evm: Initialising EVM extended attributes:
2026-07-12T10:41:50.160059-04:00 WarpnixOS kernel: evm: security.selinux
2026-07-12T10:41:50.160060-04:00 WarpnixOS kernel: evm: security.SMACK64
2026-07-12T10:41:50.160060-04:00 WarpnixOS kernel: evm: security.SMACK64EXEC
2026-07-12T10:41:50.160060-04:00 WarpnixOS kernel: evm: security.SMACK64TRANSMUTE
2026-07-12T10:41:50.160060-04:00 WarpnixOS kernel: evm: security.SMACK64MMAP
2026-07-12T10:41:50.160060-04:00 WarpnixOS kernel: evm: security.apparmor
2026-07-12T10:41:50.160064-04:00 WarpnixOS kernel: evm: security.ima
2026-07-12T10:41:50.160065-04:00 WarpnixOS kernel: evm: security.capability
2026-07-12T10:41:50.160065-04:00 WarpnixOS kernel: evm: HMAC attrs: 0x1
2026-07-12T10:41:50.160065-04:00 WarpnixOS kernel: PM:   Magic number: 2:525:687
2026-07-12T10:41:50.160065-04:00 WarpnixOS kernel: RAS: Correctable Errors collector initialized.
2026-07-12T10:41:50.160065-04:00 WarpnixOS kernel: clk: Disabling unused clocks
2026-07-12T10:41:50.160067-04:00 WarpnixOS kernel: PM: genpd: Disabling unused power domains
2026-07-12T10:41:50.160069-04:00 WarpnixOS kernel: Freeing unused decrypted memory: 2028K
2026-07-12T10:41:50.160123-04:00 WarpnixOS kernel: Freeing unused kernel image (initmem) memory: 5292K
2026-07-12T10:41:50.160123-04:00 WarpnixOS kernel: Write protecting the kernel read-only data: 43008k
2026-07-12T10:41:50.160123-04:00 WarpnixOS kernel: Freeing unused kernel image (text/rodata gap) memory: 804K
2026-07-12T10:41:50.160123-04:00 WarpnixOS kernel: Freeing unused kernel image (rodata/data gap) memory: 1684K
2026-07-12T10:41:50.160123-04:00 WarpnixOS kernel: x86/mm: Checked W+X mappings: passed, no W+X pages found.
2026-07-12T10:41:50.160127-04:00 WarpnixOS kernel: Run /init as init process
2026-07-12T10:41:50.160128-04:00 WarpnixOS kernel:   with arguments:
2026-07-12T10:41:50.160128-04:00 WarpnixOS kernel:     /init
2026-07-12T10:41:50.160128-04:00 WarpnixOS kernel:     splash
2026-07-12T10:41:50.160128-04:00 WarpnixOS kernel:   with environment:
2026-07-12T10:41:50.160129-04:00 WarpnixOS kernel:     HOME=/
2026-07-12T10:41:50.160132-04:00 WarpnixOS kernel:     TERM=linux
2026-07-12T10:41:50.160133-04:00 WarpnixOS kernel: e1000: Intel(R) PRO/1000 Network Driver
2026-07-12T10:41:50.160133-04:00 WarpnixOS kernel: e1000: Copyright (c) 1999-2006 Intel Corporation.
2026-07-12T10:41:50.160133-04:00 WarpnixOS kernel: usb 1-1: new full-speed USB device number 2 using ohci-pci
2026-07-12T10:41:50.160133-04:00 WarpnixOS kernel: ahci 0000:00:0d.0: SSS flag set, parallel bus scan disabled
2026-07-12T10:41:50.160134-04:00 WarpnixOS kernel: ahci 0000:00:0d.0: AHCI vers 0001.0100, 32 command slots, 3 Gbps, SATA mode
2026-07-12T10:41:50.160134-04:00 WarpnixOS kernel: ahci 0000:00:0d.0: 1/1 ports implemented (port mask 0x1)
2026-07-12T10:41:50.160137-04:00 WarpnixOS kernel: ahci 0000:00:0d.0: flags: 64bit ncq stag only ccc 
2026-07-12T10:41:50.160138-04:00 WarpnixOS kernel: ACPI: video: Video Device [GFX0] (multi-head: yes  rom: no  post: no)
2026-07-12T10:41:50.160138-04:00 WarpnixOS kernel: input: Video Bus as /devices/pci0000:00/acpi.video_bus.0/input/input4
2026-07-12T10:41:50.160138-04:00 WarpnixOS kernel: scsi host2: ahci
2026-07-12T10:41:50.160138-04:00 WarpnixOS kernel: ata3: SATA max UDMA/133 abar m8192@0xf0806000 port 0xf0806100 irq 21 lpm-pol 1
2026-07-12T10:41:50.160139-04:00 WarpnixOS kernel: input: ImExPS/2 Generic Explorer Mouse as /devices/platform/i8042/serio1/input/input5
2026-07-12T10:41:50.160145-04:00 WarpnixOS kernel: usb 1-1: New USB device found, idVendor=80ee, idProduct=0021, bcdDevice= 1.00
2026-07-12T10:41:50.160145-04:00 WarpnixOS kernel: usb 1-1: New USB device strings: Mfr=1, Product=3, SerialNumber=0
2026-07-12T10:41:50.160146-04:00 WarpnixOS kernel: usb 1-1: Product: USB Tablet
2026-07-12T10:41:50.160146-04:00 WarpnixOS kernel: usb 1-1: Manufacturer: VirtualBox
2026-07-12T10:41:50.160146-04:00 WarpnixOS kernel: hid: raw HID events driver (C) Jiri Kosina
2026-07-12T10:41:50.160146-04:00 WarpnixOS kernel: ata3: SATA link up 3.0 Gbps (SStatus 123 SControl 300)
2026-07-12T10:41:50.160148-04:00 WarpnixOS kernel: ata3.00: ATA-6: VBOX HARDDISK, 1.0, max UDMA/133
2026-07-12T10:41:50.160150-04:00 WarpnixOS kernel: ata3.00: 83915200 sectors, multi 128: LBA48 NCQ (depth 32)
2026-07-12T10:41:50.160151-04:00 WarpnixOS kernel: ata3.00: configured for UDMA/133
2026-07-12T10:41:50.160151-04:00 WarpnixOS kernel: scsi 2:0:0:0: Direct-Access     ATA      VBOX HARDDISK    1.0  PQ: 0 ANSI: 5
2026-07-12T10:41:50.160151-04:00 WarpnixOS kernel: sd 2:0:0:0: Attached scsi generic sg0 type 0
2026-07-12T10:41:50.160151-04:00 WarpnixOS kernel: sd 2:0:0:0: [sda] 83915200 512-byte logical blocks: (43.0 GB/40.0 GiB)
2026-07-12T10:41:50.160151-04:00 WarpnixOS kernel: sd 2:0:0:0: [sda] Write Protect is off
2026-07-12T10:41:50.160155-04:00 WarpnixOS kernel: sd 2:0:0:0: [sda] Mode Sense: 00 3a 00 00
2026-07-12T10:41:50.160155-04:00 WarpnixOS kernel: sd 2:0:0:0: [sda] Write cache: enabled, read cache: enabled, doesn't support DPO or FUA
2026-07-12T10:41:50.160156-04:00 WarpnixOS kernel: sd 2:0:0:0: [sda] Preferred minimum I/O size 512 bytes
2026-07-12T10:41:50.160156-04:00 WarpnixOS kernel: e1000 0000:00:03.0 eth0: (PCI:33MHz:32-bit) 08:00:27:1e:da:2f
2026-07-12T10:41:50.160156-04:00 WarpnixOS kernel: e1000 0000:00:03.0 eth0: Intel(R) PRO/1000 Network Connection
2026-07-12T10:41:50.160157-04:00 WarpnixOS kernel:  sda: sda1
2026-07-12T10:41:50.160166-04:00 WarpnixOS kernel: sd 2:0:0:0: [sda] Attached SCSI disk
2026-07-12T10:41:50.160167-04:00 WarpnixOS kernel: e1000 0000:00:03.0 enp0s3: renamed from eth0
2026-07-12T10:41:50.160167-04:00 WarpnixOS kernel: usbcore: registered new interface driver usbhid
2026-07-12T10:41:50.160167-04:00 WarpnixOS kernel: usbhid: USB HID core driver
2026-07-12T10:41:50.160167-04:00 WarpnixOS kernel: input: VirtualBox USB Tablet as /devices/pci0000:00/0000:00:06.0/usb1/1-1/1-1:1.0/0003:80EE:0021.0001/input/input6
2026-07-12T10:41:50.160167-04:00 WarpnixOS kernel: hid-generic 0003:80EE:0021.0001: input,hidraw0: USB HID v1.10 Mouse [VirtualBox USB Tablet] on usb-0000:00:06.0-1/input0
2026-07-12T10:41:50.160171-04:00 WarpnixOS kernel: raid6: avx2x4   gen() 36496 MB/s
2026-07-12T10:41:50.160172-04:00 WarpnixOS kernel: raid6: avx2x2   gen() 34141 MB/s
2026-07-12T10:41:50.160172-04:00 WarpnixOS kernel: raid6: avx2x1   gen() 26729 MB/s
2026-07-12T10:41:50.160172-04:00 WarpnixOS kernel: raid6: using algorithm avx2x4 gen() 36496 MB/s
2026-07-12T10:41:50.160172-04:00 WarpnixOS kernel: raid6: .... xor() 5781 MB/s, rmw enabled
2026-07-12T10:41:50.160173-04:00 WarpnixOS kernel: raid6: using avx2x2 recovery algorithm
2026-07-12T10:41:50.160173-04:00 WarpnixOS kernel: xor: automatically using best checksumming function   avx       
2026-07-12T10:41:50.160176-04:00 WarpnixOS kernel: Btrfs loaded, zoned=yes, fsverity=yes
2026-07-12T10:41:50.160177-04:00 WarpnixOS kernel: EXT4-fs (sda1): orphan cleanup on readonly fs
2026-07-12T10:41:50.160177-04:00 WarpnixOS kernel: EXT4-fs (sda1): mounted filesystem d28f9adf-16f0-4a19-9b08-4f5bead6a937 ro with ordered data mode. Quota mode: none.
2026-07-12T10:41:50.160317-04:00 WarpnixOS kernel: EXT4-fs (sda1): re-mounted d28f9adf-16f0-4a19-9b08-4f5bead6a937 r/w.
2026-07-12T10:41:50.160322-04:00 WarpnixOS kernel: ppdev: user-space parallel port driver
2026-07-12T10:41:50.160323-04:00 WarpnixOS kernel: lp: driver loaded but no devices found
2026-07-12T10:41:50.160327-04:00 WarpnixOS kernel: Adding 524284k swap on /swapfile.  Priority:-1 extents:1 across:524284k 
2026-07-12T10:41:50.160328-04:00 WarpnixOS kernel: vboxguest: loading out-of-tree module taints kernel.
2026-07-12T10:41:50.160332-04:00 WarpnixOS kernel: vboxguest: module verification failed: signature and/or required key missing - tainting kernel
2026-07-12T10:41:50.160333-04:00 WarpnixOS kernel: piix4_smbus 0000:00:07.0: SMBus Host Controller at 0x4100, revision 0
2026-07-12T10:41:50.160333-04:00 WarpnixOS kernel: vgdrvHeartbeatInit: Setting up heartbeat to trigger every 2000 milliseconds
2026-07-12T10:41:50.160333-04:00 WarpnixOS kernel: Host supports full mouse state reporting, switching to extended mouse integration protocol
2026-07-12T10:41:50.160333-04:00 WarpnixOS kernel: input: VirtualBox mouse integration as /devices/pci0000:00/0000:00:04.0/input/input7
2026-07-12T10:41:50.160334-04:00 WarpnixOS kernel: vboxguest: Successfully loaded version 7.1.16 r172425
2026-07-12T10:41:50.160334-04:00 WarpnixOS kernel: vboxguest: misc device minor 262, IRQ 20, I/O port d040, MMIO at 00000000f0400000 (size 0x400000)
2026-07-12T10:41:50.160347-04:00 WarpnixOS kernel: vboxguest: Successfully loaded version 7.1.16 r172425 (interface 0x00010004)
2026-07-12T10:41:50.160347-04:00 WarpnixOS kernel: vmwgfx 0000:00:02.0: vgaarb: deactivate vga console
2026-07-12T10:41:50.160347-04:00 WarpnixOS kernel: Console: switching to colour dummy device 80x25
2026-07-12T10:41:50.160348-04:00 WarpnixOS kernel: vmwgfx 0000:00:02.0: [drm] FIFO at 0x00000000f0000000 size is 2048 KiB
2026-07-12T10:41:50.160348-04:00 WarpnixOS kernel: vmwgfx 0000:00:02.0: [drm] VRAM at 0x00000000e0000000 size is 131072 KiB
2026-07-12T10:41:50.160348-04:00 WarpnixOS kernel: vmwgfx 0000:00:02.0: [drm] Running on SVGA version 2.
2026-07-12T10:41:50.160351-04:00 WarpnixOS kernel: vmwgfx 0000:00:02.0: [drm] Capabilities: rect copy, cursor, cursor bypass, cursor bypass 2, alpha cursor, extended fifo, pitchlock, irq mask, gmr, traces, gmr2, screen object 2, command buffers, gbobject, 
2026-07-12T10:41:50.160352-04:00 WarpnixOS kernel: vmwgfx 0000:00:02.0: [drm] *ERROR* vmwgfx seems to be running on an unsupported hypervisor.
2026-07-12T10:41:50.160352-04:00 WarpnixOS kernel: vmwgfx 0000:00:02.0: [drm] *ERROR* This configuration is likely broken.
2026-07-12T10:41:50.160352-04:00 WarpnixOS kernel: vmwgfx 0000:00:02.0: [drm] *ERROR* Please switch to a supported graphics device to avoid problems.
2026-07-12T10:41:50.160352-04:00 WarpnixOS kernel: vmwgfx 0000:00:02.0: [drm] DMA map mode: Caching DMA mappings.
2026-07-12T10:41:50.160352-04:00 WarpnixOS kernel: vmwgfx 0000:00:02.0: [drm] Legacy memory limits: VRAM = 131072 KiB, FIFO = 2048 KiB, surface = 393216 KiB
2026-07-12T10:41:50.160400-04:00 WarpnixOS kernel: vmwgfx 0000:00:02.0: [drm] MOB limits: max mob size = 131072 KiB, max mob pages = 32768
2026-07-12T10:41:50.160400-04:00 WarpnixOS kernel: vmwgfx 0000:00:02.0: [drm] Max GMR ids is 8192
2026-07-12T10:41:50.160400-04:00 WarpnixOS kernel: vmwgfx 0000:00:02.0: [drm] Max number of GMR pages is 1048576
2026-07-12T10:41:50.160400-04:00 WarpnixOS kernel: vmwgfx 0000:00:02.0: [drm] Maximum display memory size is 131072 KiB
2026-07-12T10:41:50.160400-04:00 WarpnixOS kernel: vmwgfx 0000:00:02.0: [drm] Screen Target display unit initialized
2026-07-12T10:41:50.160401-04:00 WarpnixOS kernel: vmwgfx 0000:00:02.0: [drm] Fifo max 0x00200000 min 0x00001000 cap 0x00000355
2026-07-12T10:41:50.160408-04:00 WarpnixOS kernel: vmwgfx 0000:00:02.0: [drm] Using command buffers with DMA pool.
2026-07-12T10:41:50.160409-04:00 WarpnixOS kernel: vmwgfx 0000:00:02.0: [drm] Available shader model: Legacy.
2026-07-12T10:41:50.160409-04:00 WarpnixOS kernel: ------------[ cut here ]------------
2026-07-12T10:41:50.160409-04:00 WarpnixOS kernel: WARNING: kernel/rcu/tree_plugin.h:823 at rcu_sched_clock_irq+0x390/0x3a0, CPU#3: (udev-worker)/420
2026-07-12T10:41:50.160409-04:00 WarpnixOS kernel: Modules linked in: snd_seq_device(+) edac_mce_amd(-) snd_timer vmwgfx(+) drm_ttm_helper snd ttm joydev i2c_piix4 vboxguest(OE) soundcore i2c_smbus input_leds mac_hid sch_fq_codel lp parport_pc ppdev parport msr efi_pstore nfnetlink dmi_sysfs autofs4 btrfs libblake2b xor raid6_pq hid_generic usbhid hid psmouse video ghash_clmulni_intel serio_raw vga16fb vgastate ahci wmi libahci e1000 pata_acpi aesni_intel
2026-07-12T10:41:50.160409-04:00 WarpnixOS kernel: CPU: 3 UID: 0 PID: 420 Comm: (udev-worker) Tainted: G           OE       7.0.0-22-generic #22-Ubuntu PREEMPT(lazy) 
2026-07-12T10:41:50.160413-04:00 WarpnixOS kernel: Tainted: [O]=OOT_MODULE, [E]=UNSIGNED_MODULE
2026-07-12T10:41:50.160413-04:00 WarpnixOS kernel: Hardware name: innotek GmbH VirtualBox/VirtualBox, BIOS VirtualBox 12/01/2006
2026-07-12T10:41:50.160413-04:00 WarpnixOS kernel: RIP: 0010:rcu_sched_clock_irq+0x390/0x3a0
2026-07-12T10:41:50.160413-04:00 WarpnixOS kernel: Code: 02 8b 80 68 d4 82 97 a8 04 0f 84 a3 fe ff ff e9 8d fe ff ff 48 8b 03 a8 10 75 ca be 04 00 00 00 48 89 df e8 b2 37 f5 ff eb bb <0f> 0b e9 f7 fc ff ff 66 0f 1f 84 00 00 00 00 00 90 90 90 90 90 90
2026-07-12T10:41:50.160414-04:00 WarpnixOS kernel: RSP: 0018:ffffcff000188e88 EFLAGS: 00010086
2026-07-12T10:41:50.160414-04:00 WarpnixOS kernel: RAX: 00000000ffffffff RBX: ffff8e4080f60000 RCX: 0000000000000000
2026-07-12T10:41:50.160417-04:00 WarpnixOS kernel: RDX: 0000000000000000 RSI: 0000000000000000 RDI: 0000000000000000
2026-07-12T10:41:50.160417-04:00 WarpnixOS kernel: RBP: ffffcff000188ea8 R08: 0000000000000000 R09: 0000000000000000
2026-07-12T10:41:50.160417-04:00 WarpnixOS kernel: R10: 0000000000000000 R11: 0000000000000000 R12: 0000000000000000
2026-07-12T10:41:50.160417-04:00 WarpnixOS kernel: R13: 000000019c69f702 R14: ffffffff9498e150 R15: ffff8e4293ba1ac0
2026-07-12T10:41:50.160418-04:00 WarpnixOS kernel: FS:  00007ada3fed0c80(0000) GS:ffff8e42fc380000(0000) knlGS:0000000000000000
2026-07-12T10:41:50.160418-04:00 WarpnixOS kernel: CS:  0010 DS: 0000 ES: 0000 CR0: 0000000080050033
2026-07-12T10:41:50.160421-04:00 WarpnixOS kernel: CR2: 00007ada3f7043f0 CR3: 000000010f3a9000 CR4: 00000000000506f0
2026-07-12T10:41:50.160421-04:00 WarpnixOS kernel: Call Trace:
2026-07-12T10:41:50.160421-04:00 WarpnixOS kernel:  <IRQ>
2026-07-12T10:41:50.160421-04:00 WarpnixOS kernel:  ? account_process_tick+0x4e/0x160
2026-07-12T10:41:50.160421-04:00 WarpnixOS kernel:  update_process_times+0x91/0xe0
2026-07-12T10:41:50.160422-04:00 WarpnixOS kernel:  tick_nohz_handler+0x96/0x1a0
2026-07-12T10:41:50.160422-04:00 WarpnixOS kernel:  __hrtimer_run_queues+0x10c/0x270
2026-07-12T10:41:50.160425-04:00 WarpnixOS kernel:  ? srso_alias_return_thunk+0x5/0xfbef5
2026-07-12T10:41:50.160425-04:00 WarpnixOS kernel:  hrtimer_interrupt+0x104/0x250
2026-07-12T10:41:50.160425-04:00 WarpnixOS kernel:  __sysvec_apic_timer_interrupt+0x58/0x150
2026-07-12T10:41:50.160425-04:00 WarpnixOS kernel:  ? srso_alias_return_thunk+0x5/0xfbef5
2026-07-12T10:41:50.160426-04:00 WarpnixOS kernel:  sysvec_apic_timer_interrupt+0x9a/0xd0
2026-07-12T10:41:50.160426-04:00 WarpnixOS kernel:  </IRQ>
2026-07-12T10:41:50.160429-04:00 WarpnixOS kernel:  <TASK>
2026-07-12T10:41:50.160430-04:00 WarpnixOS kernel:  asm_sysvec_apic_timer_interrupt+0x1b/0x20
2026-07-12T10:41:50.160430-04:00 WarpnixOS kernel: RIP: 0010:__do_sys_newfstat+0x34/0x80
2026-07-12T10:41:50.160430-04:00 WarpnixOS kernel: Code: e5 41 54 49 89 f4 53 48 8d bd 28 ff ff ff 48 8d b5 28 ff ff ff 48 81 ec c8 00 00 00 65 48 8b 05 8a bd b2 02 48 89 45 e8 31 c0 <f3> 48 ab 89 d7 e8 12 fe ff ff 85 c0 75 0f 4c 89 e6 48 8d bd 28 ff
2026-07-12T10:41:50.160430-04:00 WarpnixOS kernel: RSP: 0018:ffffcff000cfba28 EFLAGS: 00000246
2026-07-12T10:41:50.160430-04:00 WarpnixOS kernel: RAX: 0000000000000000 RBX: ffffcff000cfbf48 RCX: 0000000000000005
2026-07-12T10:41:50.160433-04:00 WarpnixOS kernel: RDX: 000000000000004e RSI: ffffcff000cfba28 RDI: ffffcff000cfbac0
2026-07-12T10:41:50.160434-04:00 WarpnixOS kernel: RBP: ffffcff000cfbb00 R08: 0000000000000000 R09: 0000000000000005
2026-07-12T10:41:50.160434-04:00 WarpnixOS kernel: R10: 0000000000000000 R11: 0000000000000000 R12: 00007ffcb4848c70
2026-07-12T10:41:50.160434-04:00 WarpnixOS kernel: R13: 0000000000000000 R14: 0000000000000000 R15: 0000000000000000
2026-07-12T10:41:50.160434-04:00 WarpnixOS kernel:  __x64_sys_newfstat+0x15/0x20
2026-07-12T10:41:50.160434-04:00 WarpnixOS kernel:  x64_sys_call+0x1f1f/0x2390
2026-07-12T10:41:50.160437-04:00 WarpnixOS kernel:  do_syscall_64+0x115/0x5a0
2026-07-12T10:41:50.160438-04:00 WarpnixOS kernel:  ? kfree_link+0xe/0x20
2026-07-12T10:41:50.160438-04:00 WarpnixOS kernel:  ? srso_alias_return_thunk+0x5/0xfbef5
2026-07-12T10:41:50.160438-04:00 WarpnixOS kernel:  ? dput.part.0+0x38/0x130
2026-07-12T10:41:50.160438-04:00 WarpnixOS kernel:  ? srso_alias_return_thunk+0x5/0xfbef5
2026-07-12T10:41:50.160439-04:00 WarpnixOS kernel: message repeated 2 times: [  ? srso_alias_return_thunk+0x5/0xfbef5]
2026-07-12T10:41:50.160443-04:00 WarpnixOS kernel:  ? kernfs_iop_permission+0x76/0xa0
2026-07-12T10:41:50.160444-04:00 WarpnixOS kernel:  ? srso_alias_return_thunk+0x5/0xfbef5
2026-07-12T10:41:50.160444-04:00 WarpnixOS kernel:  ? dput.part.0+0x38/0x130
2026-07-12T10:41:50.160444-04:00 WarpnixOS kernel:  ? srso_alias_return_thunk+0x5/0xfbef5
2026-07-12T10:41:50.160445-04:00 WarpnixOS kernel:  ? dput+0x13/0x30
2026-07-12T10:41:50.160445-04:00 WarpnixOS kernel:  ? srso_alias_return_thunk+0x5/0xfbef5
2026-07-12T10:41:50.160448-04:00 WarpnixOS kernel:  ? step_into_slowpath+0x18f/0x360
2026-07-12T10:41:50.160448-04:00 WarpnixOS kernel:  ? srso_alias_return_thunk+0x5/0xfbef5
2026-07-12T10:41:50.160448-04:00 WarpnixOS kernel:  ? dput.part.0+0x38/0x130
2026-07-12T10:41:50.160448-04:00 WarpnixOS kernel:  ? srso_alias_return_thunk+0x5/0xfbef5
2026-07-12T10:41:50.160449-04:00 WarpnixOS kernel:  ? path_get+0x27/0x40
2026-07-12T10:41:50.160449-04:00 WarpnixOS kernel:  ? srso_alias_return_thunk+0x5/0xfbef5
2026-07-12T10:41:50.160452-04:00 WarpnixOS kernel:  ? do_dentry_open+0x58/0x4b0
2026-07-12T10:41:50.160452-04:00 WarpnixOS kernel:  ? srso_alias_return_thunk+0x5/0xfbef5
2026-07-12T10:41:50.160452-04:00 WarpnixOS kernel:  ? dput.part.0+0x38/0x130
2026-07-12T10:41:50.160452-04:00 WarpnixOS kernel:  ? srso_alias_return_thunk+0x5/0xfbef5
2026-07-12T10:41:50.160453-04:00 WarpnixOS kernel:  ? srso_alias_return_thunk+0x5/0xfbef5
2026-07-12T10:41:50.160453-04:00 WarpnixOS kernel:  ? mntput+0x39/0x70
2026-07-12T10:41:50.160456-04:00 WarpnixOS kernel:  ? srso_alias_return_thunk+0x5/0xfbef5
2026-07-12T10:41:50.160456-04:00 WarpnixOS kernel:  ? path_openat+0x1ba/0x290
2026-07-12T10:41:50.160457-04:00 WarpnixOS kernel:  ? srso_alias_return_thunk+0x5/0xfbef5
2026-07-12T10:41:50.160457-04:00 WarpnixOS kernel:  ? do_file_open+0xdf/0x1a0
2026-07-12T10:41:50.160457-04:00 WarpnixOS kernel:  ? srso_alias_return_thunk+0x5/0xfbef5
2026-07-12T10:41:50.160457-04:00 WarpnixOS kernel:  ? putname+0x41/0x90
2026-07-12T10:41:50.160457-04:00 WarpnixOS kernel:  ? srso_alias_return_thunk+0x5/0xfbef5
2026-07-12T10:41:50.160460-04:00 WarpnixOS kernel:  ? do_sys_openat2+0x99/0xe0
2026-07-12T10:41:50.160460-04:00 WarpnixOS kernel:  ? srso_alias_return_thunk+0x5/0xfbef5
2026-07-12T10:41:50.160461-04:00 WarpnixOS kernel:  ? __x64_sys_openat+0x5f/0xa0
2026-07-12T10:41:50.160461-04:00 WarpnixOS kernel:  ? srso_alias_return_thunk+0x5/0xfbef5
2026-07-12T10:41:50.160461-04:00 WarpnixOS kernel:  ? arch_exit_to_user_mode_prepare.isra.0+0xd/0xe0
2026-07-12T10:41:50.160461-04:00 WarpnixOS kernel:  ? srso_alias_return_thunk+0x5/0xfbef5
2026-07-12T10:41:50.160469-04:00 WarpnixOS kernel:  ? do_syscall_64+0x150/0x5a0
2026-07-12T10:41:50.160469-04:00 WarpnixOS kernel:  ? srso_alias_return_thunk+0x5/0xfbef5
2026-07-12T10:41:50.160469-04:00 WarpnixOS kernel:  ? do_syscall_64+0x150/0x5a0
2026-07-12T10:41:50.160469-04:00 WarpnixOS kernel:  ? srso_alias_return_thunk+0x5/0xfbef5
2026-07-12T10:41:50.160470-04:00 WarpnixOS kernel:  entry_SYSCALL_64_after_hwframe+0x76/0x7e
2026-07-12T10:41:50.160470-04:00 WarpnixOS kernel: RIP: 0033:0x7ada3f723b7b
2026-07-12T10:41:50.160470-04:00 WarpnixOS kernel: Code: 73 01 c3 48 8b 0d 8d e2 0e 00 f7 d8 64 89 01 48 83 c8 ff c3 66 2e 0f 1f 84 00 00 00 00 00 90 f3 0f 1e fa b8 05 00 00 00 0f 05 <48> 3d 00 f0 ff ff 77 05 c3 0f 1f 40 00 48 8b 15 59 e2 0e 00 f7 d8
2026-07-12T10:41:50.160474-04:00 WarpnixOS kernel: RSP: 002b:00007ffcb4848aa8 EFLAGS: 00000206 ORIG_RAX: 0000000000000005
2026-07-12T10:41:50.160474-04:00 WarpnixOS kernel: RAX: ffffffffffffffda RBX: 00005b8ce73a2d00 RCX: 00007ada3f723b7b
2026-07-12T10:41:50.160474-04:00 WarpnixOS kernel: RDX: 0000000000000000 RSI: 00007ffcb4848c70 RDI: 000000000000004e
2026-07-12T10:41:50.160474-04:00 WarpnixOS kernel: RBP: 00007ffcb4848dd0 R08: 0000000000000000 R09: 0000000000000000
2026-07-12T10:41:50.160474-04:00 WarpnixOS kernel: R10: 0000000000000000 R11: 0000000000000206 R12: 0000000000000000
2026-07-12T10:41:50.160475-04:00 WarpnixOS kernel: R13: 0000000000000050 R14: 00007ffcb4848c70 R15: 000000000000004e
2026-07-12T10:41:50.160478-04:00 WarpnixOS kernel:  </TASK>
2026-07-12T10:41:50.160478-04:00 WarpnixOS kernel: ---[ end trace 0000000000000000 ]---
2026-07-12T10:41:50.160478-04:00 WarpnixOS kernel: [drm] Initialized vmwgfx 2.21.0 for 0000:00:02.0 on minor 0
2026-07-12T10:41:50.160478-04:00 WarpnixOS kernel: fbcon: vmwgfxdrmfb (fb0) is primary device
2026-07-12T10:41:50.160479-04:00 WarpnixOS kernel: Console: switching to colour frame buffer device 160x50
2026-07-12T10:41:50.160479-04:00 WarpnixOS kernel: vmwgfx 0000:00:02.0: [drm] fb0: vmwgfxdrmfb frame buffer device
2026-07-12T10:41:50.160482-04:00 WarpnixOS kernel: intel_rapl_common: Found RAPL domain package
2026-07-12T10:41:50.160482-04:00 WarpnixOS kernel: intel_rapl_common: Found RAPL domain core
2026-07-12T10:41:50.160482-04:00 WarpnixOS kernel: snd_intel8x0 0000:00:05.0: allow list rate for 1028:0177 is 48000
2026-07-12T10:41:50.160482-04:00 WarpnixOS kernel: audit: type=1400 audit(1783867309.536:2): apparmor="STATUS" operation="profile_load" profile="unconfined" name="1password" pid=574 comm="apparmor_parser"
2026-07-12T10:41:50.160483-04:00 WarpnixOS kernel: audit: type=1400 audit(1783867309.537:3): apparmor="STATUS" operation="profile_load" profile="unconfined" name=4D6F6E676F444220436F6D70617373 pid=576 comm="apparmor_parser"
2026-07-12T10:41:50.160487-04:00 WarpnixOS kernel: audit: type=1400 audit(1783867309.537:4): apparmor="STATUS" operation="profile_load" profile="unconfined" name="balena-etcher" pid=581 comm="apparmor_parser"
2026-07-12T10:41:50.160491-04:00 WarpnixOS kernel: audit: type=1400 audit(1783867309.537:5): apparmor="STATUS" operation="profile_load" profile="unconfined" name="QtWebEngineProcess" pid=577 comm="apparmor_parser"
2026-07-12T10:41:50.160491-04:00 WarpnixOS kernel: audit: type=1400 audit(1783867309.537:6): apparmor="STATUS" operation="profile_load" profile="unconfined" name="Discord" pid=575 comm="apparmor_parser"
2026-07-12T10:41:50.160491-04:00 WarpnixOS kernel: audit: type=1400 audit(1783867309.539:7): apparmor="STATUS" operation="profile_load" profile="unconfined" name="bfdd" pid=582 comm="apparmor_parser"
2026-07-12T10:41:50.160491-04:00 WarpnixOS kernel: audit: type=1400 audit(1783867309.540:8): apparmor="STATUS" operation="profile_load" profile="unconfined" name="bgpd" pid=583 comm="apparmor_parser"
2026-07-12T10:41:50.160491-04:00 WarpnixOS kernel: audit: type=1400 audit(1783867309.540:9): apparmor="STATUS" operation="profile_load" profile="unconfined" name="babeld" pid=580 comm="apparmor_parser"
2026-07-12T10:41:50.160494-04:00 WarpnixOS kernel: audit: type=1400 audit(1783867309.540:10): apparmor="STATUS" operation="profile_load" profile="unconfined" name="brave-browser-stable" pid=585 comm="apparmor_parser"
2026-07-12T10:41:50.160495-04:00 WarpnixOS kernel: audit: type=1400 audit(1783867309.540:11): apparmor="STATUS" operation="profile_load" profile="unconfined" name="alsamixer" pid=579 comm="apparmor_parser"
2026-07-12T10:41:50.379910-04:00 WarpnixOS kernel: NET: Registered PF_QIPCRTR protocol family
2026-07-12T10:41:50.408194-04:00 WarpnixOS kernel: e1000: enp0s3 NIC Link is Up 1000 Mbps Full Duplex, Flow Control: RX
2026-07-12T10:41:51.394929-04:00 WarpnixOS kernel: 14:41:51.393317 main     VBoxService 7.1.16 r172425 (verbosity: 0) linux.amd64 (Jan 27 2026 11:51:23) release log
2026-07-12T10:41:51.394948-04:00 WarpnixOS kernel: 14:41:51.393318 main     Log opened 2026-07-12T14:41:51.393314000Z
2026-07-12T10:41:51.394949-04:00 WarpnixOS kernel: 14:41:51.393366 main     OS Product: Linux
2026-07-12T10:41:51.394949-04:00 WarpnixOS kernel: 14:41:51.393377 main     OS Release: 7.0.0-22-generic
2026-07-12T10:41:51.394950-04:00 WarpnixOS kernel: 14:41:51.393387 main     OS Version: #22-Ubuntu SMP PREEMPT_DYNAMIC Mon May 25 15:54:34 UTC 2026
2026-07-12T10:41:51.394950-04:00 WarpnixOS kernel: 14:41:51.393398 main     Executable: /opt/VBoxGuestAdditions-7.1.16/sbin/VBoxService
2026-07-12T10:41:51.394951-04:00 WarpnixOS kernel: 14:41:51.393398 main     Process ID: 1258
2026-07-12T10:41:51.394951-04:00 WarpnixOS kernel: 14:41:51.393398 main     Package type: LINUX_64BITS_GENERIC
2026-07-12T10:41:51.395858-04:00 WarpnixOS kernel: 14:41:51.395164 main     7.1.16 r172425 started. Verbose level = 0
2026-07-12T10:41:51.395865-04:00 WarpnixOS kernel: 14:41:51.395760 main     vbglR3GuestCtrlDetectPeekGetCancelSupport: Supported (#1)
2026-07-12T10:41:51.404865-04:00 WarpnixOS kernel: vboxsf: g_fHostFeatures=0x8000000f g_fSfFeatures=0x1 g_uSfLastFunction=29
2026-07-12T10:41:51.404871-04:00 WarpnixOS kernel: vboxsf: Successfully loaded version 7.1.16 r172425
2026-07-12T10:41:51.404872-04:00 WarpnixOS kernel: vboxsf: Successfully loaded version 7.1.16 r172425 on 7.0.0-22-generic (LINUX_VERSION_CODE=0x70000)
2026-07-12T10:41:51.404872-04:00 WarpnixOS kernel: 14:41:51.404694 automount vbsvcAutomounterMountIt: Successfully mounted 'Desktop' on '/media/shared'
2026-07-12T10:46:47.344712-04:00 WarpnixOS kernel: clocksource: Long readout interval, skipping watchdog check: cs_nsec: 1010316809 wd_nsec: 1010316089
2026-07-13T17:33:15.546408-04:00 WarpnixOS kernel: Linux version 7.0.0-22-generic (buildd@lcy02-amd64-061) (x86_64-linux-gnu-gcc (Ubuntu 15.2.0-16ubuntu1) 15.2.0, GNU ld (GNU Binutils for Ubuntu) 2.46) #22-Ubuntu SMP PREEMPT_DYNAMIC Mon May 25 15:54:34 UTC 2026 (Ubuntu 7.0.0-22.22-generic 7.0.0)
2026-07-13T17:33:15.546409-04:00 WarpnixOS kernel: Command line: BOOT_IMAGE=/boot/vmlinuz-7.0.0-22-generic root=UUID=d28f9adf-16f0-4a19-9b08-4f5bead6a937 ro quiet splash
2026-07-13T17:33:15.546412-04:00 WarpnixOS kernel: KERNEL supported cpus:
2026-07-13T17:33:15.546412-04:00 WarpnixOS kernel:   Intel GenuineIntel
2026-07-13T17:33:15.546412-04:00 WarpnixOS kernel:   AMD AuthenticAMD
2026-07-13T17:33:15.546412-04:00 WarpnixOS kernel:   Hygon HygonGenuine
2026-07-13T17:33:15.546413-04:00 WarpnixOS kernel:   Centaur CentaurHauls
2026-07-13T17:33:15.546413-04:00 WarpnixOS kernel:   zhaoxin   Shanghai  
2026-07-13T17:33:15.546414-04:00 WarpnixOS kernel: [Firmware Bug]: TSC doesn't count with P0 frequency!
2026-07-13T17:33:15.546415-04:00 WarpnixOS kernel: BIOS-provided physical RAM map:
2026-07-13T17:33:15.546415-04:00 WarpnixOS kernel: BIOS-e820: [mem 0x0000000000000000-0x000000000009fbff]  System RAM
2026-07-13T17:33:15.546415-04:00 WarpnixOS kernel: BIOS-e820: [mem 0x000000000009fc00-0x000000000009ffff]  device reserved
2026-07-13T17:33:15.546415-04:00 WarpnixOS kernel: BIOS-e820: [gap 0x00000000000a0000-0x00000000000effff]
2026-07-13T17:33:15.546415-04:00 WarpnixOS kernel: BIOS-e820: [mem 0x00000000000f0000-0x00000000000fffff]  device reserved
2026-07-13T17:33:15.546415-04:00 WarpnixOS kernel: BIOS-e820: [mem 0x0000000000100000-0x00000000dffeffff]  System RAM
2026-07-13T17:33:15.546417-04:00 WarpnixOS kernel: BIOS-e820: [mem 0x00000000dfff0000-0x00000000dfffffff]  ACPI data
2026-07-13T17:33:15.546417-04:00 WarpnixOS kernel: BIOS-e820: [gap 0x00000000e0000000-0x00000000febfffff]
2026-07-13T17:33:15.546417-04:00 WarpnixOS kernel: BIOS-e820: [mem 0x00000000fec00000-0x00000000fec00fff]  device reserved
2026-07-13T17:33:15.546418-04:00 WarpnixOS kernel: BIOS-e820: [gap 0x00000000fec01000-0x00000000fedfffff]
2026-07-13T17:33:15.546418-04:00 WarpnixOS kernel: BIOS-e820: [mem 0x00000000fee00000-0x00000000fee00fff]  device reserved
2026-07-13T17:33:15.546418-04:00 WarpnixOS kernel: BIOS-e820: [gap 0x00000000fee01000-0x00000000fffbffff]
2026-07-13T17:33:15.546423-04:00 WarpnixOS kernel: BIOS-e820: [mem 0x00000000fffc0000-0x00000000ffffffff]  device reserved
2026-07-13T17:33:15.546424-04:00 WarpnixOS kernel: BIOS-e820: [mem 0x0000000100000000-0x000000031fffffff]  System RAM
2026-07-13T17:33:15.546424-04:00 WarpnixOS kernel: NX (Execute Disable) protection: active
2026-07-13T17:33:15.546424-04:00 WarpnixOS kernel: APIC: Static calls initialized
2026-07-13T17:33:15.546424-04:00 WarpnixOS kernel: SMBIOS 2.5 present.
2026-07-13T17:33:15.546424-04:00 WarpnixOS kernel: DMI: innotek GmbH VirtualBox/VirtualBox, BIOS VirtualBox 12/01/2006
2026-07-13T17:33:15.546426-04:00 WarpnixOS kernel: DMI: Memory slots populated: 0/0
2026-07-13T17:33:15.546426-04:00 WarpnixOS kernel: Hypervisor detected: KVM
2026-07-13T17:33:15.546426-04:00 WarpnixOS kernel: last_pfn = 0xe0000 max_arch_pfn = 0x400000000
2026-07-13T17:33:15.546426-04:00 WarpnixOS kernel: kvm-clock: Using msrs 4b564d01 and 4b564d00
2026-07-13T17:33:15.546427-04:00 WarpnixOS kernel: kvm-clock: using sched offset of 14503937668 cycles
2026-07-13T17:33:15.546427-04:00 WarpnixOS kernel: clocksource: kvm-clock: mask: 0xffffffffffffffff max_cycles: 0x1cd42e4dffb, max_idle_ns: 881590591483 ns
2026-07-13T17:33:15.546427-04:00 WarpnixOS kernel: tsc: Detected 4192.120 MHz processor
2026-07-13T17:33:15.546429-04:00 WarpnixOS kernel: e820: update [mem 0x00000000-0x00000fff] System RAM ==> device reserved
2026-07-13T17:33:15.546429-04:00 WarpnixOS kernel: e820: remove [mem 0x000a0000-0x000fffff] System RAM
2026-07-13T17:33:15.546429-04:00 WarpnixOS kernel: last_pfn = 0x320000 max_arch_pfn = 0x400000000
2026-07-13T17:33:15.546429-04:00 WarpnixOS kernel: total RAM covered: 12288M
2026-07-13T17:33:15.546429-04:00 WarpnixOS kernel: Found optimal setting for mtrr clean up
2026-07-13T17:33:15.546430-04:00 WarpnixOS kernel:  gran_size: 64K 	chunk_size: 64K 	num_reg: 6  	lose cover RAM: 0G
2026-07-13T17:33:15.546431-04:00 WarpnixOS kernel: MTRR map: 5 entries (3 fixed + 2 variable; max 35), built from 16 variable MTRRs
2026-07-13T17:33:15.546431-04:00 WarpnixOS kernel: x86/PAT: Configuration [0-7]: WB  WC  UC- UC  WB  WP  UC- WT  
2026-07-13T17:33:15.546432-04:00 WarpnixOS kernel: e820: update [mem 0xe0000000-0xffffffff] System RAM ==> device reserved
2026-07-13T17:33:15.546432-04:00 WarpnixOS kernel: last_pfn = 0xe0000 max_arch_pfn = 0x400000000
2026-07-13T17:33:15.546432-04:00 WarpnixOS kernel: found SMP MP-table at [mem 0x0009fbf0-0x0009fbff]
2026-07-13T17:33:15.546432-04:00 WarpnixOS kernel: RAMDISK: [mem 0x1e4f3000-0x2b270fff]
2026-07-13T17:33:15.546434-04:00 WarpnixOS kernel: ACPI: Early table checksum verification disabled
2026-07-13T17:33:15.546434-04:00 WarpnixOS kernel: ACPI: RSDP 0x00000000000E0000 000024 (v02 VBOX  )
2026-07-13T17:33:15.546434-04:00 WarpnixOS kernel: ACPI: XSDT 0x00000000DFFF0030 00003C (v01 VBOX   VBOXXSDT 00000001 ASL  00000061)
2026-07-13T17:33:15.546434-04:00 WarpnixOS kernel: ACPI: FACP 0x00000000DFFF00F0 0000F4 (v04 VBOX   VBOXFACP 00000001 ASL  00000061)
2026-07-13T17:33:15.546434-04:00 WarpnixOS kernel: ACPI: DSDT 0x00000000DFFF0640 002353 (v02 VBOX   VBOXBIOS 00000002 INTL 20230628)
2026-07-13T17:33:15.546434-04:00 WarpnixOS kernel: ACPI: FACS 0x00000000DFFF0200 000040
2026-07-13T17:33:15.546435-04:00 WarpnixOS kernel: ACPI: FACS 0x00000000DFFF0200 000040
2026-07-13T17:33:15.546437-04:00 WarpnixOS kernel: ACPI: APIC 0x00000000DFFF0240 00008C (v02 VBOX   VBOXAPIC 00000001 ASL  00000061)
2026-07-13T17:33:15.546438-04:00 WarpnixOS kernel: ACPI: SSDT 0x00000000DFFF02D0 00036C (v01 VBOX   VBOXCPUT 00000002 INTL 20230628)
2026-07-13T17:33:15.546438-04:00 WarpnixOS kernel: ACPI: Reserving FACP table memory at [mem 0xdfff00f0-0xdfff01e3]
2026-07-13T17:33:15.546438-04:00 WarpnixOS kernel: ACPI: Reserving DSDT table memory at [mem 0xdfff0640-0xdfff2992]
2026-07-13T17:33:15.546438-04:00 WarpnixOS kernel: ACPI: Reserving FACS table memory at [mem 0xdfff0200-0xdfff023f]
2026-07-13T17:33:15.546438-04:00 WarpnixOS kernel: ACPI: Reserving FACS table memory at [mem 0xdfff0200-0xdfff023f]
2026-07-13T17:33:15.546440-04:00 WarpnixOS kernel: ACPI: Reserving APIC table memory at [mem 0xdfff0240-0xdfff02cb]
2026-07-13T17:33:15.546441-04:00 WarpnixOS kernel: ACPI: Reserving SSDT table memory at [mem 0xdfff02d0-0xdfff063b]
2026-07-13T17:33:15.546441-04:00 WarpnixOS kernel: No NUMA configuration found
2026-07-13T17:33:15.546441-04:00 WarpnixOS kernel: Faking a node at [mem 0x0000000000000000-0x000000031fffffff]
2026-07-13T17:33:15.546441-04:00 WarpnixOS kernel: NODE_DATA(0) allocated [mem 0x31ffd1280-0x31fffbfff]
2026-07-13T17:33:15.546442-04:00 WarpnixOS kernel: ACPI: PM-Timer IO Port: 0x4008
2026-07-13T17:33:15.546444-04:00 WarpnixOS kernel: IOAPIC[0]: apic_id 8, version 32, address 0xfec00000, GSI 0-23
2026-07-13T17:33:15.546444-04:00 WarpnixOS kernel: ACPI: INT_SRC_OVR (bus 0 bus_irq 0 global_irq 2 dfl dfl)
2026-07-13T17:33:15.546444-04:00 WarpnixOS kernel: ACPI: INT_SRC_OVR (bus 0 bus_irq 9 global_irq 9 low level)
2026-07-13T17:33:15.546444-04:00 WarpnixOS kernel: ACPI: Using ACPI (MADT) for SMP configuration information
2026-07-13T17:33:15.546444-04:00 WarpnixOS kernel: CPU topo: Max. logical packages:   1
2026-07-13T17:33:15.546444-04:00 WarpnixOS kernel: CPU topo: Max. logical nodes:      1
2026-07-13T17:33:15.546445-04:00 WarpnixOS kernel: CPU topo: Num. nodes per package:  1
2026-07-13T17:33:15.546447-04:00 WarpnixOS kernel: CPU topo: Max. logical dies:       1
2026-07-13T17:33:15.546447-04:00 WarpnixOS kernel: CPU topo: Max. dies per package:   1
2026-07-13T17:33:15.546448-04:00 WarpnixOS kernel: CPU topo: Max. threads per core:   1
2026-07-13T17:33:15.546449-04:00 WarpnixOS kernel: CPU topo: Num. cores per package:     8
2026-07-13T17:33:15.546449-04:00 WarpnixOS kernel: CPU topo: Num. threads per package:   8
2026-07-13T17:33:15.546449-04:00 WarpnixOS kernel: CPU topo: Allowing 8 present CPUs plus 0 hotplug CPUs
2026-07-13T17:33:15.546450-04:00 WarpnixOS kernel: PM: hibernation: Registered nosave memory: [mem 0x00000000-0x00000fff]
2026-07-13T17:33:15.546451-04:00 WarpnixOS kernel: PM: hibernation: Registered nosave memory: [mem 0x0009f000-0x000fffff]
2026-07-13T17:33:15.546451-04:00 WarpnixOS kernel: PM: hibernation: Registered nosave memory: [mem 0xdfff0000-0xffffffff]
2026-07-13T17:33:15.546451-04:00 WarpnixOS kernel: [gap 0xe0000000-0xfebfffff] available for PCI devices
2026-07-13T17:33:15.546451-04:00 WarpnixOS kernel: Booting paravirtualized kernel on KVM
2026-07-13T17:33:15.546451-04:00 WarpnixOS kernel: clocksource: refined-jiffies: mask: 0xffffffff max_cycles: 0xffffffff, max_idle_ns: 1910969940391419 ns
2026-07-13T17:33:15.546453-04:00 WarpnixOS kernel: Zone ranges:
2026-07-13T17:33:15.546453-04:00 WarpnixOS kernel:   DMA      [mem 0x0000000000001000-0x0000000000ffffff]
2026-07-13T17:33:15.546454-04:00 WarpnixOS kernel:   DMA32    [mem 0x0000000001000000-0x00000000ffffffff]
2026-07-13T17:33:15.546454-04:00 WarpnixOS kernel:   Normal   [mem 0x0000000100000000-0x000000031fffffff]
2026-07-13T17:33:15.546454-04:00 WarpnixOS kernel:   Device   empty
2026-07-13T17:33:15.546454-04:00 WarpnixOS kernel: Movable zone start for each node
2026-07-13T17:33:15.546455-04:00 WarpnixOS kernel: Early memory node ranges
2026-07-13T17:33:15.546457-04:00 WarpnixOS kernel:   node   0: [mem 0x0000000000001000-0x000000000009efff]
2026-07-13T17:33:15.546457-04:00 WarpnixOS kernel:   node   0: [mem 0x0000000000100000-0x00000000dffeffff]
2026-07-13T17:33:15.546457-04:00 WarpnixOS kernel:   node   0: [mem 0x0000000100000000-0x000000031fffffff]
2026-07-13T17:33:15.546458-04:00 WarpnixOS kernel: Initmem setup node 0 [mem 0x0000000000001000-0x000000031fffffff]
2026-07-13T17:33:15.546458-04:00 WarpnixOS kernel: On node 0, zone DMA: 1 pages in unavailable ranges
2026-07-13T17:33:15.546458-04:00 WarpnixOS kernel: On node 0, zone DMA: 97 pages in unavailable ranges
2026-07-13T17:33:15.546460-04:00 WarpnixOS kernel: On node 0, zone Normal: 16 pages in unavailable ranges
2026-07-13T17:33:15.546460-04:00 WarpnixOS kernel: setup_percpu: NR_CPUS:8192 nr_cpumask_bits:8 nr_cpu_ids:8 nr_node_ids:1
2026-07-13T17:33:15.546460-04:00 WarpnixOS kernel: percpu: Embedded 85 pages/cpu s225280 r8192 d114688 u524288
2026-07-13T17:33:15.546460-04:00 WarpnixOS kernel: pcpu-alloc: s225280 r8192 d114688 u524288 alloc=1*2097152
2026-07-13T17:33:15.546461-04:00 WarpnixOS kernel: pcpu-alloc: [0] 0 1 2 3 [0] 4 5 6 7 
2026-07-13T17:33:15.546461-04:00 WarpnixOS kernel: kvm-guest: PV spinlocks enabled
2026-07-13T17:33:15.546467-04:00 WarpnixOS kernel: PV qspinlock hash table entries: 256 (order: 0, 4096 bytes, linear)
2026-07-13T17:33:15.546468-04:00 WarpnixOS kernel: Kernel command line: BOOT_IMAGE=/boot/vmlinuz-7.0.0-22-generic root=UUID=d28f9adf-16f0-4a19-9b08-4f5bead6a937 ro quiet splash
2026-07-13T17:33:15.546468-04:00 WarpnixOS kernel: Unknown kernel command line parameters "splash", will be passed to user space.
2026-07-13T17:33:15.546468-04:00 WarpnixOS kernel: random: crng init done
2026-07-13T17:33:15.546468-04:00 WarpnixOS kernel: printk: log buffer data + meta data: 262144 + 1114112 = 1376256 bytes
2026-07-13T17:33:15.546468-04:00 WarpnixOS kernel: Dentry cache hash table entries: 2097152 (order: 12, 16777216 bytes, linear)
2026-07-13T17:33:15.546511-04:00 WarpnixOS kernel: Inode-cache hash table entries: 1048576 (order: 11, 8388608 bytes, linear)
2026-07-13T17:33:15.546512-04:00 WarpnixOS kernel: software IO TLB: area num 8.
2026-07-13T17:33:15.546513-04:00 WarpnixOS kernel: Fallback order for Node 0: 0 
2026-07-13T17:33:15.546514-04:00 WarpnixOS kernel: Built 1 zonelists, mobility grouping on.  Total pages: 3145614
2026-07-13T17:33:15.546514-04:00 WarpnixOS kernel: Policy zone: Normal
2026-07-13T17:33:15.546514-04:00 WarpnixOS kernel: mem auto-init: stack:all(zero), heap alloc:on, heap free:off
2026-07-13T17:33:15.546514-04:00 WarpnixOS kernel: SLUB: HWalign=64, Order=0-3, MinObjects=0, CPUs=8, Nodes=1
2026-07-13T17:33:15.546516-04:00 WarpnixOS kernel: ftrace: allocating 63887 entries in 252 pages
2026-07-13T17:33:15.546516-04:00 WarpnixOS kernel: ftrace: allocated 252 pages with 6 groups
2026-07-13T17:33:15.546516-04:00 WarpnixOS kernel: Dynamic Preempt: lazy
2026-07-13T17:33:15.546516-04:00 WarpnixOS kernel: rcu: Preemptible hierarchical RCU implementation.
2026-07-13T17:33:15.546516-04:00 WarpnixOS kernel: rcu: 	RCU restricting CPUs from NR_CPUS=8192 to nr_cpu_ids=8.
2026-07-13T17:33:15.546517-04:00 WarpnixOS kernel: 	Trampoline variant of Tasks RCU enabled.
2026-07-13T17:33:15.546518-04:00 WarpnixOS kernel: 	Rude variant of Tasks RCU enabled.
2026-07-13T17:33:15.546518-04:00 WarpnixOS kernel: 	Tracing variant of Tasks RCU enabled.
2026-07-13T17:33:15.546518-04:00 WarpnixOS kernel: rcu: RCU calculated value of scheduler-enlistment delay is 100 jiffies.
2026-07-13T17:33:15.546519-04:00 WarpnixOS kernel: rcu: Adjusting geometry for rcu_fanout_leaf=16, nr_cpu_ids=8
2026-07-13T17:33:15.546519-04:00 WarpnixOS kernel: RCU Tasks: Setting shift to 3 and lim to 1 rcu_task_cb_adjust=1 rcu_task_cpu_ids=8.
2026-07-13T17:33:15.546519-04:00 WarpnixOS kernel: RCU Tasks Rude: Setting shift to 3 and lim to 1 rcu_task_cb_adjust=1 rcu_task_cpu_ids=8.
2026-07-13T17:33:15.546520-04:00 WarpnixOS kernel: NR_IRQS: 524544, nr_irqs: 488, preallocated irqs: 16
2026-07-13T17:33:15.546522-04:00 WarpnixOS kernel: rcu: srcu_init: Setting srcu_struct sizes based on contention.
2026-07-13T17:33:15.546522-04:00 WarpnixOS kernel: Console: colour VGA+ 80x25
2026-07-13T17:33:15.546522-04:00 WarpnixOS kernel: printk: legacy console [tty0] enabled
2026-07-13T17:33:15.546528-04:00 WarpnixOS kernel: ACPI: Core revision 20251212
2026-07-13T17:33:15.546529-04:00 WarpnixOS kernel: APIC: Switch to symmetric I/O mode setup
2026-07-13T17:33:15.546529-04:00 WarpnixOS kernel: x2apic enabled
2026-07-13T17:33:15.546531-04:00 WarpnixOS kernel: APIC: Switched APIC routing to: physical x2apic
2026-07-13T17:33:15.546531-04:00 WarpnixOS kernel: ..TIMER: vector=0x30 apic1=0 pin1=2 apic2=-1 pin2=-1
2026-07-13T17:33:15.546531-04:00 WarpnixOS kernel: clocksource: tsc-early: mask: 0xffffffffffffffff max_cycles: 0x3c6d4d0b6d3, max_idle_ns: 440795255641 ns
2026-07-13T17:33:15.546531-04:00 WarpnixOS kernel: Calibrating delay loop (skipped) preset value.. 8384.24 BogoMIPS (lpj=4192120)
2026-07-13T17:33:15.546531-04:00 WarpnixOS kernel: Last level iTLB entries: 4KB 512, 2MB 512, 4MB 256
2026-07-13T17:33:15.546532-04:00 WarpnixOS kernel: Last level dTLB entries: 4KB 3072, 2MB 3072, 4MB 1536, 1GB 0
2026-07-13T17:33:15.546533-04:00 WarpnixOS kernel: mitigations: Enabled attack vectors: user_kernel, user_user, guest_host, guest_guest, SMT mitigations: auto
2026-07-13T17:33:15.546534-04:00 WarpnixOS kernel: Speculative Return Stack Overflow: IBPB-extending microcode not applied!
2026-07-13T17:33:15.546534-04:00 WarpnixOS kernel: Speculative Return Stack Overflow: WARNING: See https://kernel.org/doc/html/latest/admin-guide/hw-vuln/srso.html for mitigation options.
2026-07-13T17:33:15.546534-04:00 WarpnixOS kernel: Transient Scheduler Attacks: Vulnerable: No microcode
2026-07-13T17:33:15.546534-04:00 WarpnixOS kernel: Spectre V2 : Mitigation: Retpolines
2026-07-13T17:33:15.546534-04:00 WarpnixOS kernel: Speculative Return Stack Overflow: Vulnerable: Safe RET, no microcode
2026-07-13T17:33:15.546536-04:00 WarpnixOS kernel: Spectre V1 : Mitigation: usercopy/swapgs barriers and __user pointer sanitization
2026-07-13T17:33:15.546537-04:00 WarpnixOS kernel: Spectre V2 : Spectre v2 / SpectreRSB: Filling RSB on context switch and VMEXIT
2026-07-13T17:33:15.546537-04:00 WarpnixOS kernel: Spectre V2 : mitigation: Enabling conditional Indirect Branch Prediction Barrier
2026-07-13T17:33:15.546537-04:00 WarpnixOS kernel: active return thunk: srso_alias_return_thunk
2026-07-13T17:33:15.546537-04:00 WarpnixOS kernel: x86/fpu: Supporting XSAVE feature 0x001: 'x87 floating point registers'
2026-07-13T17:33:15.546538-04:00 WarpnixOS kernel: x86/fpu: Supporting XSAVE feature 0x002: 'SSE registers'
2026-07-13T17:33:15.546538-04:00 WarpnixOS kernel: x86/fpu: Supporting XSAVE feature 0x004: 'AVX registers'
2026-07-13T17:33:15.546539-04:00 WarpnixOS kernel: x86/fpu: xstate_offset[2]:  576, xstate_sizes[2]:  256
2026-07-13T17:33:15.546540-04:00 WarpnixOS kernel: x86/fpu: Enabled xstate features 0x7, context size is 832 bytes, using 'standard' format.
2026-07-13T17:33:15.546540-04:00 WarpnixOS kernel: Freeing SMP alternatives memory: 56K
2026-07-13T17:33:15.546540-04:00 WarpnixOS kernel: pid_max: default: 32768 minimum: 301
2026-07-13T17:33:15.546540-04:00 WarpnixOS kernel: landlock: Up and running.
2026-07-13T17:33:15.546540-04:00 WarpnixOS kernel: Yama: becoming mindful.
2026-07-13T17:33:15.546542-04:00 WarpnixOS kernel: AppArmor: AppArmor initialized
2026-07-13T17:33:15.546542-04:00 WarpnixOS kernel: AppArmor: AppArmor secmark mediation reserved: ready to be enabled
2026-07-13T17:33:15.546542-04:00 WarpnixOS kernel: Mount-cache hash table entries: 32768 (order: 6, 262144 bytes, linear)
2026-07-13T17:33:15.546542-04:00 WarpnixOS kernel: Mountpoint-cache hash table entries: 32768 (order: 6, 262144 bytes, linear)
2026-07-13T17:33:15.546543-04:00 WarpnixOS kernel: VFS: Finished mounting rootfs on nullfs
2026-07-13T17:33:15.546543-04:00 WarpnixOS kernel: APIC calibration not consistent with PM-Timer: 110ms instead of 100ms
2026-07-13T17:33:15.546543-04:00 WarpnixOS kernel: APIC delta adjusted to PM-Timer: 6293366 (6977515)
2026-07-13T17:33:15.546544-04:00 WarpnixOS kernel: smpboot: CPU0: AMD Ryzen 7 7800X3D 8-Core Processor (family: 0x19, model: 0x61, stepping: 0x2)
2026-07-13T17:33:15.546545-04:00 WarpnixOS kernel: Performance Events: PMU not available due to virtualization, using software events only.
2026-07-13T17:33:15.546545-04:00 WarpnixOS kernel: signal: max sigframe size: 1776
2026-07-13T17:33:15.546546-04:00 WarpnixOS kernel: rcu: Hierarchical SRCU implementation.
2026-07-13T17:33:15.546546-04:00 WarpnixOS kernel: rcu: 	Max phase no-delay instances is 400.
2026-07-13T17:33:15.546546-04:00 WarpnixOS kernel: Timer migration: 1 hierarchy levels; 8 children per group; 1 crossnode level
2026-07-13T17:33:15.546548-04:00 WarpnixOS kernel: NMI watchdog: Perf NMI watchdog permanently disabled
2026-07-13T17:33:15.546548-04:00 WarpnixOS kernel: smp: Bringing up secondary CPUs ...
2026-07-13T17:33:15.546548-04:00 WarpnixOS kernel: smpboot: x86: Booting SMP configuration:
2026-07-13T17:33:15.546548-04:00 WarpnixOS kernel: .... node  #0, CPUs:      #1 #2 #3 #4 #5 #6 #7
2026-07-13T17:33:15.546549-04:00 WarpnixOS kernel: smp: Brought up 1 node, 8 CPUs
2026-07-13T17:33:15.546549-04:00 WarpnixOS kernel: smpboot: Total of 8 processors activated (67073.92 BogoMIPS)
2026-07-13T17:33:15.546551-04:00 WarpnixOS kernel: Memory: 9948880K/12582456K available (23771K kernel code, 4949K rwdata, 16748K rodata, 5292K init, 5860K bss, 2623312K reserved, 0K cma-reserved)
2026-07-13T17:33:15.546551-04:00 WarpnixOS kernel: devtmpfs: initialized
2026-07-13T17:33:15.546551-04:00 WarpnixOS kernel: x86/mm: Memory block size: 128MB
2026-07-13T17:33:15.546552-04:00 WarpnixOS kernel: clocksource: jiffies: mask: 0xffffffff max_cycles: 0xffffffff, max_idle_ns: 1911260446275000 ns
2026-07-13T17:33:15.546552-04:00 WarpnixOS kernel: posixtimers hash table entries: 4096 (order: 4, 65536 bytes, linear)
2026-07-13T17:33:15.546552-04:00 WarpnixOS kernel: futex hash table entries: 2048 (131072 bytes on 1 NUMA nodes, total 128 KiB, linear).
2026-07-13T17:33:15.546552-04:00 WarpnixOS kernel: PM: RTC time: 21:33:07, date: 2026-07-13
2026-07-13T17:33:15.546554-04:00 WarpnixOS kernel: NET: Registered PF_NETLINK/PF_ROUTE protocol family
2026-07-13T17:33:15.546554-04:00 WarpnixOS kernel: DMA: preallocated 2048 KiB GFP_KERNEL pool for atomic allocations
2026-07-13T17:33:15.546554-04:00 WarpnixOS kernel: DMA: preallocated 2048 KiB GFP_KERNEL|GFP_DMA pool for atomic allocations
2026-07-13T17:33:15.546554-04:00 WarpnixOS kernel: DMA: preallocated 2048 KiB GFP_KERNEL|GFP_DMA32 pool for atomic allocations
2026-07-13T17:33:15.546554-04:00 WarpnixOS kernel: audit: initializing netlink subsys (disabled)
2026-07-13T17:33:15.546555-04:00 WarpnixOS kernel: audit: type=2000 audit(1783978403.490:1): state=initialized audit_enabled=0 res=1
2026-07-13T17:33:15.546556-04:00 WarpnixOS kernel: thermal_sys: Registered thermal governor 'fair_share'
2026-07-13T17:33:15.546556-04:00 WarpnixOS kernel: thermal_sys: Registered thermal governor 'bang_bang'
2026-07-13T17:33:15.546556-04:00 WarpnixOS kernel: thermal_sys: Registered thermal governor 'step_wise'
2026-07-13T17:33:15.546557-04:00 WarpnixOS kernel: thermal_sys: Registered thermal governor 'user_space'
2026-07-13T17:33:15.546557-04:00 WarpnixOS kernel: thermal_sys: Registered thermal governor 'power_allocator'
2026-07-13T17:33:15.546557-04:00 WarpnixOS kernel: cpuidle: using governor ladder
2026-07-13T17:33:15.546558-04:00 WarpnixOS kernel: cpuidle: using governor menu
2026-07-13T17:33:15.546559-04:00 WarpnixOS kernel: acpiphp: ACPI Hot Plug PCI Controller Driver version: 0.5
2026-07-13T17:33:15.546559-04:00 WarpnixOS kernel: PCI: Using configuration type 1 for base access
2026-07-13T17:33:15.546559-04:00 WarpnixOS kernel: PCI: Using configuration type 1 for extended access
2026-07-13T17:33:15.546560-04:00 WarpnixOS kernel: kprobes: kprobe jump-optimization is enabled. All kprobes are optimized if possible.
2026-07-13T17:33:15.546560-04:00 WarpnixOS kernel: HugeTLB: registered 2.00 MiB page size, pre-allocated 0 pages
2026-07-13T17:33:15.546560-04:00 WarpnixOS kernel: HugeTLB: 28 KiB vmemmap can be freed for a 2.00 MiB page
2026-07-13T17:33:15.546564-04:00 WarpnixOS kernel: ACPI: Added _OSI(Module Device)
2026-07-13T17:33:15.546564-04:00 WarpnixOS kernel: ACPI: Added _OSI(Processor Device)
2026-07-13T17:33:15.546565-04:00 WarpnixOS kernel: ACPI: Added _OSI(Processor Aggregator Device)
2026-07-13T17:33:15.546565-04:00 WarpnixOS kernel: ACPI: 2 ACPI AML tables successfully acquired and loaded
2026-07-13T17:33:15.546565-04:00 WarpnixOS kernel: ACPI: \_SB_: platform _OSC: OS support mask [006e7eff]
2026-07-13T17:33:15.546565-04:00 WarpnixOS kernel: ACPI: Interpreter enabled
2026-07-13T17:33:15.546568-04:00 WarpnixOS kernel: ACPI: PM: (supports S0 S5)
2026-07-13T17:33:15.546568-04:00 WarpnixOS kernel: ACPI: Using IOAPIC for interrupt routing
2026-07-13T17:33:15.546569-04:00 WarpnixOS kernel: PCI: Using host bridge windows from ACPI; if necessary, use "pci=nocrs" and report a bug
2026-07-13T17:33:15.546569-04:00 WarpnixOS kernel: PCI: Using E820 reservations for host bridge windows
2026-07-13T17:33:15.546569-04:00 WarpnixOS kernel: ACPI: Enabled 2 GPEs in block 00 to 07
2026-07-13T17:33:15.546569-04:00 WarpnixOS kernel: ACPI: PCI Root Bridge [PCI0] (domain 0000 [bus 00-ff])
2026-07-13T17:33:15.546616-04:00 WarpnixOS kernel: acpi PNP0A03:00: _OSC: OS supports [ExtendedConfig ASPM ClockPM Segments MSI EDR HPX-Type3]
2026-07-13T17:33:15.546622-04:00 WarpnixOS kernel: acpi PNP0A03:00: _OSC: platform does not support [PCIeCapability LTR DPC]
2026-07-13T17:33:15.546622-04:00 WarpnixOS kernel: acpi PNP0A03:00: _OSC: not requesting control; platform does not support [PCIeCapability]
2026-07-13T17:33:15.546623-04:00 WarpnixOS kernel: acpi PNP0A03:00: _OSC: OS requested [PCIeHotplug SHPCHotplug PME AER PCIeCapability LTR DPC]
2026-07-13T17:33:15.546623-04:00 WarpnixOS kernel: acpi PNP0A03:00: _OSC: platform willing to grant [PCIeHotplug SHPCHotplug PME AER]
2026-07-13T17:33:15.546623-04:00 WarpnixOS kernel: acpi PNP0A03:00: _OSC: platform retains control of PCIe features (AE_SUPPORT)
2026-07-13T17:33:15.546623-04:00 WarpnixOS kernel: PCI host bridge to bus 0000:00
2026-07-13T17:33:15.546626-04:00 WarpnixOS kernel: pci_bus 0000:00: root bus resource [io  0x0000-0x0cf7 window]
2026-07-13T17:33:15.546626-04:00 WarpnixOS kernel: pci_bus 0000:00: root bus resource [io  0x0d00-0xffff window]
2026-07-13T17:33:15.546627-04:00 WarpnixOS kernel: pci_bus 0000:00: root bus resource [mem 0x000a0000-0x000bffff window]
2026-07-13T17:33:15.546627-04:00 WarpnixOS kernel: pci_bus 0000:00: root bus resource [mem 0xe0000000-0xfdffffff window]
2026-07-13T17:33:15.546627-04:00 WarpnixOS kernel: pci_bus 0000:00: root bus resource [bus 00-ff]
2026-07-13T17:33:15.546627-04:00 WarpnixOS kernel: pci 0000:00:00.0: [8086:1237] type 00 class 0x060000 conventional PCI endpoint
2026-07-13T17:33:15.546630-04:00 WarpnixOS kernel: pci 0000:00:01.0: [8086:7000] type 00 class 0x060100 conventional PCI endpoint
2026-07-13T17:33:15.546631-04:00 WarpnixOS kernel: pci 0000:00:01.1: [8086:7111] type 00 class 0x01018a conventional PCI endpoint
2026-07-13T17:33:15.546631-04:00 WarpnixOS kernel: pci 0000:00:01.1: BAR 4 [io  0xd000-0xd00f]
2026-07-13T17:33:15.546631-04:00 WarpnixOS kernel: pci 0000:00:01.1: BAR 0 [io  0x01f0-0x01f7]: legacy IDE quirk
2026-07-13T17:33:15.546631-04:00 WarpnixOS kernel: pci 0000:00:01.1: BAR 1 [io  0x03f6]: legacy IDE quirk
2026-07-13T17:33:15.546631-04:00 WarpnixOS kernel: pci 0000:00:01.1: BAR 2 [io  0x0170-0x0177]: legacy IDE quirk
2026-07-13T17:33:15.546632-04:00 WarpnixOS kernel: pci 0000:00:01.1: BAR 3 [io  0x0376]: legacy IDE quirk
2026-07-13T17:33:15.546635-04:00 WarpnixOS kernel: pci 0000:00:02.0: [15ad:0405] type 00 class 0x030000 conventional PCI endpoint
2026-07-13T17:33:15.546635-04:00 WarpnixOS kernel: pci 0000:00:02.0: BAR 0 [io  0xd010-0xd01f]
2026-07-13T17:33:15.546635-04:00 WarpnixOS kernel: pci 0000:00:02.0: BAR 1 [mem 0xe0000000-0xe7ffffff pref]
2026-07-13T17:33:15.546635-04:00 WarpnixOS kernel: pci 0000:00:02.0: BAR 2 [mem 0xf0000000-0xf01fffff]
2026-07-13T17:33:15.546635-04:00 WarpnixOS kernel: pci 0000:00:02.0: Video device with shadowed ROM at [mem 0x000c0000-0x000dffff]
2026-07-13T17:33:15.546636-04:00 WarpnixOS kernel: pci 0000:00:03.0: [8086:100e] type 00 class 0x020000 conventional PCI endpoint
2026-07-13T17:33:15.546639-04:00 WarpnixOS kernel: pci 0000:00:03.0: BAR 0 [mem 0xf0200000-0xf021ffff]
2026-07-13T17:33:15.546639-04:00 WarpnixOS kernel: pci 0000:00:03.0: BAR 2 [io  0xd020-0xd027]
2026-07-13T17:33:15.546639-04:00 WarpnixOS kernel: pci 0000:00:04.0: [80ee:cafe] type 00 class 0x088000 conventional PCI endpoint
2026-07-13T17:33:15.546639-04:00 WarpnixOS kernel: pci 0000:00:04.0: BAR 0 [io  0xd040-0xd05f]
2026-07-13T17:33:15.546639-04:00 WarpnixOS kernel: pci 0000:00:04.0: BAR 1 [mem 0xf0400000-0xf07fffff]
2026-07-13T17:33:15.546640-04:00 WarpnixOS kernel: pci 0000:00:04.0: BAR 2 [mem 0xf0800000-0xf0803fff pref]
2026-07-13T17:33:15.546640-04:00 WarpnixOS kernel: pci 0000:00:05.0: [8086:2415] type 00 class 0x040100 conventional PCI endpoint
2026-07-13T17:33:15.546643-04:00 WarpnixOS kernel: pci 0000:00:05.0: BAR 0 [io  0xd100-0xd1ff]
2026-07-13T17:33:15.546643-04:00 WarpnixOS kernel: pci 0000:00:05.0: BAR 1 [io  0xd200-0xd23f]
2026-07-13T17:33:15.546644-04:00 WarpnixOS kernel: pci 0000:00:06.0: [106b:003f] type 00 class 0x0c0310 conventional PCI endpoint
2026-07-13T17:33:15.546644-04:00 WarpnixOS kernel: pci 0000:00:06.0: BAR 0 [mem 0xf0804000-0xf0804fff]
2026-07-13T17:33:15.546644-04:00 WarpnixOS kernel: pci 0000:00:07.0: [8086:7113] type 00 class 0x068000 conventional PCI endpoint
2026-07-13T17:33:15.546644-04:00 WarpnixOS kernel: pci 0000:00:07.0: quirk: [io  0x4000-0x403f] claimed by PIIX4 ACPI
2026-07-13T17:33:15.546656-04:00 WarpnixOS kernel: pci 0000:00:07.0: quirk: [io  0x4100-0x410f] claimed by PIIX4 SMB
2026-07-13T17:33:15.546656-04:00 WarpnixOS kernel: pci 0000:00:0b.0: [8086:265c] type 00 class 0x0c0320 conventional PCI endpoint
2026-07-13T17:33:15.546657-04:00 WarpnixOS kernel: pci 0000:00:0b.0: BAR 0 [mem 0xf0805000-0xf0805fff]
2026-07-13T17:33:15.546657-04:00 WarpnixOS kernel: pci 0000:00:0d.0: [8086:2829] type 00 class 0x010601 conventional PCI endpoint
2026-07-13T17:33:15.546657-04:00 WarpnixOS kernel: pci 0000:00:0d.0: BAR 0 [io  0xd240-0xd247]
2026-07-13T17:33:15.546658-04:00 WarpnixOS kernel: pci 0000:00:0d.0: BAR 1 [io  0xd248-0xd24b]
2026-07-13T17:33:15.546661-04:00 WarpnixOS kernel: pci 0000:00:0d.0: BAR 2 [io  0xd250-0xd257]
2026-07-13T17:33:15.546661-04:00 WarpnixOS kernel: pci 0000:00:0d.0: BAR 3 [io  0xd258-0xd25b]
2026-07-13T17:33:15.546661-04:00 WarpnixOS kernel: pci 0000:00:0d.0: BAR 4 [io  0xd260-0xd26f]
2026-07-13T17:33:15.546661-04:00 WarpnixOS kernel: pci 0000:00:0d.0: BAR 5 [mem 0xf0806000-0xf0807fff]
2026-07-13T17:33:15.546661-04:00 WarpnixOS kernel: ACPI: PCI: Interrupt link LNKA configured for IRQ 11
2026-07-13T17:33:15.546662-04:00 WarpnixOS kernel: ACPI: PCI: Interrupt link LNKB configured for IRQ 10
2026-07-13T17:33:15.546662-04:00 WarpnixOS kernel: ACPI: PCI: Interrupt link LNKC configured for IRQ 9
2026-07-13T17:33:15.546665-04:00 WarpnixOS kernel: ACPI: PCI: Interrupt link LNKD configured for IRQ 11
2026-07-13T17:33:15.546666-04:00 WarpnixOS kernel: iommu: Default domain type: Translated
2026-07-13T17:33:15.546666-04:00 WarpnixOS kernel: iommu: DMA domain TLB invalidation policy: lazy mode
2026-07-13T17:33:15.546666-04:00 WarpnixOS kernel: SCSI subsystem initialized
2026-07-13T17:33:15.546666-04:00 WarpnixOS kernel: libata version 3.00 loaded.
2026-07-13T17:33:15.546667-04:00 WarpnixOS kernel: ACPI: bus type USB registered
2026-07-13T17:33:15.546669-04:00 WarpnixOS kernel: usbcore: registered new interface driver usbfs
2026-07-13T17:33:15.546670-04:00 WarpnixOS kernel: usbcore: registered new interface driver hub
2026-07-13T17:33:15.546670-04:00 WarpnixOS kernel: usbcore: registered new device driver usb
2026-07-13T17:33:15.546670-04:00 WarpnixOS kernel: pps_core: LinuxPPS API ver. 1 registered
2026-07-13T17:33:15.546670-04:00 WarpnixOS kernel: pps_core: Software ver. 5.3.6 - Copyright 2005-2007 Rodolfo Giometti <giometti@linux.it>
2026-07-13T17:33:15.546670-04:00 WarpnixOS kernel: PTP clock support registered
2026-07-13T17:33:15.546671-04:00 WarpnixOS kernel: EDAC MC: Ver: 3.0.0
2026-07-13T17:33:15.546673-04:00 WarpnixOS kernel: NetLabel: Initializing
2026-07-13T17:33:15.546674-04:00 WarpnixOS kernel: NetLabel:  domain hash size = 128
2026-07-13T17:33:15.546674-04:00 WarpnixOS kernel: NetLabel:  protocols = UNLABELED CIPSOv4 CALIPSO
2026-07-13T17:33:15.546675-04:00 WarpnixOS kernel: NetLabel:  unlabeled traffic allowed by default
2026-07-13T17:33:15.546675-04:00 WarpnixOS kernel: mctp: management component transport protocol core
2026-07-13T17:33:15.546676-04:00 WarpnixOS kernel: NET: Registered PF_MCTP protocol family
2026-07-13T17:33:15.546678-04:00 WarpnixOS kernel: PCI: Using ACPI for IRQ routing
2026-07-13T17:33:15.546679-04:00 WarpnixOS kernel: PCI: pci_cache_line_size set to 64 bytes
2026-07-13T17:33:15.546679-04:00 WarpnixOS kernel: e820: register RAM buffer resource [mem 0x0009fc00-0x0009ffff]
2026-07-13T17:33:15.546679-04:00 WarpnixOS kernel: e820: register RAM buffer resource [mem 0xdfff0000-0xdfffffff]
2026-07-13T17:33:15.546679-04:00 WarpnixOS kernel: pci 0000:00:02.0: vgaarb: setting as boot VGA device
2026-07-13T17:33:15.546679-04:00 WarpnixOS kernel: pci 0000:00:02.0: vgaarb: bridge control possible
2026-07-13T17:33:15.546682-04:00 WarpnixOS kernel: pci 0000:00:02.0: vgaarb: VGA device added: decodes=io+mem,owns=io+mem,locks=none
2026-07-13T17:33:15.546683-04:00 WarpnixOS kernel: vgaarb: loaded
2026-07-13T17:33:15.546684-04:00 WarpnixOS kernel: clocksource: Switched to clocksource kvm-clock
2026-07-13T17:33:15.546684-04:00 WarpnixOS kernel: VFS: Disk quotas dquot_6.6.0
2026-07-13T17:33:15.546684-04:00 WarpnixOS kernel: VFS: Dquot-cache hash table entries: 512 (order 0, 4096 bytes)
2026-07-13T17:33:15.546684-04:00 WarpnixOS kernel: AppArmor: AppArmor Filesystem Enabled
2026-07-13T17:33:15.546684-04:00 WarpnixOS kernel: pnp: PnP ACPI init
2026-07-13T17:33:15.546687-04:00 WarpnixOS kernel: pnp: PnP ACPI: found 2 devices
2026-07-13T17:33:15.546687-04:00 WarpnixOS kernel: clocksource: acpi_pm: mask: 0xffffff max_cycles: 0xffffff, max_idle_ns: 2085701024 ns
2026-07-13T17:33:15.546688-04:00 WarpnixOS kernel: NET: Registered PF_INET protocol family
2026-07-13T17:33:15.546688-04:00 WarpnixOS kernel: IP idents hash table entries: 262144 (order: 9, 2097152 bytes, linear)
2026-07-13T17:33:15.546688-04:00 WarpnixOS kernel: tcp_listen_portaddr_hash hash table entries: 8192 (order: 5, 131072 bytes, linear)
2026-07-13T17:33:15.546688-04:00 WarpnixOS kernel: Table-perturb hash table entries: 65536 (order: 6, 262144 bytes, linear)
2026-07-13T17:33:15.546691-04:00 WarpnixOS kernel: TCP established hash table entries: 131072 (order: 8, 1048576 bytes, linear)
2026-07-13T17:33:15.546691-04:00 WarpnixOS kernel: TCP bind hash table entries: 65536 (order: 9, 2097152 bytes, linear)
2026-07-13T17:33:15.546691-04:00 WarpnixOS kernel: TCP: Hash tables configured (established 131072 bind 65536)
2026-07-13T17:33:15.546692-04:00 WarpnixOS kernel: MPTCP token hash table entries: 16384 (order: 7, 393216 bytes, linear)
2026-07-13T17:33:15.546692-04:00 WarpnixOS kernel: UDP hash table entries: 8192 (order: 7, 524288 bytes, linear)
2026-07-13T17:33:15.546693-04:00 WarpnixOS kernel: UDP-Lite hash table entries: 8192 (order: 7, 524288 bytes, linear)
2026-07-13T17:33:15.546693-04:00 WarpnixOS kernel: NET: Registered PF_UNIX/PF_LOCAL protocol family
2026-07-13T17:33:15.546697-04:00 WarpnixOS kernel: NET: Registered PF_XDP protocol family
2026-07-13T17:33:15.546697-04:00 WarpnixOS kernel: pci_bus 0000:00: resource 4 [io  0x0000-0x0cf7 window]
2026-07-13T17:33:15.546698-04:00 WarpnixOS kernel: pci_bus 0000:00: resource 5 [io  0x0d00-0xffff window]
2026-07-13T17:33:15.546698-04:00 WarpnixOS kernel: pci_bus 0000:00: resource 6 [mem 0x000a0000-0x000bffff window]
2026-07-13T17:33:15.546698-04:00 WarpnixOS kernel: pci_bus 0000:00: resource 7 [mem 0xe0000000-0xfdffffff window]
2026-07-13T17:33:15.546698-04:00 WarpnixOS kernel: pci 0000:00:00.0: Limiting direct PCI/PCI transfers
2026-07-13T17:33:15.546701-04:00 WarpnixOS kernel: PCI: CLS 0 bytes, default 64
2026-07-13T17:33:15.546701-04:00 WarpnixOS kernel: PCI-DMA: Using software bounce buffering for IO (SWIOTLB)
2026-07-13T17:33:15.546701-04:00 WarpnixOS kernel: software IO TLB: mapped [mem 0x00000000dbff0000-0x00000000dfff0000] (64MB)
2026-07-13T17:33:15.546702-04:00 WarpnixOS kernel: clocksource: tsc: mask: 0xffffffffffffffff max_cycles: 0x3c6d4d0b6d3, max_idle_ns: 440795255641 ns
2026-07-13T17:33:15.546702-04:00 WarpnixOS kernel: Trying to unpack rootfs image as initramfs...
2026-07-13T17:33:15.546702-04:00 WarpnixOS kernel: clocksource: Switched to clocksource tsc
2026-07-13T17:33:15.546753-04:00 WarpnixOS kernel: platform rtc_cmos: registered platform RTC device (no PNP device found)
2026-07-13T17:33:15.546753-04:00 WarpnixOS kernel: Initialise system trusted keyrings
2026-07-13T17:33:15.546753-04:00 WarpnixOS kernel: Key type blacklist registered
2026-07-13T17:33:15.546753-04:00 WarpnixOS kernel: workingset: timestamp_bits=36 max_order=22 bucket_order=0
2026-07-13T17:33:15.546754-04:00 WarpnixOS kernel: squashfs: version 4.0 (2009/01/31) Phillip Lougher
2026-07-13T17:33:15.546754-04:00 WarpnixOS kernel: fuse: init (API version 7.45)
2026-07-13T17:33:15.546754-04:00 WarpnixOS kernel: integrity: Platform Keyring initialized
2026-07-13T17:33:15.546757-04:00 WarpnixOS kernel: integrity: Machine keyring initialized
2026-07-13T17:33:15.546757-04:00 WarpnixOS kernel: Key type asymmetric registered
2026-07-13T17:33:15.546757-04:00 WarpnixOS kernel: Asymmetric key parser 'x509' registered
2026-07-13T17:33:15.546758-04:00 WarpnixOS kernel: Block layer SCSI generic (bsg) driver version 0.4 loaded (major 242)
2026-07-13T17:33:15.546758-04:00 WarpnixOS kernel: io scheduler mq-deadline registered
2026-07-13T17:33:15.546758-04:00 WarpnixOS kernel: ledtrig-cpu: registered to indicate activity on CPUs
2026-07-13T17:33:15.546761-04:00 WarpnixOS kernel: ACPI: AC: AC Adapter [AC] (on-line)
2026-07-13T17:33:15.546761-04:00 WarpnixOS kernel: input: Power Button as /devices/platform/LNXPWRBN:00/input/input0
2026-07-13T17:33:15.546761-04:00 WarpnixOS kernel: ACPI: button: Power Button [PWRF]
2026-07-13T17:33:15.546762-04:00 WarpnixOS kernel: input: Sleep Button as /devices/platform/LNXSLPBN:00/input/input1
2026-07-13T17:33:15.546762-04:00 WarpnixOS kernel: ACPI: button: Sleep Button [SLPF]
2026-07-13T17:33:15.546762-04:00 WarpnixOS kernel: Serial: 8250/16550 driver, 32 ports, IRQ sharing enabled
2026-07-13T17:33:15.546762-04:00 WarpnixOS kernel: Linux agpgart interface v0.103
2026-07-13T17:33:15.546765-04:00 WarpnixOS kernel: loop: module loaded
2026-07-13T17:33:15.546765-04:00 WarpnixOS kernel: scsi host0: ata_piix
2026-07-13T17:33:15.546765-04:00 WarpnixOS kernel: scsi host1: ata_piix
2026-07-13T17:33:15.546766-04:00 WarpnixOS kernel: ata1: PATA max UDMA/33 cmd 0x1f0 ctl 0x3f6 bmdma 0xd000 irq 14 lpm-pol 0
2026-07-13T17:33:15.546766-04:00 WarpnixOS kernel: ata2: PATA max UDMA/33 cmd 0x170 ctl 0x376 bmdma 0xd008 irq 15 lpm-pol 0
2026-07-13T17:33:15.546766-04:00 WarpnixOS kernel: ACPI: bus type drm_connector registered
2026-07-13T17:33:15.546774-04:00 WarpnixOS kernel: tun: Universal TUN/TAP device driver, 1.6
2026-07-13T17:33:15.546774-04:00 WarpnixOS kernel: PPP generic driver version 2.4.2
2026-07-13T17:33:15.546774-04:00 WarpnixOS kernel: ohci-pci 0000:00:06.0: OHCI PCI host controller
2026-07-13T17:33:15.546775-04:00 WarpnixOS kernel: ohci-pci 0000:00:06.0: new USB bus registered, assigned bus number 1
2026-07-13T17:33:15.546775-04:00 WarpnixOS kernel: ohci-pci 0000:00:06.0: irq 22, io mem 0xf0804000
2026-07-13T17:33:15.546775-04:00 WarpnixOS kernel: usb usb1: New USB device found, idVendor=1d6b, idProduct=0001, bcdDevice= 7.00
2026-07-13T17:33:15.546778-04:00 WarpnixOS kernel: usb usb1: New USB device strings: Mfr=3, Product=2, SerialNumber=1
2026-07-13T17:33:15.546778-04:00 WarpnixOS kernel: usb usb1: Product: OHCI PCI host controller
2026-07-13T17:33:15.546778-04:00 WarpnixOS kernel: usb usb1: Manufacturer: Linux 7.0.0-22-generic ohci_hcd
2026-07-13T17:33:15.546778-04:00 WarpnixOS kernel: usb usb1: SerialNumber: 0000:00:06.0
2026-07-13T17:33:15.546779-04:00 WarpnixOS kernel: hub 1-0:1.0: USB hub found
2026-07-13T17:33:15.546779-04:00 WarpnixOS kernel: hub 1-0:1.0: 12 ports detected
2026-07-13T17:33:15.546779-04:00 WarpnixOS kernel: ehci-pci 0000:00:0b.0: EHCI Host Controller
2026-07-13T17:33:15.546782-04:00 WarpnixOS kernel: ehci-pci 0000:00:0b.0: new USB bus registered, assigned bus number 2
2026-07-13T17:33:15.546782-04:00 WarpnixOS kernel: i8042: PNP: PS/2 Controller [PNP0303:PS2K,PNP0f03:PS2M] at 0x60,0x64 irq 1,12
2026-07-13T17:33:15.546782-04:00 WarpnixOS kernel: ehci-pci 0000:00:0b.0: irq 19, io mem 0xf0805000
2026-07-13T17:33:15.546782-04:00 WarpnixOS kernel: serio: i8042 KBD port at 0x60,0x64 irq 1
2026-07-13T17:33:15.546783-04:00 WarpnixOS kernel: serio: i8042 AUX port at 0x60,0x64 irq 12
2026-07-13T17:33:15.546783-04:00 WarpnixOS kernel: mousedev: PS/2 mouse device common for all mice
2026-07-13T17:33:15.546786-04:00 WarpnixOS kernel: rtc_cmos rtc_cmos: registered as rtc0
2026-07-13T17:33:15.546786-04:00 WarpnixOS kernel: rtc_cmos rtc_cmos: setting system clock to 2026-07-13T21:33:08 UTC (1783978388)
2026-07-13T17:33:15.546786-04:00 WarpnixOS kernel: rtc_cmos rtc_cmos: alarms up to one day, 114 bytes nvram
2026-07-13T17:33:15.546786-04:00 WarpnixOS kernel: i2c_dev: i2c /dev entries driver
2026-07-13T17:33:15.546787-04:00 WarpnixOS kernel: device-mapper: core: CONFIG_IMA_DISABLE_HTABLE is disabled. Duplicate IMA measurements will not be recorded in the IMA log.
2026-07-13T17:33:15.546787-04:00 WarpnixOS kernel: device-mapper: uevent: version 1.0.3
2026-07-13T17:33:15.546790-04:00 WarpnixOS kernel: device-mapper: ioctl: 4.50.0-ioctl (2025-04-28) initialised: dm-devel@lists.linux.dev
2026-07-13T17:33:15.546790-04:00 WarpnixOS kernel: amd_pstate: The CPPC feature is supported but currently disabled by the BIOS.
2026-07-13T17:33:15.546791-04:00 WarpnixOS kernel: Please enable it if your BIOS has the CPPC option.
2026-07-13T17:33:15.546791-04:00 WarpnixOS kernel: amd_pstate: the _CPC object is not present in SBIOS or ACPI disabled
2026-07-13T17:33:15.546791-04:00 WarpnixOS kernel: drop_monitor: Initializing network drop monitor service
2026-07-13T17:33:15.546791-04:00 WarpnixOS kernel: NET: Registered PF_INET6 protocol family
2026-07-13T17:33:15.546791-04:00 WarpnixOS kernel: input: AT Translated Set 2 keyboard as /devices/platform/i8042/serio0/input/input2
2026-07-13T17:33:15.546795-04:00 WarpnixOS kernel: Segment Routing with IPv6
2026-07-13T17:33:15.546796-04:00 WarpnixOS kernel: In-situ OAM (IOAM) with IPv6
2026-07-13T17:33:15.546796-04:00 WarpnixOS kernel: NET: Registered PF_PACKET protocol family
2026-07-13T17:33:15.546796-04:00 WarpnixOS kernel: Key type dns_resolver registered
2026-07-13T17:33:15.546796-04:00 WarpnixOS kernel: IPI shorthand broadcast: enabled
2026-07-13T17:33:15.546796-04:00 WarpnixOS kernel: sched_clock: Marking stable (585105555, 11048719)->(613418709, -17264435)
2026-07-13T17:33:15.546799-04:00 WarpnixOS kernel: ehci-pci 0000:00:0b.0: USB 2.0 started, EHCI 1.00
2026-07-13T17:33:15.546799-04:00 WarpnixOS kernel: usb usb2: New USB device found, idVendor=1d6b, idProduct=0002, bcdDevice= 7.00
2026-07-13T17:33:15.546800-04:00 WarpnixOS kernel: usb usb2: New USB device strings: Mfr=3, Product=2, SerialNumber=1
2026-07-13T17:33:15.546800-04:00 WarpnixOS kernel: usb usb2: Product: EHCI Host Controller
2026-07-13T17:33:15.546807-04:00 WarpnixOS kernel: usb usb2: Manufacturer: Linux 7.0.0-22-generic ehci_hcd
2026-07-13T17:33:15.546808-04:00 WarpnixOS kernel: usb usb2: SerialNumber: 0000:00:0b.0
2026-07-13T17:33:15.546809-04:00 WarpnixOS kernel: hub 2-0:1.0: USB hub found
2026-07-13T17:33:15.546811-04:00 WarpnixOS kernel: hub 2-0:1.0: 12 ports detected
2026-07-13T17:33:15.546811-04:00 WarpnixOS kernel: registered taskstats version 1
2026-07-13T17:33:15.546811-04:00 WarpnixOS kernel: Loading compiled-in X.509 certificates
2026-07-13T17:33:15.546812-04:00 WarpnixOS kernel: Loaded X.509 cert 'Build time autogenerated kernel key: dc89478ca0cc19d49a8337465ee2fd0c98b2a3ff'
2026-07-13T17:33:15.546812-04:00 WarpnixOS kernel: Loaded X.509 cert 'Canonical Ltd. Live Patch Signing 2025 Kmod: d541cef61dc7e793b7eb7e899970a2eef0b5dc8c'
2026-07-13T17:33:15.546812-04:00 WarpnixOS kernel: Loaded X.509 cert 'Canonical Ltd. Live Patch Signing: 14df34d1a87cf37625abec039ef2bf521249b969'
2026-07-13T17:33:15.546824-04:00 WarpnixOS kernel: Loaded X.509 cert 'Canonical Ltd. Kernel Module Signing 2025 Kmod: 4627603d2357a2a3f81006370894c221175893e9'
2026-07-13T17:33:15.546825-04:00 WarpnixOS kernel: Loaded X.509 cert 'Canonical Ltd. Kernel Module Signing: 88f752e560a1e0737e31163a466ad7b70a850c19'
2026-07-13T17:33:15.546825-04:00 WarpnixOS kernel: blacklist: Loading compiled-in revocation X.509 certificates
2026-07-13T17:33:15.546825-04:00 WarpnixOS kernel: Loaded X.509 cert 'Canonical Ltd. Secure Boot Signing: 61482aa2830d0ab2ad5af10b7250da9033ddcef0'
2026-07-13T17:33:15.546825-04:00 WarpnixOS kernel: Loaded X.509 cert 'Canonical Ltd. Secure Boot Signing (2017): 242ade75ac4a15e50d50c84b0d45ff3eae707a03'
2026-07-13T17:33:15.546826-04:00 WarpnixOS kernel: Loaded X.509 cert 'Canonical Ltd. Secure Boot Signing (ESM 2018): 365188c1d374d6b07c3c8f240f8ef722433d6a8b'
2026-07-13T17:33:15.546836-04:00 WarpnixOS kernel: Loaded X.509 cert 'Canonical Ltd. Secure Boot Signing (2019): c0746fd6c5da3ae827864651ad66ae47fe24b3e8'
2026-07-13T17:33:15.546836-04:00 WarpnixOS kernel: Loaded X.509 cert 'Canonical Ltd. Secure Boot Signing (2021 v1): a8d54bbb3825cfb94fa13c9f8a594a195c107b8d'
2026-07-13T17:33:15.546836-04:00 WarpnixOS kernel: Loaded X.509 cert 'Canonical Ltd. Secure Boot Signing (2021 v2): 4cf046892d6fd3c9a5b03f98d845f90851dc6a8c'
2026-07-13T17:33:15.546836-04:00 WarpnixOS kernel: Loaded X.509 cert 'Canonical Ltd. Secure Boot Signing (2021 v3): 100437bb6de6e469b581e61cd66bce3ef4ed53af'
2026-07-13T17:33:15.546837-04:00 WarpnixOS kernel: Loaded X.509 cert 'Canonical Ltd. Secure Boot Signing (Ubuntu Core 2019): c1d57b8f6b743f23ee41f4f7ee292f06eecadfb9'
2026-07-13T17:33:15.546840-04:00 WarpnixOS kernel: Demotion targets for Node 0: null
2026-07-13T17:33:15.546840-04:00 WarpnixOS kernel: Key type .fscrypt registered
2026-07-13T17:33:15.546840-04:00 WarpnixOS kernel: Key type fscrypt-provisioning registered
2026-07-13T17:33:15.546840-04:00 WarpnixOS kernel: Key type big_key registered
2026-07-13T17:33:15.546841-04:00 WarpnixOS kernel: Freeing initrd memory: 210424K
2026-07-13T17:33:15.546841-04:00 WarpnixOS kernel: Key type encrypted registered
2026-07-13T17:33:15.546844-04:00 WarpnixOS kernel: AppArmor: AppArmor sha256 policy hashing enabled
2026-07-13T17:33:15.546844-04:00 WarpnixOS kernel: ima: No TPM chip found, activating TPM-bypass!
2026-07-13T17:33:15.546844-04:00 WarpnixOS kernel: Loading compiled-in module X.509 certificates
2026-07-13T17:33:15.546844-04:00 WarpnixOS kernel: Loaded X.509 cert 'Build time autogenerated kernel key: dc89478ca0cc19d49a8337465ee2fd0c98b2a3ff'
2026-07-13T17:33:15.546844-04:00 WarpnixOS kernel: ima: Allocated hash algorithm: sha256
2026-07-13T17:33:15.546845-04:00 WarpnixOS kernel: ima: No architecture policies found
2026-07-13T17:33:15.546845-04:00 WarpnixOS kernel: evm: Initialising EVM extended attributes:
2026-07-13T17:33:15.546848-04:00 WarpnixOS kernel: evm: security.selinux
2026-07-13T17:33:15.546848-04:00 WarpnixOS kernel: evm: security.SMACK64
2026-07-13T17:33:15.546848-04:00 WarpnixOS kernel: evm: security.SMACK64EXEC
2026-07-13T17:33:15.546848-04:00 WarpnixOS kernel: evm: security.SMACK64TRANSMUTE
2026-07-13T17:33:15.546848-04:00 WarpnixOS kernel: evm: security.SMACK64MMAP
2026-07-13T17:33:15.546848-04:00 WarpnixOS kernel: evm: security.apparmor
2026-07-13T17:33:15.546851-04:00 WarpnixOS kernel: evm: security.ima
2026-07-13T17:33:15.546852-04:00 WarpnixOS kernel: evm: security.capability
2026-07-13T17:33:15.546852-04:00 WarpnixOS kernel: evm: HMAC attrs: 0x1
2026-07-13T17:33:15.546852-04:00 WarpnixOS kernel: PM:   Magic number: 2:242:601
2026-07-13T17:33:15.546852-04:00 WarpnixOS kernel: RAS: Correctable Errors collector initialized.
2026-07-13T17:33:15.546852-04:00 WarpnixOS kernel: clk: Disabling unused clocks
2026-07-13T17:33:15.546854-04:00 WarpnixOS kernel: PM: genpd: Disabling unused power domains
2026-07-13T17:33:15.546855-04:00 WarpnixOS kernel: Freeing unused decrypted memory: 2028K
2026-07-13T17:33:15.546910-04:00 WarpnixOS kernel: Freeing unused kernel image (initmem) memory: 5292K
2026-07-13T17:33:15.546910-04:00 WarpnixOS kernel: Write protecting the kernel read-only data: 43008k
2026-07-13T17:33:15.546910-04:00 WarpnixOS kernel: Freeing unused kernel image (text/rodata gap) memory: 804K
2026-07-13T17:33:15.546911-04:00 WarpnixOS kernel: Freeing unused kernel image (rodata/data gap) memory: 1684K
2026-07-13T17:33:15.546911-04:00 WarpnixOS kernel: x86/mm: Checked W+X mappings: passed, no W+X pages found.
2026-07-13T17:33:15.546914-04:00 WarpnixOS kernel: Run /init as init process
2026-07-13T17:33:15.546914-04:00 WarpnixOS kernel:   with arguments:
2026-07-13T17:33:15.546914-04:00 WarpnixOS kernel:     /init
2026-07-13T17:33:15.546915-04:00 WarpnixOS kernel:     splash
2026-07-13T17:33:15.546915-04:00 WarpnixOS kernel:   with environment:
2026-07-13T17:33:15.546915-04:00 WarpnixOS kernel:     HOME=/
2026-07-13T17:33:15.546918-04:00 WarpnixOS kernel:     TERM=linux
2026-07-13T17:33:15.546918-04:00 WarpnixOS kernel: e1000: Intel(R) PRO/1000 Network Driver
2026-07-13T17:33:15.546918-04:00 WarpnixOS kernel: e1000: Copyright (c) 1999-2006 Intel Corporation.
2026-07-13T17:33:15.546919-04:00 WarpnixOS kernel: ACPI: video: Video Device [GFX0] (multi-head: yes  rom: no  post: no)
2026-07-13T17:33:15.546919-04:00 WarpnixOS kernel: input: Video Bus as /devices/pci0000:00/acpi.video_bus.0/input/input4
2026-07-13T17:33:15.546919-04:00 WarpnixOS kernel: ahci 0000:00:0d.0: SSS flag set, parallel bus scan disabled
2026-07-13T17:33:15.546919-04:00 WarpnixOS kernel: ahci 0000:00:0d.0: AHCI vers 0001.0100, 32 command slots, 3 Gbps, SATA mode
2026-07-13T17:33:15.546922-04:00 WarpnixOS kernel: ahci 0000:00:0d.0: 1/1 ports implemented (port mask 0x1)
2026-07-13T17:33:15.546922-04:00 WarpnixOS kernel: ahci 0000:00:0d.0: flags: 64bit ncq stag only ccc 
2026-07-13T17:33:15.546923-04:00 WarpnixOS kernel: scsi host2: ahci
2026-07-13T17:33:15.546923-04:00 WarpnixOS kernel: ata3: SATA max UDMA/133 abar m8192@0xf0806000 port 0xf0806100 irq 21 lpm-pol 1
2026-07-13T17:33:15.546923-04:00 WarpnixOS kernel: input: ImExPS/2 Generic Explorer Mouse as /devices/platform/i8042/serio1/input/input5
2026-07-13T17:33:15.546923-04:00 WarpnixOS kernel: usb 1-1: new full-speed USB device number 2 using ohci-pci
2026-07-13T17:33:15.546926-04:00 WarpnixOS kernel: e1000 0000:00:03.0 eth0: (PCI:33MHz:32-bit) 08:00:27:1e:da:2f
2026-07-13T17:33:15.546926-04:00 WarpnixOS kernel: e1000 0000:00:03.0 eth0: Intel(R) PRO/1000 Network Connection
2026-07-13T17:33:15.546926-04:00 WarpnixOS kernel: ata3: SATA link up 3.0 Gbps (SStatus 123 SControl 300)
2026-07-13T17:33:15.546927-04:00 WarpnixOS kernel: ata3.00: ATA-6: VBOX HARDDISK, 1.0, max UDMA/133
2026-07-13T17:33:15.546927-04:00 WarpnixOS kernel: ata3.00: 83915200 sectors, multi 128: LBA48 NCQ (depth 32)
2026-07-13T17:33:15.546927-04:00 WarpnixOS kernel: ata3.00: configured for UDMA/133
2026-07-13T17:33:15.546928-04:00 WarpnixOS kernel: scsi 2:0:0:0: Direct-Access     ATA      VBOX HARDDISK    1.0  PQ: 0 ANSI: 5
2026-07-13T17:33:15.546930-04:00 WarpnixOS kernel: sd 2:0:0:0: Attached scsi generic sg0 type 0
2026-07-13T17:33:15.546930-04:00 WarpnixOS kernel: sd 2:0:0:0: [sda] 83915200 512-byte logical blocks: (43.0 GB/40.0 GiB)
2026-07-13T17:33:15.546931-04:00 WarpnixOS kernel: sd 2:0:0:0: [sda] Write Protect is off
2026-07-13T17:33:15.546931-04:00 WarpnixOS kernel: sd 2:0:0:0: [sda] Mode Sense: 00 3a 00 00
2026-07-13T17:33:15.546931-04:00 WarpnixOS kernel: sd 2:0:0:0: [sda] Write cache: enabled, read cache: enabled, doesn't support DPO or FUA
2026-07-13T17:33:15.546931-04:00 WarpnixOS kernel: sd 2:0:0:0: [sda] Preferred minimum I/O size 512 bytes
2026-07-13T17:33:15.546934-04:00 WarpnixOS kernel:  sda: sda1
2026-07-13T17:33:15.546934-04:00 WarpnixOS kernel: sd 2:0:0:0: [sda] Attached SCSI disk
2026-07-13T17:33:15.546934-04:00 WarpnixOS kernel: e1000 0000:00:03.0 enp0s3: renamed from eth0
2026-07-13T17:33:15.546934-04:00 WarpnixOS kernel: usb 1-1: New USB device found, idVendor=80ee, idProduct=0021, bcdDevice= 1.00
2026-07-13T17:33:15.546935-04:00 WarpnixOS kernel: usb 1-1: New USB device strings: Mfr=1, Product=3, SerialNumber=0
2026-07-13T17:33:15.546935-04:00 WarpnixOS kernel: usb 1-1: Product: USB Tablet
2026-07-13T17:33:15.546938-04:00 WarpnixOS kernel: usb 1-1: Manufacturer: VirtualBox
2026-07-13T17:33:15.546938-04:00 WarpnixOS kernel: hid: raw HID events driver (C) Jiri Kosina
2026-07-13T17:33:15.546938-04:00 WarpnixOS kernel: usbcore: registered new interface driver usbhid
2026-07-13T17:33:15.546938-04:00 WarpnixOS kernel: usbhid: USB HID core driver
2026-07-13T17:33:15.546938-04:00 WarpnixOS kernel: input: VirtualBox USB Tablet as /devices/pci0000:00/0000:00:06.0/usb1/1-1/1-1:1.0/0003:80EE:0021.0001/input/input6
2026-07-13T17:33:15.546939-04:00 WarpnixOS kernel: hid-generic 0003:80EE:0021.0001: input,hidraw0: USB HID v1.10 Mouse [VirtualBox USB Tablet] on usb-0000:00:06.0-1/input0
2026-07-13T17:33:15.546942-04:00 WarpnixOS kernel: raid6: avx2x4   gen() 36645 MB/s
2026-07-13T17:33:15.546942-04:00 WarpnixOS kernel: raid6: avx2x2   gen() 33243 MB/s
2026-07-13T17:33:15.546942-04:00 WarpnixOS kernel: raid6: avx2x1   gen() 25504 MB/s
2026-07-13T17:33:15.546942-04:00 WarpnixOS kernel: raid6: using algorithm avx2x4 gen() 36645 MB/s
2026-07-13T17:33:15.546942-04:00 WarpnixOS kernel: raid6: .... xor() 5652 MB/s, rmw enabled
2026-07-13T17:33:15.546943-04:00 WarpnixOS kernel: raid6: using avx2x2 recovery algorithm
2026-07-13T17:33:15.546943-04:00 WarpnixOS kernel: xor: automatically using best checksumming function   avx       
2026-07-13T17:33:15.546946-04:00 WarpnixOS kernel: Btrfs loaded, zoned=yes, fsverity=yes
2026-07-13T17:33:15.546946-04:00 WarpnixOS kernel: EXT4-fs (sda1): orphan cleanup on readonly fs
2026-07-13T17:33:15.546946-04:00 WarpnixOS kernel: EXT4-fs (sda1): mounted filesystem d28f9adf-16f0-4a19-9b08-4f5bead6a937 ro with ordered data mode. Quota mode: none.
2026-07-13T17:33:15.547061-04:00 WarpnixOS kernel: EXT4-fs (sda1): re-mounted d28f9adf-16f0-4a19-9b08-4f5bead6a937 r/w.
2026-07-13T17:33:15.547065-04:00 WarpnixOS kernel: ppdev: user-space parallel port driver
2026-07-13T17:33:15.547065-04:00 WarpnixOS kernel: lp: driver loaded but no devices found
2026-07-13T17:33:15.547068-04:00 WarpnixOS kernel: Adding 524284k swap on /swapfile.  Priority:-1 extents:1 across:524284k 
2026-07-13T17:33:15.547084-04:00 WarpnixOS kernel: vboxguest: loading out-of-tree module taints kernel.
2026-07-13T17:33:15.547089-04:00 WarpnixOS kernel: vboxguest: module verification failed: signature and/or required key missing - tainting kernel
2026-07-13T17:33:15.547090-04:00 WarpnixOS kernel: vgdrvHeartbeatInit: Setting up heartbeat to trigger every 2000 milliseconds
2026-07-13T17:33:15.547090-04:00 WarpnixOS kernel: Host supports full mouse state reporting, switching to extended mouse integration protocol
2026-07-13T17:33:15.547090-04:00 WarpnixOS kernel: input: VirtualBox mouse integration as /devices/pci0000:00/0000:00:04.0/input/input7
2026-07-13T17:33:15.547090-04:00 WarpnixOS kernel: vboxguest: Successfully loaded version 7.1.16 r172425
2026-07-13T17:33:15.547090-04:00 WarpnixOS kernel: vboxguest: misc device minor 262, IRQ 20, I/O port d040, MMIO at 00000000f0400000 (size 0x400000)
2026-07-13T17:33:15.547091-04:00 WarpnixOS kernel: vboxguest: Successfully loaded version 7.1.16 r172425 (interface 0x00010004)
2026-07-13T17:33:15.547094-04:00 WarpnixOS kernel: vmwgfx 0000:00:02.0: vgaarb: deactivate vga console
2026-07-13T17:33:15.547094-04:00 WarpnixOS kernel: Console: switching to colour dummy device 80x25
2026-07-13T17:33:15.547094-04:00 WarpnixOS kernel: vmwgfx 0000:00:02.0: [drm] FIFO at 0x00000000f0000000 size is 2048 KiB
2026-07-13T17:33:15.547094-04:00 WarpnixOS kernel: vmwgfx 0000:00:02.0: [drm] VRAM at 0x00000000e0000000 size is 131072 KiB
2026-07-13T17:33:15.547094-04:00 WarpnixOS kernel: vmwgfx 0000:00:02.0: [drm] Running on SVGA version 2.
2026-07-13T17:33:15.547094-04:00 WarpnixOS kernel: vmwgfx 0000:00:02.0: [drm] Capabilities: rect copy, cursor, cursor bypass, cursor bypass 2, alpha cursor, extended fifo, pitchlock, irq mask, gmr, traces, gmr2, screen object 2, command buffers, gbobject, 
2026-07-13T17:33:15.547126-04:00 WarpnixOS kernel: vmwgfx 0000:00:02.0: [drm] *ERROR* vmwgfx seems to be running on an unsupported hypervisor.
2026-07-13T17:33:15.547126-04:00 WarpnixOS kernel: vmwgfx 0000:00:02.0: [drm] *ERROR* This configuration is likely broken.
2026-07-13T17:33:15.547126-04:00 WarpnixOS kernel: vmwgfx 0000:00:02.0: [drm] *ERROR* Please switch to a supported graphics device to avoid problems.
2026-07-13T17:33:15.547126-04:00 WarpnixOS kernel: vmwgfx 0000:00:02.0: [drm] DMA map mode: Caching DMA mappings.
2026-07-13T17:33:15.547127-04:00 WarpnixOS kernel: vmwgfx 0000:00:02.0: [drm] Legacy memory limits: VRAM = 131072 KiB, FIFO = 2048 KiB, surface = 393216 KiB
2026-07-13T17:33:15.547127-04:00 WarpnixOS kernel: vmwgfx 0000:00:02.0: [drm] MOB limits: max mob size = 131072 KiB, max mob pages = 32768
2026-07-13T17:33:15.547130-04:00 WarpnixOS kernel: vmwgfx 0000:00:02.0: [drm] Max GMR ids is 8192
2026-07-13T17:33:15.547130-04:00 WarpnixOS kernel: vmwgfx 0000:00:02.0: [drm] Max number of GMR pages is 1048576
2026-07-13T17:33:15.547130-04:00 WarpnixOS kernel: vmwgfx 0000:00:02.0: [drm] Maximum display memory size is 131072 KiB
2026-07-13T17:33:15.547130-04:00 WarpnixOS kernel: vmwgfx 0000:00:02.0: [drm] Screen Target display unit initialized
2026-07-13T17:33:15.547130-04:00 WarpnixOS kernel: vmwgfx 0000:00:02.0: [drm] Fifo max 0x00200000 min 0x00001000 cap 0x00000355
2026-07-13T17:33:15.547131-04:00 WarpnixOS kernel: vmwgfx 0000:00:02.0: [drm] Using command buffers with DMA pool.
2026-07-13T17:33:15.547133-04:00 WarpnixOS kernel: vmwgfx 0000:00:02.0: [drm] Available shader model: Legacy.
2026-07-13T17:33:15.547134-04:00 WarpnixOS kernel: piix4_smbus 0000:00:07.0: SMBus Host Controller at 0x4100, revision 0
2026-07-13T17:33:15.547134-04:00 WarpnixOS kernel: ------------[ cut here ]------------
2026-07-13T17:33:15.547138-04:00 WarpnixOS kernel: WARNING: kernel/rcu/tree_plugin.h:823 at rcu_sched_clock_irq+0x390/0x3a0, CPU#3: (udev-worker)/420
2026-07-13T17:33:15.547139-04:00 WarpnixOS kernel: Modules linked in: snd_seq_device(+) i2c_piix4 snd_timer vmwgfx(+) i2c_smbus snd drm_ttm_helper ttm soundcore vboxguest(OE) joydev input_leds mac_hid sch_fq_codel parport_pc lp ppdev parport msr efi_pstore nfnetlink dmi_sysfs autofs4 btrfs libblake2b xor raid6_pq hid_generic usbhid hid psmouse vga16fb serio_raw video vgastate ahci ghash_clmulni_intel wmi libahci e1000 pata_acpi aesni_intel
2026-07-13T17:33:15.547139-04:00 WarpnixOS kernel: CPU: 3 UID: 0 PID: 420 Comm: (udev-worker) Tainted: G           OE       7.0.0-22-generic #22-Ubuntu PREEMPT(lazy) 
2026-07-13T17:33:15.547142-04:00 WarpnixOS kernel: Tainted: [O]=OOT_MODULE, [E]=UNSIGNED_MODULE
2026-07-13T17:33:15.547143-04:00 WarpnixOS kernel: Hardware name: innotek GmbH VirtualBox/VirtualBox, BIOS VirtualBox 12/01/2006
2026-07-13T17:33:15.547143-04:00 WarpnixOS kernel: RIP: 0010:rcu_sched_clock_irq+0x390/0x3a0
2026-07-13T17:33:15.547143-04:00 WarpnixOS kernel: Code: 02 8b 80 68 d4 a2 b7 a8 04 0f 84 a3 fe ff ff e9 8d fe ff ff 48 8b 03 a8 10 75 ca be 04 00 00 00 48 89 df e8 b2 37 f5 ff eb bb <0f> 0b e9 f7 fc ff ff 66 0f 1f 84 00 00 00 00 00 90 90 90 90 90 90
2026-07-13T17:33:15.547143-04:00 WarpnixOS kernel: RSP: 0000:ffffcb9f40dafdb0 EFLAGS: 00010086
2026-07-13T17:33:15.547143-04:00 WarpnixOS kernel: RAX: 00000000ffffffff RBX: ffff8969ce4c5500 RCX: 0000000000000000
2026-07-13T17:33:15.547146-04:00 WarpnixOS kernel: RDX: 0000000000000000 RSI: 0000000000000000 RDI: 0000000000000001
2026-07-13T17:33:15.547147-04:00 WarpnixOS kernel: RBP: ffffcb9f40dafdd0 R08: 0000000000000000 R09: 0000000000000000
2026-07-13T17:33:15.547147-04:00 WarpnixOS kernel: R10: 0000000000000000 R11: 0000000000000000 R12: 0000000000000001
2026-07-13T17:33:15.547147-04:00 WarpnixOS kernel: R13: 0000000164f92714 R14: ffffffffb4b8e150 R15: ffff896bd3ba1ac0
2026-07-13T17:33:15.547147-04:00 WarpnixOS kernel: FS:  00007e33eed21c80(0000) GS:ffff896c1c180000(0000) knlGS:0000000000000000
2026-07-13T17:33:15.547147-04:00 WarpnixOS kernel: CS:  0010 DS: 0000 ES: 0000 CR0: 0000000080050033
2026-07-13T17:33:15.547150-04:00 WarpnixOS kernel: CR2: 00005c082cf25b98 CR3: 0000000117644000 CR4: 00000000000506f0
2026-07-13T17:33:15.547150-04:00 WarpnixOS kernel: Call Trace:
2026-07-13T17:33:15.547150-04:00 WarpnixOS kernel:  <TASK>
2026-07-13T17:33:15.547151-04:00 WarpnixOS kernel:  ? account_process_tick+0xf1/0x160
2026-07-13T17:33:15.547151-04:00 WarpnixOS kernel:  update_process_times+0x91/0xe0
2026-07-13T17:33:15.547151-04:00 WarpnixOS kernel:  tick_nohz_handler+0x96/0x1a0
2026-07-13T17:33:15.547151-04:00 WarpnixOS kernel:  __hrtimer_run_queues+0x10c/0x270
2026-07-13T17:33:15.547154-04:00 WarpnixOS kernel:  ? srso_alias_return_thunk+0x5/0xfbef5
2026-07-13T17:33:15.547154-04:00 WarpnixOS kernel:  hrtimer_interrupt+0x104/0x250
2026-07-13T17:33:15.547155-04:00 WarpnixOS kernel:  __sysvec_apic_timer_interrupt+0x58/0x150
2026-07-13T17:33:15.547155-04:00 WarpnixOS kernel:  ? srso_alias_return_thunk+0x5/0xfbef5
2026-07-13T17:33:15.547155-04:00 WarpnixOS kernel:  sysvec_apic_timer_interrupt+0x44/0xd0
2026-07-13T17:33:15.547155-04:00 WarpnixOS kernel:  asm_sysvec_apic_timer_interrupt+0x1b/0x20
2026-07-13T17:33:15.547158-04:00 WarpnixOS kernel: RIP: 0033:0x7e33ee4a06c6
2026-07-13T17:33:15.547158-04:00 WarpnixOS kernel: Code: 47 ba 04 00 00 00 48 8b 05 3f 17 17 00 64 89 10 48 c7 c2 ff ff ff ff c9 48 89 d0 c3 0f 1f 84 00 00 00 00 00 48 8b 45 10 0f 05 <48> 89 c2 48 3d 00 f0 ff ff 77 0f c9 48 89 d0 c3 66 2e 0f 1f 84 00
2026-07-13T17:33:15.547158-04:00 WarpnixOS kernel: RSP: 002b:00007ffe7bd25030 EFLAGS: 00000202
2026-07-13T17:33:15.547159-04:00 WarpnixOS kernel: RAX: 0000000000000054 RBX: 00005c082cfaa860 RCX: 00007e33ee4a06c6
2026-07-13T17:33:15.547159-04:00 WarpnixOS kernel: RDX: 00000000002a0000 RSI: 00005c082cfaa860 RDI: 0000000000000056
2026-07-13T17:33:15.547159-04:00 WarpnixOS kernel: RBP: 00007ffe7bd25040 R08: 0000000000000000 R09: 0000000000000000
2026-07-13T17:33:15.547162-04:00 WarpnixOS kernel: R10: 0000000000000000 R11: 0000000000000202 R12: 0000000000000000
2026-07-13T17:33:15.547162-04:00 WarpnixOS kernel: R13: 0000000000000056 R14: 0000000000000056 R15: 0000000000000000
2026-07-13T17:33:15.547162-04:00 WarpnixOS kernel:  </TASK>
2026-07-13T17:33:15.547162-04:00 WarpnixOS kernel: ---[ end trace 0000000000000000 ]---
2026-07-13T17:33:15.547163-04:00 WarpnixOS kernel: [drm] Initialized vmwgfx 2.21.0 for 0000:00:02.0 on minor 0
2026-07-13T17:33:15.547163-04:00 WarpnixOS kernel: fbcon: vmwgfxdrmfb (fb0) is primary device
2026-07-13T17:33:15.547163-04:00 WarpnixOS kernel: Console: switching to colour frame buffer device 160x50
2026-07-13T17:33:15.547167-04:00 WarpnixOS kernel: vmwgfx 0000:00:02.0: [drm] fb0: vmwgfxdrmfb frame buffer device
2026-07-13T17:33:15.547167-04:00 WarpnixOS kernel: intel_rapl_common: Found RAPL domain package
2026-07-13T17:33:15.547167-04:00 WarpnixOS kernel: intel_rapl_common: Found RAPL domain core
2026-07-13T17:33:15.547167-04:00 WarpnixOS kernel: snd_intel8x0 0000:00:05.0: allow list rate for 1028:0177 is 48000
2026-07-13T17:33:15.547167-04:00 WarpnixOS kernel: audit: type=1400 audit(1783978394.582:2): apparmor="STATUS" operation="profile_load" profile="unconfined" name=4D6F6E676F444220436F6D70617373 pid=573 comm="apparmor_parser"
2026-07-13T17:33:15.547168-04:00 WarpnixOS kernel: audit: type=1400 audit(1783978394.582:3): apparmor="STATUS" operation="profile_load" profile="unconfined" name="Discord" pid=572 comm="apparmor_parser"
2026-07-13T17:33:15.547170-04:00 WarpnixOS kernel: audit: type=1400 audit(1783978394.582:4): apparmor="STATUS" operation="profile_load" profile="unconfined" name="1password" pid=571 comm="apparmor_parser"
2026-07-13T17:33:15.547171-04:00 WarpnixOS kernel: audit: type=1400 audit(1783978394.582:5): apparmor="STATUS" operation="profile_load" profile="unconfined" name="QtWebEngineProcess" pid=574 comm="apparmor_parser"
2026-07-13T17:33:15.547171-04:00 WarpnixOS kernel: audit: type=1400 audit(1783978394.582:6): apparmor="STATUS" operation="profile_load" profile="unconfined" name="balena-etcher" pid=578 comm="apparmor_parser"
2026-07-13T17:33:15.547171-04:00 WarpnixOS kernel: audit: type=1400 audit(1783978394.584:7): apparmor="STATUS" operation="profile_load" profile="unconfined" name="buildah" pid=584 comm="apparmor_parser"
2026-07-13T17:33:15.547171-04:00 WarpnixOS kernel: audit: type=1400 audit(1783978394.584:8): apparmor="STATUS" operation="profile_load" profile="unconfined" name="babeld" pid=577 comm="apparmor_parser"
2026-07-13T17:33:15.547174-04:00 WarpnixOS kernel: audit: type=1400 audit(1783978394.584:9): apparmor="STATUS" operation="profile_load" profile="unconfined" name="brave-browser-stable" pid=583 comm="apparmor_parser"
2026-07-13T17:33:15.547175-04:00 WarpnixOS kernel: audit: type=1400 audit(1783978394.584:10): apparmor="STATUS" operation="profile_load" profile="unconfined" name="bfdd" pid=580 comm="apparmor_parser"
2026-07-13T17:33:15.547175-04:00 WarpnixOS kernel: audit: type=1400 audit(1783978394.585:11): apparmor="STATUS" operation="profile_load" profile="unconfined" name="bgpd" pid=581 comm="apparmor_parser"
2026-07-13T17:33:15.763024-04:00 WarpnixOS kernel: NET: Registered PF_QIPCRTR protocol family
2026-07-13T17:33:15.941005-04:00 WarpnixOS kernel: e1000: enp0s3 NIC Link is Up 1000 Mbps Full Duplex, Flow Control: RX
2026-07-13T17:33:16.632939-04:00 WarpnixOS kernel: 21:33:16.632632 main     VBoxService 7.1.16 r172425 (verbosity: 0) linux.amd64 (Jan 27 2026 11:51:23) release log
2026-07-13T17:33:16.632949-04:00 WarpnixOS kernel: 21:33:16.632633 main     Log opened 2026-07-13T21:33:16.632629000Z
2026-07-13T17:33:16.632950-04:00 WarpnixOS kernel: 21:33:16.632682 main     OS Product: Linux
2026-07-13T17:33:16.632950-04:00 WarpnixOS kernel: 21:33:16.632694 main     OS Release: 7.0.0-22-generic
2026-07-13T17:33:16.632951-04:00 WarpnixOS kernel: 21:33:16.632708 main     OS Version: #22-Ubuntu SMP PREEMPT_DYNAMIC Mon May 25 15:54:34 UTC 2026
2026-07-13T17:33:16.632958-04:00 WarpnixOS kernel: 21:33:16.632719 main     Executable: /opt/VBoxGuestAdditions-7.1.16/sbin/VBoxService
2026-07-13T17:33:16.632959-04:00 WarpnixOS kernel: 21:33:16.632719 main     Process ID: 1253
2026-07-13T17:33:16.632959-04:00 WarpnixOS kernel: 21:33:16.632719 main     Package type: LINUX_64BITS_GENERIC
2026-07-13T17:33:16.634971-04:00 WarpnixOS kernel: 21:33:16.634445 main     7.1.16 r172425 started. Verbose level = 0
2026-07-13T17:33:16.635949-04:00 WarpnixOS kernel: 21:33:16.635211 main     vbglR3GuestCtrlDetectPeekGetCancelSupport: Supported (#1)
2026-07-13T17:33:16.643024-04:00 WarpnixOS kernel: vboxsf: g_fHostFeatures=0x8000000f g_fSfFeatures=0x1 g_uSfLastFunction=29
2026-07-13T17:33:16.643030-04:00 WarpnixOS kernel: vboxsf: Successfully loaded version 7.1.16 r172425
2026-07-13T17:33:16.643030-04:00 WarpnixOS kernel: vboxsf: Successfully loaded version 7.1.16 r172425 on 7.0.0-22-generic (LINUX_VERSION_CODE=0x70000)
2026-07-13T17:33:16.643972-04:00 WarpnixOS kernel: 21:33:16.643263 automount vbsvcAutomounterMountIt: Successfully mounted 'Desktop' on '/media/shared'
2026-07-13T17:35:00.665039-04:00 WarpnixOS kernel: clocksource: Long readout interval, skipping watchdog check: cs_nsec: 1151517391 wd_nsec: 1151516272
2026-07-13T17:38:59.992930-04:00 WarpnixOS kernel: clocksource: Long readout interval, skipping watchdog check: cs_nsec: 3262021807 wd_nsec: 3262018604
2026-07-13T17:41:36.530575-04:00 WarpnixOS kernel: clocksource: Long readout interval, skipping watchdog check: cs_nsec: 7277339208 wd_nsec: 7277332126
2026-07-13T17:41:56.650937-04:00 WarpnixOS kernel: clocksource: Long readout interval, skipping watchdog check: cs_nsec: 18088651211 wd_nsec: 18088633589
2026-07-13T18:40:56.565854-04:00 WarpnixOS kernel: Linux version 7.0.0-22-generic (buildd@lcy02-amd64-061) (x86_64-linux-gnu-gcc (Ubuntu 15.2.0-16ubuntu1) 15.2.0, GNU ld (GNU Binutils for Ubuntu) 2.46) #22-Ubuntu SMP PREEMPT_DYNAMIC Mon May 25 15:54:34 UTC 2026 (Ubuntu 7.0.0-22.22-generic 7.0.0)
2026-07-13T18:40:56.565856-04:00 WarpnixOS kernel: Command line: BOOT_IMAGE=/boot/vmlinuz-7.0.0-22-generic root=UUID=d28f9adf-16f0-4a19-9b08-4f5bead6a937 ro quiet splash
2026-07-13T18:40:56.565863-04:00 WarpnixOS kernel: KERNEL supported cpus:
2026-07-13T18:40:56.565863-04:00 WarpnixOS kernel:   Intel GenuineIntel
2026-07-13T18:40:56.565863-04:00 WarpnixOS kernel:   AMD AuthenticAMD
2026-07-13T18:40:56.565863-04:00 WarpnixOS kernel:   Hygon HygonGenuine
2026-07-13T18:40:56.565864-04:00 WarpnixOS kernel:   Centaur CentaurHauls
2026-07-13T18:40:56.565864-04:00 WarpnixOS kernel:   zhaoxin   Shanghai  
2026-07-13T18:40:56.565865-04:00 WarpnixOS kernel: [Firmware Bug]: TSC doesn't count with P0 frequency!
2026-07-13T18:40:56.565866-04:00 WarpnixOS kernel: BIOS-provided physical RAM map:
2026-07-13T18:40:56.565866-04:00 WarpnixOS kernel: BIOS-e820: [mem 0x0000000000000000-0x000000000009fbff]  System RAM
2026-07-13T18:40:56.565866-04:00 WarpnixOS kernel: BIOS-e820: [mem 0x000000000009fc00-0x000000000009ffff]  device reserved
2026-07-13T18:40:56.565866-04:00 WarpnixOS kernel: BIOS-e820: [gap 0x00000000000a0000-0x00000000000effff]
2026-07-13T18:40:56.565867-04:00 WarpnixOS kernel: BIOS-e820: [mem 0x00000000000f0000-0x00000000000fffff]  device reserved
2026-07-13T18:40:56.565867-04:00 WarpnixOS kernel: BIOS-e820: [mem 0x0000000000100000-0x00000000dffeffff]  System RAM
2026-07-13T18:40:56.565869-04:00 WarpnixOS kernel: BIOS-e820: [mem 0x00000000dfff0000-0x00000000dfffffff]  ACPI data
2026-07-13T18:40:56.565870-04:00 WarpnixOS kernel: BIOS-e820: [gap 0x00000000e0000000-0x00000000febfffff]
2026-07-13T18:40:56.565870-04:00 WarpnixOS kernel: BIOS-e820: [mem 0x00000000fec00000-0x00000000fec00fff]  device reserved
2026-07-13T18:40:56.565870-04:00 WarpnixOS kernel: BIOS-e820: [gap 0x00000000fec01000-0x00000000fedfffff]
2026-07-13T18:40:56.565870-04:00 WarpnixOS kernel: BIOS-e820: [mem 0x00000000fee00000-0x00000000fee00fff]  device reserved
2026-07-13T18:40:56.565870-04:00 WarpnixOS kernel: BIOS-e820: [gap 0x00000000fee01000-0x00000000fffbffff]
2026-07-13T18:40:56.565872-04:00 WarpnixOS kernel: BIOS-e820: [mem 0x00000000fffc0000-0x00000000ffffffff]  device reserved
2026-07-13T18:40:56.565872-04:00 WarpnixOS kernel: BIOS-e820: [mem 0x0000000100000000-0x000000031fffffff]  System RAM
2026-07-13T18:40:56.565872-04:00 WarpnixOS kernel: NX (Execute Disable) protection: active
2026-07-13T18:40:56.565872-04:00 WarpnixOS kernel: APIC: Static calls initialized
2026-07-13T18:40:56.565873-04:00 WarpnixOS kernel: SMBIOS 2.5 present.
2026-07-13T18:40:56.565873-04:00 WarpnixOS kernel: DMI: innotek GmbH VirtualBox/VirtualBox, BIOS VirtualBox 12/01/2006
2026-07-13T18:40:56.565875-04:00 WarpnixOS kernel: DMI: Memory slots populated: 0/0
2026-07-13T18:40:56.565875-04:00 WarpnixOS kernel: Hypervisor detected: KVM
2026-07-13T18:40:56.565875-04:00 WarpnixOS kernel: last_pfn = 0xe0000 max_arch_pfn = 0x400000000
2026-07-13T18:40:56.565875-04:00 WarpnixOS kernel: kvm-clock: Using msrs 4b564d01 and 4b564d00
2026-07-13T18:40:56.565876-04:00 WarpnixOS kernel: kvm-clock: using sched offset of 4087986757 cycles
2026-07-13T18:40:56.565876-04:00 WarpnixOS kernel: clocksource: kvm-clock: mask: 0xffffffffffffffff max_cycles: 0x1cd42e4dffb, max_idle_ns: 881590591483 ns
2026-07-13T18:40:56.565876-04:00 WarpnixOS kernel: tsc: Detected 4192.120 MHz processor
2026-07-13T18:40:56.565878-04:00 WarpnixOS kernel: e820: update [mem 0x00000000-0x00000fff] System RAM ==> device reserved
2026-07-13T18:40:56.565878-04:00 WarpnixOS kernel: e820: remove [mem 0x000a0000-0x000fffff] System RAM
2026-07-13T18:40:56.565878-04:00 WarpnixOS kernel: last_pfn = 0x320000 max_arch_pfn = 0x400000000
2026-07-13T18:40:56.565878-04:00 WarpnixOS kernel: total RAM covered: 12288M
2026-07-13T18:40:56.565878-04:00 WarpnixOS kernel: Found optimal setting for mtrr clean up
2026-07-13T18:40:56.565878-04:00 WarpnixOS kernel:  gran_size: 64K 	chunk_size: 64K 	num_reg: 6  	lose cover RAM: 0G
2026-07-13T18:40:56.565880-04:00 WarpnixOS kernel: MTRR map: 5 entries (3 fixed + 2 variable; max 35), built from 16 variable MTRRs
2026-07-13T18:40:56.565880-04:00 WarpnixOS kernel: x86/PAT: Configuration [0-7]: WB  WC  UC- UC  WB  WP  UC- WT  
2026-07-13T18:40:56.565880-04:00 WarpnixOS kernel: e820: update [mem 0xe0000000-0xffffffff] System RAM ==> device reserved
2026-07-13T18:40:56.565881-04:00 WarpnixOS kernel: last_pfn = 0xe0000 max_arch_pfn = 0x400000000
2026-07-13T18:40:56.565881-04:00 WarpnixOS kernel: found SMP MP-table at [mem 0x0009fbf0-0x0009fbff]
2026-07-13T18:40:56.565881-04:00 WarpnixOS kernel: RAMDISK: [mem 0x1e4f3000-0x2b270fff]
2026-07-13T18:40:56.565883-04:00 WarpnixOS kernel: ACPI: Early table checksum verification disabled
2026-07-13T18:40:56.565883-04:00 WarpnixOS kernel: ACPI: RSDP 0x00000000000E0000 000024 (v02 VBOX  )
2026-07-13T18:40:56.565883-04:00 WarpnixOS kernel: ACPI: XSDT 0x00000000DFFF0030 00003C (v01 VBOX   VBOXXSDT 00000001 ASL  00000061)
2026-07-13T18:40:56.565883-04:00 WarpnixOS kernel: ACPI: FACP 0x00000000DFFF00F0 0000F4 (v04 VBOX   VBOXFACP 00000001 ASL  00000061)
2026-07-13T18:40:56.565883-04:00 WarpnixOS kernel: ACPI: DSDT 0x00000000DFFF0640 002353 (v02 VBOX   VBOXBIOS 00000002 INTL 20230628)
2026-07-13T18:40:56.565883-04:00 WarpnixOS kernel: ACPI: FACS 0x00000000DFFF0200 000040
2026-07-13T18:40:56.565884-04:00 WarpnixOS kernel: ACPI: FACS 0x00000000DFFF0200 000040
2026-07-13T18:40:56.565886-04:00 WarpnixOS kernel: ACPI: APIC 0x00000000DFFF0240 00008C (v02 VBOX   VBOXAPIC 00000001 ASL  00000061)
2026-07-13T18:40:56.565886-04:00 WarpnixOS kernel: ACPI: SSDT 0x00000000DFFF02D0 00036C (v01 VBOX   VBOXCPUT 00000002 INTL 20230628)
2026-07-13T18:40:56.565886-04:00 WarpnixOS kernel: ACPI: Reserving FACP table memory at [mem 0xdfff00f0-0xdfff01e3]
2026-07-13T18:40:56.565886-04:00 WarpnixOS kernel: ACPI: Reserving DSDT table memory at [mem 0xdfff0640-0xdfff2992]
2026-07-13T18:40:56.565887-04:00 WarpnixOS kernel: ACPI: Reserving FACS table memory at [mem 0xdfff0200-0xdfff023f]
2026-07-13T18:40:56.565887-04:00 WarpnixOS kernel: ACPI: Reserving FACS table memory at [mem 0xdfff0200-0xdfff023f]
2026-07-13T18:40:56.565888-04:00 WarpnixOS kernel: ACPI: Reserving APIC table memory at [mem 0xdfff0240-0xdfff02cb]
2026-07-13T18:40:56.565889-04:00 WarpnixOS kernel: ACPI: Reserving SSDT table memory at [mem 0xdfff02d0-0xdfff063b]
2026-07-13T18:40:56.565889-04:00 WarpnixOS kernel: No NUMA configuration found
2026-07-13T18:40:56.565889-04:00 WarpnixOS kernel: Faking a node at [mem 0x0000000000000000-0x000000031fffffff]
2026-07-13T18:40:56.565889-04:00 WarpnixOS kernel: NODE_DATA(0) allocated [mem 0x31ffcd280-0x31fff7fff]
2026-07-13T18:40:56.565889-04:00 WarpnixOS kernel: ACPI: PM-Timer IO Port: 0x4008
2026-07-13T18:40:56.565891-04:00 WarpnixOS kernel: IOAPIC[0]: apic_id 8, version 32, address 0xfec00000, GSI 0-23
2026-07-13T18:40:56.565891-04:00 WarpnixOS kernel: ACPI: INT_SRC_OVR (bus 0 bus_irq 0 global_irq 2 dfl dfl)
2026-07-13T18:40:56.565891-04:00 WarpnixOS kernel: ACPI: INT_SRC_OVR (bus 0 bus_irq 9 global_irq 9 low level)
2026-07-13T18:40:56.565891-04:00 WarpnixOS kernel: ACPI: Using ACPI (MADT) for SMP configuration information
2026-07-13T18:40:56.565892-04:00 WarpnixOS kernel: CPU topo: Max. logical packages:   1
2026-07-13T18:40:56.565892-04:00 WarpnixOS kernel: CPU topo: Max. logical nodes:      1
2026-07-13T18:40:56.565896-04:00 WarpnixOS kernel: CPU topo: Num. nodes per package:  1
2026-07-13T18:40:56.565898-04:00 WarpnixOS kernel: CPU topo: Max. logical dies:       1
2026-07-13T18:40:56.565899-04:00 WarpnixOS kernel: CPU topo: Max. dies per package:   1
2026-07-13T18:40:56.565899-04:00 WarpnixOS kernel: CPU topo: Max. threads per core:   1
2026-07-13T18:40:56.565899-04:00 WarpnixOS kernel: CPU topo: Num. cores per package:     8
2026-07-13T18:40:56.565899-04:00 WarpnixOS kernel: CPU topo: Num. threads per package:   8
2026-07-13T18:40:56.565899-04:00 WarpnixOS kernel: CPU topo: Allowing 8 present CPUs plus 0 hotplug CPUs
2026-07-13T18:40:56.565901-04:00 WarpnixOS kernel: PM: hibernation: Registered nosave memory: [mem 0x00000000-0x00000fff]
2026-07-13T18:40:56.565901-04:00 WarpnixOS kernel: PM: hibernation: Registered nosave memory: [mem 0x0009f000-0x000fffff]
2026-07-13T18:40:56.565901-04:00 WarpnixOS kernel: PM: hibernation: Registered nosave memory: [mem 0xdfff0000-0xffffffff]
2026-07-13T18:40:56.565901-04:00 WarpnixOS kernel: [gap 0xe0000000-0xfebfffff] available for PCI devices
2026-07-13T18:40:56.565901-04:00 WarpnixOS kernel: Booting paravirtualized kernel on KVM
2026-07-13T18:40:56.565902-04:00 WarpnixOS kernel: clocksource: refined-jiffies: mask: 0xffffffff max_cycles: 0xffffffff, max_idle_ns: 1910969940391419 ns
2026-07-13T18:40:56.565903-04:00 WarpnixOS kernel: Zone ranges:
2026-07-13T18:40:56.565904-04:00 WarpnixOS kernel:   DMA      [mem 0x0000000000001000-0x0000000000ffffff]
2026-07-13T18:40:56.565904-04:00 WarpnixOS kernel:   DMA32    [mem 0x0000000001000000-0x00000000ffffffff]
2026-07-13T18:40:56.565904-04:00 WarpnixOS kernel:   Normal   [mem 0x0000000100000000-0x000000031fffffff]
2026-07-13T18:40:56.565904-04:00 WarpnixOS kernel:   Device   empty
2026-07-13T18:40:56.565904-04:00 WarpnixOS kernel: Movable zone start for each node
2026-07-13T18:40:56.565904-04:00 WarpnixOS kernel: Early memory node ranges
2026-07-13T18:40:56.565906-04:00 WarpnixOS kernel:   node   0: [mem 0x0000000000001000-0x000000000009efff]
2026-07-13T18:40:56.565906-04:00 WarpnixOS kernel:   node   0: [mem 0x0000000000100000-0x00000000dffeffff]
2026-07-13T18:40:56.565906-04:00 WarpnixOS kernel:   node   0: [mem 0x0000000100000000-0x000000031fffffff]
2026-07-13T18:40:56.565906-04:00 WarpnixOS kernel: Initmem setup node 0 [mem 0x0000000000001000-0x000000031fffffff]
2026-07-13T18:40:56.565907-04:00 WarpnixOS kernel: On node 0, zone DMA: 1 pages in unavailable ranges
2026-07-13T18:40:56.565907-04:00 WarpnixOS kernel: On node 0, zone DMA: 97 pages in unavailable ranges
2026-07-13T18:40:56.565908-04:00 WarpnixOS kernel: On node 0, zone Normal: 16 pages in unavailable ranges
2026-07-13T18:40:56.565908-04:00 WarpnixOS kernel: setup_percpu: NR_CPUS:8192 nr_cpumask_bits:8 nr_cpu_ids:8 nr_node_ids:1
2026-07-13T18:40:56.565909-04:00 WarpnixOS kernel: percpu: Embedded 85 pages/cpu s225280 r8192 d114688 u524288
2026-07-13T18:40:56.565909-04:00 WarpnixOS kernel: pcpu-alloc: s225280 r8192 d114688 u524288 alloc=1*2097152
2026-07-13T18:40:56.565909-04:00 WarpnixOS kernel: pcpu-alloc: [0] 0 1 2 3 [0] 4 5 6 7 
2026-07-13T18:40:56.565909-04:00 WarpnixOS kernel: kvm-guest: PV spinlocks enabled
2026-07-13T18:40:56.565911-04:00 WarpnixOS kernel: PV qspinlock hash table entries: 256 (order: 0, 4096 bytes, linear)
2026-07-13T18:40:56.565911-04:00 WarpnixOS kernel: Kernel command line: BOOT_IMAGE=/boot/vmlinuz-7.0.0-22-generic root=UUID=d28f9adf-16f0-4a19-9b08-4f5bead6a937 ro quiet splash
2026-07-13T18:40:56.565911-04:00 WarpnixOS kernel: Unknown kernel command line parameters "splash", will be passed to user space.
2026-07-13T18:40:56.565911-04:00 WarpnixOS kernel: random: crng init done
2026-07-13T18:40:56.565911-04:00 WarpnixOS kernel: printk: log buffer data + meta data: 262144 + 1114112 = 1376256 bytes
2026-07-13T18:40:56.565912-04:00 WarpnixOS kernel: Dentry cache hash table entries: 2097152 (order: 12, 16777216 bytes, linear)
2026-07-13T18:40:56.565953-04:00 WarpnixOS kernel: Inode-cache hash table entries: 1048576 (order: 11, 8388608 bytes, linear)
2026-07-13T18:40:56.565960-04:00 WarpnixOS kernel: software IO TLB: area num 8.
2026-07-13T18:40:56.565960-04:00 WarpnixOS kernel: Fallback order for Node 0: 0 
2026-07-13T18:40:56.565960-04:00 WarpnixOS kernel: Built 1 zonelists, mobility grouping on.  Total pages: 3145614
2026-07-13T18:40:56.565960-04:00 WarpnixOS kernel: Policy zone: Normal
2026-07-13T18:40:56.565960-04:00 WarpnixOS kernel: mem auto-init: stack:all(zero), heap alloc:on, heap free:off
2026-07-13T18:40:56.565961-04:00 WarpnixOS kernel: SLUB: HWalign=64, Order=0-3, MinObjects=0, CPUs=8, Nodes=1
2026-07-13T18:40:56.565962-04:00 WarpnixOS kernel: ftrace: allocating 63887 entries in 252 pages
2026-07-13T18:40:56.565962-04:00 WarpnixOS kernel: ftrace: allocated 252 pages with 6 groups
2026-07-13T18:40:56.565963-04:00 WarpnixOS kernel: Dynamic Preempt: lazy
2026-07-13T18:40:56.565963-04:00 WarpnixOS kernel: rcu: Preemptible hierarchical RCU implementation.
2026-07-13T18:40:56.565963-04:00 WarpnixOS kernel: rcu: 	RCU restricting CPUs from NR_CPUS=8192 to nr_cpu_ids=8.
2026-07-13T18:40:56.565963-04:00 WarpnixOS kernel: 	Trampoline variant of Tasks RCU enabled.
2026-07-13T18:40:56.565965-04:00 WarpnixOS kernel: 	Rude variant of Tasks RCU enabled.
2026-07-13T18:40:56.565965-04:00 WarpnixOS kernel: 	Tracing variant of Tasks RCU enabled.
2026-07-13T18:40:56.565965-04:00 WarpnixOS kernel: rcu: RCU calculated value of scheduler-enlistment delay is 100 jiffies.
2026-07-13T18:40:56.565965-04:00 WarpnixOS kernel: rcu: Adjusting geometry for rcu_fanout_leaf=16, nr_cpu_ids=8
2026-07-13T18:40:56.565965-04:00 WarpnixOS kernel: RCU Tasks: Setting shift to 3 and lim to 1 rcu_task_cb_adjust=1 rcu_task_cpu_ids=8.
2026-07-13T18:40:56.565966-04:00 WarpnixOS kernel: RCU Tasks Rude: Setting shift to 3 and lim to 1 rcu_task_cb_adjust=1 rcu_task_cpu_ids=8.
2026-07-13T18:40:56.565966-04:00 WarpnixOS kernel: NR_IRQS: 524544, nr_irqs: 488, preallocated irqs: 16
2026-07-13T18:40:56.565968-04:00 WarpnixOS kernel: rcu: srcu_init: Setting srcu_struct sizes based on contention.
2026-07-13T18:40:56.565968-04:00 WarpnixOS kernel: Console: colour VGA+ 80x25
2026-07-13T18:40:56.565968-04:00 WarpnixOS kernel: printk: legacy console [tty0] enabled
2026-07-13T18:40:56.565968-04:00 WarpnixOS kernel: ACPI: Core revision 20251212
2026-07-13T18:40:56.565968-04:00 WarpnixOS kernel: APIC: Switch to symmetric I/O mode setup
2026-07-13T18:40:56.565968-04:00 WarpnixOS kernel: x2apic enabled
2026-07-13T18:40:56.565971-04:00 WarpnixOS kernel: APIC: Switched APIC routing to: physical x2apic
2026-07-13T18:40:56.565971-04:00 WarpnixOS kernel: ..TIMER: vector=0x30 apic1=0 pin1=2 apic2=-1 pin2=-1
2026-07-13T18:40:56.565971-04:00 WarpnixOS kernel: clocksource: tsc-early: mask: 0xffffffffffffffff max_cycles: 0x3c6d4d0b6d3, max_idle_ns: 440795255641 ns
2026-07-13T18:40:56.565971-04:00 WarpnixOS kernel: Calibrating delay loop (skipped) preset value.. 8384.24 BogoMIPS (lpj=4192120)
2026-07-13T18:40:56.565972-04:00 WarpnixOS kernel: Last level iTLB entries: 4KB 512, 2MB 512, 4MB 256
2026-07-13T18:40:56.565972-04:00 WarpnixOS kernel: Last level dTLB entries: 4KB 3072, 2MB 3072, 4MB 1536, 1GB 0
2026-07-13T18:40:56.565974-04:00 WarpnixOS kernel: mitigations: Enabled attack vectors: user_kernel, user_user, guest_host, guest_guest, SMT mitigations: auto
2026-07-13T18:40:56.565974-04:00 WarpnixOS kernel: Speculative Return Stack Overflow: IBPB-extending microcode not applied!
2026-07-13T18:40:56.565974-04:00 WarpnixOS kernel: Speculative Return Stack Overflow: WARNING: See https://kernel.org/doc/html/latest/admin-guide/hw-vuln/srso.html for mitigation options.
2026-07-13T18:40:56.565974-04:00 WarpnixOS kernel: Transient Scheduler Attacks: Vulnerable: No microcode
2026-07-13T18:40:56.565974-04:00 WarpnixOS kernel: Spectre V2 : Mitigation: Retpolines
2026-07-13T18:40:56.565975-04:00 WarpnixOS kernel: Speculative Return Stack Overflow: Vulnerable: Safe RET, no microcode
2026-07-13T18:40:56.565976-04:00 WarpnixOS kernel: Spectre V1 : Mitigation: usercopy/swapgs barriers and __user pointer sanitization
2026-07-13T18:40:56.565976-04:00 WarpnixOS kernel: Spectre V2 : Spectre v2 / SpectreRSB: Filling RSB on context switch and VMEXIT
2026-07-13T18:40:56.565977-04:00 WarpnixOS kernel: Spectre V2 : mitigation: Enabling conditional Indirect Branch Prediction Barrier
2026-07-13T18:40:56.565977-04:00 WarpnixOS kernel: active return thunk: srso_alias_return_thunk
2026-07-13T18:40:56.565977-04:00 WarpnixOS kernel: x86/fpu: Supporting XSAVE feature 0x001: 'x87 floating point registers'
2026-07-13T18:40:56.565977-04:00 WarpnixOS kernel: x86/fpu: Supporting XSAVE feature 0x002: 'SSE registers'
2026-07-13T18:40:56.565977-04:00 WarpnixOS kernel: x86/fpu: Supporting XSAVE feature 0x004: 'AVX registers'
2026-07-13T18:40:56.565979-04:00 WarpnixOS kernel: x86/fpu: xstate_offset[2]:  576, xstate_sizes[2]:  256
2026-07-13T18:40:56.565979-04:00 WarpnixOS kernel: x86/fpu: Enabled xstate features 0x7, context size is 832 bytes, using 'standard' format.
2026-07-13T18:40:56.565979-04:00 WarpnixOS kernel: Freeing SMP alternatives memory: 56K
2026-07-13T18:40:56.565979-04:00 WarpnixOS kernel: pid_max: default: 32768 minimum: 301
2026-07-13T18:40:56.565980-04:00 WarpnixOS kernel: landlock: Up and running.
2026-07-13T18:40:56.565980-04:00 WarpnixOS kernel: Yama: becoming mindful.
2026-07-13T18:40:56.565981-04:00 WarpnixOS kernel: AppArmor: AppArmor initialized
2026-07-13T18:40:56.565981-04:00 WarpnixOS kernel: AppArmor: AppArmor secmark mediation reserved: ready to be enabled
2026-07-13T18:40:56.565982-04:00 WarpnixOS kernel: Mount-cache hash table entries: 32768 (order: 6, 262144 bytes, linear)
2026-07-13T18:40:56.565982-04:00 WarpnixOS kernel: Mountpoint-cache hash table entries: 32768 (order: 6, 262144 bytes, linear)
2026-07-13T18:40:56.565982-04:00 WarpnixOS kernel: VFS: Finished mounting rootfs on nullfs
2026-07-13T18:40:56.565982-04:00 WarpnixOS kernel: APIC calibration not consistent with PM-Timer: 123ms instead of 100ms
2026-07-13T18:40:56.565982-04:00 WarpnixOS kernel: APIC delta adjusted to PM-Timer: 6300534 (7770120)
2026-07-13T18:40:56.565984-04:00 WarpnixOS kernel: smpboot: CPU0: AMD Ryzen 7 7800X3D 8-Core Processor (family: 0x19, model: 0x61, stepping: 0x2)
2026-07-13T18:40:56.565984-04:00 WarpnixOS kernel: Performance Events: PMU not available due to virtualization, using software events only.
2026-07-13T18:40:56.565984-04:00 WarpnixOS kernel: signal: max sigframe size: 1776
2026-07-13T18:40:56.565984-04:00 WarpnixOS kernel: rcu: Hierarchical SRCU implementation.
2026-07-13T18:40:56.565984-04:00 WarpnixOS kernel: rcu: 	Max phase no-delay instances is 400.
2026-07-13T18:40:56.565985-04:00 WarpnixOS kernel: Timer migration: 1 hierarchy levels; 8 children per group; 1 crossnode level
2026-07-13T18:40:56.565986-04:00 WarpnixOS kernel: NMI watchdog: Perf NMI watchdog permanently disabled
2026-07-13T18:40:56.565986-04:00 WarpnixOS kernel: smp: Bringing up secondary CPUs ...
2026-07-13T18:40:56.565986-04:00 WarpnixOS kernel: smpboot: x86: Booting SMP configuration:
2026-07-13T18:40:56.565987-04:00 WarpnixOS kernel: .... node  #0, CPUs:      #1 #2 #3 #4 #5 #6 #7
2026-07-13T18:40:56.565987-04:00 WarpnixOS kernel: smp: Brought up 1 node, 8 CPUs
2026-07-13T18:40:56.565987-04:00 WarpnixOS kernel: smpboot: Total of 8 processors activated (67073.92 BogoMIPS)
2026-07-13T18:40:56.565988-04:00 WarpnixOS kernel: Memory: 9949644K/12582456K available (23771K kernel code, 4949K rwdata, 16748K rodata, 5292K init, 5860K bss, 2623332K reserved, 0K cma-reserved)
2026-07-13T18:40:56.565989-04:00 WarpnixOS kernel: devtmpfs: initialized
2026-07-13T18:40:56.565989-04:00 WarpnixOS kernel: x86/mm: Memory block size: 128MB
2026-07-13T18:40:56.565989-04:00 WarpnixOS kernel: clocksource: jiffies: mask: 0xffffffff max_cycles: 0xffffffff, max_idle_ns: 1911260446275000 ns
2026-07-13T18:40:56.565989-04:00 WarpnixOS kernel: posixtimers hash table entries: 4096 (order: 4, 65536 bytes, linear)
2026-07-13T18:40:56.565989-04:00 WarpnixOS kernel: futex hash table entries: 2048 (131072 bytes on 1 NUMA nodes, total 128 KiB, linear).
2026-07-13T18:40:56.565990-04:00 WarpnixOS kernel: PM: RTC time: 22:40:49, date: 2026-07-13
2026-07-13T18:40:56.565991-04:00 WarpnixOS kernel: NET: Registered PF_NETLINK/PF_ROUTE protocol family
2026-07-13T18:40:56.565991-04:00 WarpnixOS kernel: DMA: preallocated 2048 KiB GFP_KERNEL pool for atomic allocations
2026-07-13T18:40:56.565991-04:00 WarpnixOS kernel: DMA: preallocated 2048 KiB GFP_KERNEL|GFP_DMA pool for atomic allocations
2026-07-13T18:40:56.565992-04:00 WarpnixOS kernel: DMA: preallocated 2048 KiB GFP_KERNEL|GFP_DMA32 pool for atomic allocations
2026-07-13T18:40:56.565992-04:00 WarpnixOS kernel: audit: initializing netlink subsys (disabled)
2026-07-13T18:40:56.565992-04:00 WarpnixOS kernel: audit: type=2000 audit(1783982454.515:1): state=initialized audit_enabled=0 res=1
2026-07-13T18:40:56.565993-04:00 WarpnixOS kernel: thermal_sys: Registered thermal governor 'fair_share'
2026-07-13T18:40:56.565994-04:00 WarpnixOS kernel: thermal_sys: Registered thermal governor 'bang_bang'
2026-07-13T18:40:56.565994-04:00 WarpnixOS kernel: thermal_sys: Registered thermal governor 'step_wise'
2026-07-13T18:40:56.565994-04:00 WarpnixOS kernel: thermal_sys: Registered thermal governor 'user_space'
2026-07-13T18:40:56.565994-04:00 WarpnixOS kernel: thermal_sys: Registered thermal governor 'power_allocator'
2026-07-13T18:40:56.565994-04:00 WarpnixOS kernel: cpuidle: using governor ladder
2026-07-13T18:40:56.565998-04:00 WarpnixOS kernel: cpuidle: using governor menu
2026-07-13T18:40:56.565998-04:00 WarpnixOS kernel: acpiphp: ACPI Hot Plug PCI Controller Driver version: 0.5
2026-07-13T18:40:56.565999-04:00 WarpnixOS kernel: PCI: Using configuration type 1 for base access
2026-07-13T18:40:56.565999-04:00 WarpnixOS kernel: PCI: Using configuration type 1 for extended access
2026-07-13T18:40:56.565999-04:00 WarpnixOS kernel: kprobes: kprobe jump-optimization is enabled. All kprobes are optimized if possible.
2026-07-13T18:40:56.565999-04:00 WarpnixOS kernel: HugeTLB: registered 2.00 MiB page size, pre-allocated 0 pages
2026-07-13T18:40:56.565999-04:00 WarpnixOS kernel: HugeTLB: 28 KiB vmemmap can be freed for a 2.00 MiB page
2026-07-13T18:40:56.566003-04:00 WarpnixOS kernel: ACPI: Added _OSI(Module Device)
2026-07-13T18:40:56.566022-04:00 WarpnixOS kernel: ACPI: Added _OSI(Processor Device)
2026-07-13T18:40:56.566023-04:00 WarpnixOS kernel: ACPI: Added _OSI(Processor Aggregator Device)
2026-07-13T18:40:56.566023-04:00 WarpnixOS kernel: ACPI: 2 ACPI AML tables successfully acquired and loaded
2026-07-13T18:40:56.566023-04:00 WarpnixOS kernel: ACPI: \_SB_: platform _OSC: OS support mask [006e7eff]
2026-07-13T18:40:56.566023-04:00 WarpnixOS kernel: ACPI: Interpreter enabled
2026-07-13T18:40:56.566027-04:00 WarpnixOS kernel: ACPI: PM: (supports S0 S5)
2026-07-13T18:40:56.566027-04:00 WarpnixOS kernel: ACPI: Using IOAPIC for interrupt routing
2026-07-13T18:40:56.566027-04:00 WarpnixOS kernel: PCI: Using host bridge windows from ACPI; if necessary, use "pci=nocrs" and report a bug
2026-07-13T18:40:56.566028-04:00 WarpnixOS kernel: PCI: Using E820 reservations for host bridge windows
2026-07-13T18:40:56.566028-04:00 WarpnixOS kernel: ACPI: Enabled 2 GPEs in block 00 to 07
2026-07-13T18:40:56.566028-04:00 WarpnixOS kernel: ACPI: PCI Root Bridge [PCI0] (domain 0000 [bus 00-ff])
2026-07-13T18:40:56.566069-04:00 WarpnixOS kernel: acpi PNP0A03:00: _OSC: OS supports [ExtendedConfig ASPM ClockPM Segments MSI EDR HPX-Type3]
2026-07-13T18:40:56.566072-04:00 WarpnixOS kernel: acpi PNP0A03:00: _OSC: platform does not support [PCIeCapability LTR DPC]
2026-07-13T18:40:56.566072-04:00 WarpnixOS kernel: acpi PNP0A03:00: _OSC: not requesting control; platform does not support [PCIeCapability]
2026-07-13T18:40:56.566073-04:00 WarpnixOS kernel: acpi PNP0A03:00: _OSC: OS requested [PCIeHotplug SHPCHotplug PME AER PCIeCapability LTR DPC]
2026-07-13T18:40:56.566073-04:00 WarpnixOS kernel: acpi PNP0A03:00: _OSC: platform willing to grant [PCIeHotplug SHPCHotplug PME AER]
2026-07-13T18:40:56.566073-04:00 WarpnixOS kernel: acpi PNP0A03:00: _OSC: platform retains control of PCIe features (AE_SUPPORT)
2026-07-13T18:40:56.566073-04:00 WarpnixOS kernel: PCI host bridge to bus 0000:00
2026-07-13T18:40:56.566081-04:00 WarpnixOS kernel: pci_bus 0000:00: root bus resource [io  0x0000-0x0cf7 window]
2026-07-13T18:40:56.566081-04:00 WarpnixOS kernel: pci_bus 0000:00: root bus resource [io  0x0d00-0xffff window]
2026-07-13T18:40:56.566082-04:00 WarpnixOS kernel: pci_bus 0000:00: root bus resource [mem 0x000a0000-0x000bffff window]
2026-07-13T18:40:56.566082-04:00 WarpnixOS kernel: pci_bus 0000:00: root bus resource [mem 0xe0000000-0xfdffffff window]
2026-07-13T18:40:56.566082-04:00 WarpnixOS kernel: pci_bus 0000:00: root bus resource [bus 00-ff]
2026-07-13T18:40:56.566082-04:00 WarpnixOS kernel: pci 0000:00:00.0: [8086:1237] type 00 class 0x060000 conventional PCI endpoint
2026-07-13T18:40:56.566085-04:00 WarpnixOS kernel: pci 0000:00:01.0: [8086:7000] type 00 class 0x060100 conventional PCI endpoint
2026-07-13T18:40:56.566086-04:00 WarpnixOS kernel: pci 0000:00:01.1: [8086:7111] type 00 class 0x01018a conventional PCI endpoint
2026-07-13T18:40:56.566086-04:00 WarpnixOS kernel: pci 0000:00:01.1: BAR 4 [io  0xd000-0xd00f]
2026-07-13T18:40:56.566086-04:00 WarpnixOS kernel: pci 0000:00:01.1: BAR 0 [io  0x01f0-0x01f7]: legacy IDE quirk
2026-07-13T18:40:56.566086-04:00 WarpnixOS kernel: pci 0000:00:01.1: BAR 1 [io  0x03f6]: legacy IDE quirk
2026-07-13T18:40:56.566086-04:00 WarpnixOS kernel: pci 0000:00:01.1: BAR 2 [io  0x0170-0x0177]: legacy IDE quirk
2026-07-13T18:40:56.566087-04:00 WarpnixOS kernel: pci 0000:00:01.1: BAR 3 [io  0x0376]: legacy IDE quirk
2026-07-13T18:40:56.566090-04:00 WarpnixOS kernel: pci 0000:00:02.0: [15ad:0405] type 00 class 0x030000 conventional PCI endpoint
2026-07-13T18:40:56.566090-04:00 WarpnixOS kernel: pci 0000:00:02.0: BAR 0 [io  0xd010-0xd01f]
2026-07-13T18:40:56.566090-04:00 WarpnixOS kernel: pci 0000:00:02.0: BAR 1 [mem 0xe0000000-0xe7ffffff pref]
2026-07-13T18:40:56.566090-04:00 WarpnixOS kernel: pci 0000:00:02.0: BAR 2 [mem 0xf0000000-0xf01fffff]
2026-07-13T18:40:56.566090-04:00 WarpnixOS kernel: pci 0000:00:02.0: Video device with shadowed ROM at [mem 0x000c0000-0x000dffff]
2026-07-13T18:40:56.566091-04:00 WarpnixOS kernel: pci 0000:00:03.0: [8086:100e] type 00 class 0x020000 conventional PCI endpoint
2026-07-13T18:40:56.566093-04:00 WarpnixOS kernel: pci 0000:00:03.0: BAR 0 [mem 0xf0200000-0xf021ffff]
2026-07-13T18:40:56.566094-04:00 WarpnixOS kernel: pci 0000:00:03.0: BAR 2 [io  0xd020-0xd027]
2026-07-13T18:40:56.566094-04:00 WarpnixOS kernel: pci 0000:00:04.0: [80ee:cafe] type 00 class 0x088000 conventional PCI endpoint
2026-07-13T18:40:56.566094-04:00 WarpnixOS kernel: pci 0000:00:04.0: BAR 0 [io  0xd040-0xd05f]
2026-07-13T18:40:56.566094-04:00 WarpnixOS kernel: pci 0000:00:04.0: BAR 1 [mem 0xf0400000-0xf07fffff]
2026-07-13T18:40:56.566094-04:00 WarpnixOS kernel: pci 0000:00:04.0: BAR 2 [mem 0xf0800000-0xf0803fff pref]
2026-07-13T18:40:56.566094-04:00 WarpnixOS kernel: pci 0000:00:05.0: [8086:2415] type 00 class 0x040100 conventional PCI endpoint
2026-07-13T18:40:56.566097-04:00 WarpnixOS kernel: pci 0000:00:05.0: BAR 0 [io  0xd100-0xd1ff]
2026-07-13T18:40:56.566098-04:00 WarpnixOS kernel: pci 0000:00:05.0: BAR 1 [io  0xd200-0xd23f]
2026-07-13T18:40:56.566098-04:00 WarpnixOS kernel: pci 0000:00:06.0: [106b:003f] type 00 class 0x0c0310 conventional PCI endpoint
2026-07-13T18:40:56.566098-04:00 WarpnixOS kernel: pci 0000:00:06.0: BAR 0 [mem 0xf0804000-0xf0804fff]
2026-07-13T18:40:56.566098-04:00 WarpnixOS kernel: pci 0000:00:07.0: [8086:7113] type 00 class 0x068000 conventional PCI endpoint
2026-07-13T18:40:56.566098-04:00 WarpnixOS kernel: pci 0000:00:07.0: quirk: [io  0x4000-0x403f] claimed by PIIX4 ACPI
2026-07-13T18:40:56.566101-04:00 WarpnixOS kernel: pci 0000:00:07.0: quirk: [io  0x4100-0x410f] claimed by PIIX4 SMB
2026-07-13T18:40:56.566101-04:00 WarpnixOS kernel: pci 0000:00:0b.0: [8086:265c] type 00 class 0x0c0320 conventional PCI endpoint
2026-07-13T18:40:56.566102-04:00 WarpnixOS kernel: pci 0000:00:0b.0: BAR 0 [mem 0xf0805000-0xf0805fff]
2026-07-13T18:40:56.566102-04:00 WarpnixOS kernel: pci 0000:00:0d.0: [8086:2829] type 00 class 0x010601 conventional PCI endpoint
2026-07-13T18:40:56.566102-04:00 WarpnixOS kernel: pci 0000:00:0d.0: BAR 0 [io  0xd240-0xd247]
2026-07-13T18:40:56.566102-04:00 WarpnixOS kernel: pci 0000:00:0d.0: BAR 1 [io  0xd248-0xd24b]
2026-07-13T18:40:56.566105-04:00 WarpnixOS kernel: pci 0000:00:0d.0: BAR 2 [io  0xd250-0xd257]
2026-07-13T18:40:56.566105-04:00 WarpnixOS kernel: pci 0000:00:0d.0: BAR 3 [io  0xd258-0xd25b]
2026-07-13T18:40:56.566106-04:00 WarpnixOS kernel: pci 0000:00:0d.0: BAR 4 [io  0xd260-0xd26f]
2026-07-13T18:40:56.566106-04:00 WarpnixOS kernel: pci 0000:00:0d.0: BAR 5 [mem 0xf0806000-0xf0807fff]
2026-07-13T18:40:56.566106-04:00 WarpnixOS kernel: ACPI: PCI: Interrupt link LNKA configured for IRQ 11
2026-07-13T18:40:56.566106-04:00 WarpnixOS kernel: ACPI: PCI: Interrupt link LNKB configured for IRQ 10
2026-07-13T18:40:56.566106-04:00 WarpnixOS kernel: ACPI: PCI: Interrupt link LNKC configured for IRQ 9
2026-07-13T18:40:56.566109-04:00 WarpnixOS kernel: ACPI: PCI: Interrupt link LNKD configured for IRQ 11
2026-07-13T18:40:56.566110-04:00 WarpnixOS kernel: iommu: Default domain type: Translated
2026-07-13T18:40:56.566110-04:00 WarpnixOS kernel: iommu: DMA domain TLB invalidation policy: lazy mode
2026-07-13T18:40:56.566110-04:00 WarpnixOS kernel: SCSI subsystem initialized
2026-07-13T18:40:56.566110-04:00 WarpnixOS kernel: libata version 3.00 loaded.
2026-07-13T18:40:56.566111-04:00 WarpnixOS kernel: ACPI: bus type USB registered
2026-07-13T18:40:56.566113-04:00 WarpnixOS kernel: usbcore: registered new interface driver usbfs
2026-07-13T18:40:56.566114-04:00 WarpnixOS kernel: usbcore: registered new interface driver hub
2026-07-13T18:40:56.566114-04:00 WarpnixOS kernel: usbcore: registered new device driver usb
2026-07-13T18:40:56.566114-04:00 WarpnixOS kernel: pps_core: LinuxPPS API ver. 1 registered
2026-07-13T18:40:56.566114-04:00 WarpnixOS kernel: pps_core: Software ver. 5.3.6 - Copyright 2005-2007 Rodolfo Giometti <giometti@linux.it>
2026-07-13T18:40:56.566114-04:00 WarpnixOS kernel: PTP clock support registered
2026-07-13T18:40:56.566114-04:00 WarpnixOS kernel: EDAC MC: Ver: 3.0.0
2026-07-13T18:40:56.566117-04:00 WarpnixOS kernel: NetLabel: Initializing
2026-07-13T18:40:56.566118-04:00 WarpnixOS kernel: NetLabel:  domain hash size = 128
2026-07-13T18:40:56.566118-04:00 WarpnixOS kernel: NetLabel:  protocols = UNLABELED CIPSOv4 CALIPSO
2026-07-13T18:40:56.566118-04:00 WarpnixOS kernel: NetLabel:  unlabeled traffic allowed by default
2026-07-13T18:40:56.566118-04:00 WarpnixOS kernel: mctp: management component transport protocol core
2026-07-13T18:40:56.566118-04:00 WarpnixOS kernel: NET: Registered PF_MCTP protocol family
2026-07-13T18:40:56.566121-04:00 WarpnixOS kernel: PCI: Using ACPI for IRQ routing
2026-07-13T18:40:56.566121-04:00 WarpnixOS kernel: PCI: pci_cache_line_size set to 64 bytes
2026-07-13T18:40:56.566122-04:00 WarpnixOS kernel: e820: register RAM buffer resource [mem 0x0009fc00-0x0009ffff]
2026-07-13T18:40:56.566122-04:00 WarpnixOS kernel: e820: register RAM buffer resource [mem 0xdfff0000-0xdfffffff]
2026-07-13T18:40:56.566122-04:00 WarpnixOS kernel: pci 0000:00:02.0: vgaarb: setting as boot VGA device
2026-07-13T18:40:56.566122-04:00 WarpnixOS kernel: pci 0000:00:02.0: vgaarb: bridge control possible
2026-07-13T18:40:56.566125-04:00 WarpnixOS kernel: pci 0000:00:02.0: vgaarb: VGA device added: decodes=io+mem,owns=io+mem,locks=none
2026-07-13T18:40:56.566125-04:00 WarpnixOS kernel: vgaarb: loaded
2026-07-13T18:40:56.566125-04:00 WarpnixOS kernel: clocksource: Switched to clocksource kvm-clock
2026-07-13T18:40:56.566126-04:00 WarpnixOS kernel: VFS: Disk quotas dquot_6.6.0
2026-07-13T18:40:56.566126-04:00 WarpnixOS kernel: VFS: Dquot-cache hash table entries: 512 (order 0, 4096 bytes)
2026-07-13T18:40:56.566126-04:00 WarpnixOS kernel: AppArmor: AppArmor Filesystem Enabled
2026-07-13T18:40:56.566126-04:00 WarpnixOS kernel: pnp: PnP ACPI init
2026-07-13T18:40:56.566129-04:00 WarpnixOS kernel: pnp: PnP ACPI: found 2 devices
2026-07-13T18:40:56.566129-04:00 WarpnixOS kernel: clocksource: acpi_pm: mask: 0xffffff max_cycles: 0xffffff, max_idle_ns: 2085701024 ns
2026-07-13T18:40:56.566129-04:00 WarpnixOS kernel: NET: Registered PF_INET protocol family
2026-07-13T18:40:56.566129-04:00 WarpnixOS kernel: IP idents hash table entries: 262144 (order: 9, 2097152 bytes, linear)
2026-07-13T18:40:56.566130-04:00 WarpnixOS kernel: tcp_listen_portaddr_hash hash table entries: 8192 (order: 5, 131072 bytes, linear)
2026-07-13T18:40:56.566130-04:00 WarpnixOS kernel: Table-perturb hash table entries: 65536 (order: 6, 262144 bytes, linear)
2026-07-13T18:40:56.566133-04:00 WarpnixOS kernel: TCP established hash table entries: 131072 (order: 8, 1048576 bytes, linear)
2026-07-13T18:40:56.566133-04:00 WarpnixOS kernel: TCP bind hash table entries: 65536 (order: 9, 2097152 bytes, linear)
2026-07-13T18:40:56.566133-04:00 WarpnixOS kernel: TCP: Hash tables configured (established 131072 bind 65536)
2026-07-13T18:40:56.566133-04:00 WarpnixOS kernel: MPTCP token hash table entries: 16384 (order: 7, 393216 bytes, linear)
2026-07-13T18:40:56.566133-04:00 WarpnixOS kernel: UDP hash table entries: 8192 (order: 7, 524288 bytes, linear)
2026-07-13T18:40:56.566133-04:00 WarpnixOS kernel: UDP-Lite hash table entries: 8192 (order: 7, 524288 bytes, linear)
2026-07-13T18:40:56.566134-04:00 WarpnixOS kernel: NET: Registered PF_UNIX/PF_LOCAL protocol family
2026-07-13T18:40:56.566141-04:00 WarpnixOS kernel: NET: Registered PF_XDP protocol family
2026-07-13T18:40:56.566141-04:00 WarpnixOS kernel: pci_bus 0000:00: resource 4 [io  0x0000-0x0cf7 window]
2026-07-13T18:40:56.566141-04:00 WarpnixOS kernel: pci_bus 0000:00: resource 5 [io  0x0d00-0xffff window]
2026-07-13T18:40:56.566142-04:00 WarpnixOS kernel: pci_bus 0000:00: resource 6 [mem 0x000a0000-0x000bffff window]
2026-07-13T18:40:56.566142-04:00 WarpnixOS kernel: pci_bus 0000:00: resource 7 [mem 0xe0000000-0xfdffffff window]
2026-07-13T18:40:56.566144-04:00 WarpnixOS kernel: pci 0000:00:00.0: Limiting direct PCI/PCI transfers
2026-07-13T18:40:56.566147-04:00 WarpnixOS kernel: PCI: CLS 0 bytes, default 64
2026-07-13T18:40:56.566147-04:00 WarpnixOS kernel: PCI-DMA: Using software bounce buffering for IO (SWIOTLB)
2026-07-13T18:40:56.566147-04:00 WarpnixOS kernel: software IO TLB: mapped [mem 0x00000000dbff0000-0x00000000dfff0000] (64MB)
2026-07-13T18:40:56.566147-04:00 WarpnixOS kernel: clocksource: tsc: mask: 0xffffffffffffffff max_cycles: 0x3c6d4d0b6d3, max_idle_ns: 440795255641 ns
2026-07-13T18:40:56.566147-04:00 WarpnixOS kernel: clocksource: Switched to clocksource tsc
2026-07-13T18:40:56.566148-04:00 WarpnixOS kernel: Trying to unpack rootfs image as initramfs...
2026-07-13T18:40:56.566194-04:00 WarpnixOS kernel: platform rtc_cmos: registered platform RTC device (no PNP device found)
2026-07-13T18:40:56.566194-04:00 WarpnixOS kernel: Initialise system trusted keyrings
2026-07-13T18:40:56.566194-04:00 WarpnixOS kernel: Key type blacklist registered
2026-07-13T18:40:56.566194-04:00 WarpnixOS kernel: workingset: timestamp_bits=36 max_order=22 bucket_order=0
2026-07-13T18:40:56.566194-04:00 WarpnixOS kernel: squashfs: version 4.0 (2009/01/31) Phillip Lougher
2026-07-13T18:40:56.566195-04:00 WarpnixOS kernel: fuse: init (API version 7.45)
2026-07-13T18:40:56.566195-04:00 WarpnixOS kernel: integrity: Platform Keyring initialized
2026-07-13T18:40:56.566202-04:00 WarpnixOS kernel: integrity: Machine keyring initialized
2026-07-13T18:40:56.566203-04:00 WarpnixOS kernel: Key type asymmetric registered
2026-07-13T18:40:56.566203-04:00 WarpnixOS kernel: Asymmetric key parser 'x509' registered
2026-07-13T18:40:56.566203-04:00 WarpnixOS kernel: Block layer SCSI generic (bsg) driver version 0.4 loaded (major 242)
2026-07-13T18:40:56.566203-04:00 WarpnixOS kernel: io scheduler mq-deadline registered
2026-07-13T18:40:56.566203-04:00 WarpnixOS kernel: ledtrig-cpu: registered to indicate activity on CPUs
2026-07-13T18:40:56.566207-04:00 WarpnixOS kernel: ACPI: AC: AC Adapter [AC] (on-line)
2026-07-13T18:40:56.566207-04:00 WarpnixOS kernel: input: Power Button as /devices/platform/LNXPWRBN:00/input/input0
2026-07-13T18:40:56.566207-04:00 WarpnixOS kernel: ACPI: button: Power Button [PWRF]
2026-07-13T18:40:56.566207-04:00 WarpnixOS kernel: input: Sleep Button as /devices/platform/LNXSLPBN:00/input/input1
2026-07-13T18:40:56.566207-04:00 WarpnixOS kernel: ACPI: button: Sleep Button [SLPF]
2026-07-13T18:40:56.566207-04:00 WarpnixOS kernel: Serial: 8250/16550 driver, 32 ports, IRQ sharing enabled
2026-07-13T18:40:56.566208-04:00 WarpnixOS kernel: Linux agpgart interface v0.103
2026-07-13T18:40:56.566210-04:00 WarpnixOS kernel: loop: module loaded
2026-07-13T18:40:56.566211-04:00 WarpnixOS kernel: scsi host0: ata_piix
2026-07-13T18:40:56.566211-04:00 WarpnixOS kernel: scsi host1: ata_piix
2026-07-13T18:40:56.566211-04:00 WarpnixOS kernel: ata1: PATA max UDMA/33 cmd 0x1f0 ctl 0x3f6 bmdma 0xd000 irq 14 lpm-pol 0
2026-07-13T18:40:56.566211-04:00 WarpnixOS kernel: ata2: PATA max UDMA/33 cmd 0x170 ctl 0x376 bmdma 0xd008 irq 15 lpm-pol 0
2026-07-13T18:40:56.566211-04:00 WarpnixOS kernel: ACPI: bus type drm_connector registered
2026-07-13T18:40:56.566217-04:00 WarpnixOS kernel: tun: Universal TUN/TAP device driver, 1.6
2026-07-13T18:40:56.566217-04:00 WarpnixOS kernel: PPP generic driver version 2.4.2
2026-07-13T18:40:56.566218-04:00 WarpnixOS kernel: Freeing initrd memory: 210424K
2026-07-13T18:40:56.566218-04:00 WarpnixOS kernel: ohci-pci 0000:00:06.0: OHCI PCI host controller
2026-07-13T18:40:56.566218-04:00 WarpnixOS kernel: ohci-pci 0000:00:06.0: new USB bus registered, assigned bus number 1
2026-07-13T18:40:56.566218-04:00 WarpnixOS kernel: ohci-pci 0000:00:06.0: irq 22, io mem 0xf0804000
2026-07-13T18:40:56.566221-04:00 WarpnixOS kernel: usb usb1: New USB device found, idVendor=1d6b, idProduct=0001, bcdDevice= 7.00
2026-07-13T18:40:56.566221-04:00 WarpnixOS kernel: usb usb1: New USB device strings: Mfr=3, Product=2, SerialNumber=1
2026-07-13T18:40:56.566221-04:00 WarpnixOS kernel: usb usb1: Product: OHCI PCI host controller
2026-07-13T18:40:56.566221-04:00 WarpnixOS kernel: usb usb1: Manufacturer: Linux 7.0.0-22-generic ohci_hcd
2026-07-13T18:40:56.566222-04:00 WarpnixOS kernel: usb usb1: SerialNumber: 0000:00:06.0
2026-07-13T18:40:56.566222-04:00 WarpnixOS kernel: hub 1-0:1.0: USB hub found
2026-07-13T18:40:56.566222-04:00 WarpnixOS kernel: hub 1-0:1.0: 12 ports detected
2026-07-13T18:40:56.566225-04:00 WarpnixOS kernel: ehci-pci 0000:00:0b.0: EHCI Host Controller
2026-07-13T18:40:56.566225-04:00 WarpnixOS kernel: ehci-pci 0000:00:0b.0: new USB bus registered, assigned bus number 2
2026-07-13T18:40:56.566225-04:00 WarpnixOS kernel: i8042: PNP: PS/2 Controller [PNP0303:PS2K,PNP0f03:PS2M] at 0x60,0x64 irq 1,12
2026-07-13T18:40:56.566225-04:00 WarpnixOS kernel: ehci-pci 0000:00:0b.0: irq 19, io mem 0xf0805000
2026-07-13T18:40:56.566226-04:00 WarpnixOS kernel: serio: i8042 KBD port at 0x60,0x64 irq 1
2026-07-13T18:40:56.566226-04:00 WarpnixOS kernel: serio: i8042 AUX port at 0x60,0x64 irq 12
2026-07-13T18:40:56.566229-04:00 WarpnixOS kernel: mousedev: PS/2 mouse device common for all mice
2026-07-13T18:40:56.566229-04:00 WarpnixOS kernel: rtc_cmos rtc_cmos: registered as rtc0
2026-07-13T18:40:56.566229-04:00 WarpnixOS kernel: rtc_cmos rtc_cmos: setting system clock to 2026-07-13T22:40:49 UTC (1783982449)
2026-07-13T18:40:56.566229-04:00 WarpnixOS kernel: rtc_cmos rtc_cmos: alarms up to one day, 114 bytes nvram
2026-07-13T18:40:56.566229-04:00 WarpnixOS kernel: i2c_dev: i2c /dev entries driver
2026-07-13T18:40:56.566229-04:00 WarpnixOS kernel: device-mapper: core: CONFIG_IMA_DISABLE_HTABLE is disabled. Duplicate IMA measurements will not be recorded in the IMA log.
2026-07-13T18:40:56.566232-04:00 WarpnixOS kernel: device-mapper: uevent: version 1.0.3
2026-07-13T18:40:56.566233-04:00 WarpnixOS kernel: device-mapper: ioctl: 4.50.0-ioctl (2025-04-28) initialised: dm-devel@lists.linux.dev
2026-07-13T18:40:56.566233-04:00 WarpnixOS kernel: amd_pstate: The CPPC feature is supported but currently disabled by the BIOS.
2026-07-13T18:40:56.566233-04:00 WarpnixOS kernel: Please enable it if your BIOS has the CPPC option.
2026-07-13T18:40:56.566233-04:00 WarpnixOS kernel: amd_pstate: the _CPC object is not present in SBIOS or ACPI disabled
2026-07-13T18:40:56.566233-04:00 WarpnixOS kernel: drop_monitor: Initializing network drop monitor service
2026-07-13T18:40:56.566233-04:00 WarpnixOS kernel: NET: Registered PF_INET6 protocol family
2026-07-13T18:40:56.566239-04:00 WarpnixOS kernel: input: AT Translated Set 2 keyboard as /devices/platform/i8042/serio0/input/input2
2026-07-13T18:40:56.566239-04:00 WarpnixOS kernel: Segment Routing with IPv6
2026-07-13T18:40:56.566239-04:00 WarpnixOS kernel: In-situ OAM (IOAM) with IPv6
2026-07-13T18:40:56.566239-04:00 WarpnixOS kernel: NET: Registered PF_PACKET protocol family
2026-07-13T18:40:56.566239-04:00 WarpnixOS kernel: Key type dns_resolver registered
2026-07-13T18:40:56.566239-04:00 WarpnixOS kernel: ehci-pci 0000:00:0b.0: USB 2.0 started, EHCI 1.00
2026-07-13T18:40:56.566242-04:00 WarpnixOS kernel: usb usb2: New USB device found, idVendor=1d6b, idProduct=0002, bcdDevice= 7.00
2026-07-13T18:40:56.566243-04:00 WarpnixOS kernel: usb usb2: New USB device strings: Mfr=3, Product=2, SerialNumber=1
2026-07-13T18:40:56.566243-04:00 WarpnixOS kernel: usb usb2: Product: EHCI Host Controller
2026-07-13T18:40:56.566243-04:00 WarpnixOS kernel: usb usb2: Manufacturer: Linux 7.0.0-22-generic ehci_hcd
2026-07-13T18:40:56.566243-04:00 WarpnixOS kernel: usb usb2: SerialNumber: 0000:00:0b.0
2026-07-13T18:40:56.566243-04:00 WarpnixOS kernel: hub 2-0:1.0: USB hub found
2026-07-13T18:40:56.566245-04:00 WarpnixOS kernel: hub 2-0:1.0: 12 ports detected
2026-07-13T18:40:56.566246-04:00 WarpnixOS kernel: IPI shorthand broadcast: enabled
2026-07-13T18:40:56.566246-04:00 WarpnixOS kernel: sched_clock: Marking stable (794025193, 10938075)->(834270983, -29307715)
2026-07-13T18:40:56.566247-04:00 WarpnixOS kernel: registered taskstats version 1
2026-07-13T18:40:56.566247-04:00 WarpnixOS kernel: Loading compiled-in X.509 certificates
2026-07-13T18:40:56.566247-04:00 WarpnixOS kernel: Loaded X.509 cert 'Build time autogenerated kernel key: dc89478ca0cc19d49a8337465ee2fd0c98b2a3ff'
2026-07-13T18:40:56.566247-04:00 WarpnixOS kernel: Loaded X.509 cert 'Canonical Ltd. Live Patch Signing 2025 Kmod: d541cef61dc7e793b7eb7e899970a2eef0b5dc8c'
2026-07-13T18:40:56.566250-04:00 WarpnixOS kernel: Loaded X.509 cert 'Canonical Ltd. Live Patch Signing: 14df34d1a87cf37625abec039ef2bf521249b969'
2026-07-13T18:40:56.566250-04:00 WarpnixOS kernel: Loaded X.509 cert 'Canonical Ltd. Kernel Module Signing 2025 Kmod: 4627603d2357a2a3f81006370894c221175893e9'
2026-07-13T18:40:56.566250-04:00 WarpnixOS kernel: Loaded X.509 cert 'Canonical Ltd. Kernel Module Signing: 88f752e560a1e0737e31163a466ad7b70a850c19'
2026-07-13T18:40:56.566251-04:00 WarpnixOS kernel: blacklist: Loading compiled-in revocation X.509 certificates
2026-07-13T18:40:56.566251-04:00 WarpnixOS kernel: Loaded X.509 cert 'Canonical Ltd. Secure Boot Signing: 61482aa2830d0ab2ad5af10b7250da9033ddcef0'
2026-07-13T18:40:56.566251-04:00 WarpnixOS kernel: Loaded X.509 cert 'Canonical Ltd. Secure Boot Signing (2017): 242ade75ac4a15e50d50c84b0d45ff3eae707a03'
2026-07-13T18:40:56.566254-04:00 WarpnixOS kernel: Loaded X.509 cert 'Canonical Ltd. Secure Boot Signing (ESM 2018): 365188c1d374d6b07c3c8f240f8ef722433d6a8b'
2026-07-13T18:40:56.566254-04:00 WarpnixOS kernel: Loaded X.509 cert 'Canonical Ltd. Secure Boot Signing (2019): c0746fd6c5da3ae827864651ad66ae47fe24b3e8'
2026-07-13T18:40:56.566254-04:00 WarpnixOS kernel: Loaded X.509 cert 'Canonical Ltd. Secure Boot Signing (2021 v1): a8d54bbb3825cfb94fa13c9f8a594a195c107b8d'
2026-07-13T18:40:56.566254-04:00 WarpnixOS kernel: Loaded X.509 cert 'Canonical Ltd. Secure Boot Signing (2021 v2): 4cf046892d6fd3c9a5b03f98d845f90851dc6a8c'
2026-07-13T18:40:56.566255-04:00 WarpnixOS kernel: Loaded X.509 cert 'Canonical Ltd. Secure Boot Signing (2021 v3): 100437bb6de6e469b581e61cd66bce3ef4ed53af'
2026-07-13T18:40:56.566257-04:00 WarpnixOS kernel: Loaded X.509 cert 'Canonical Ltd. Secure Boot Signing (Ubuntu Core 2019): c1d57b8f6b743f23ee41f4f7ee292f06eecadfb9'
2026-07-13T18:40:56.566258-04:00 WarpnixOS kernel: Demotion targets for Node 0: null
2026-07-13T18:40:56.566258-04:00 WarpnixOS kernel: Key type .fscrypt registered
2026-07-13T18:40:56.566258-04:00 WarpnixOS kernel: Key type fscrypt-provisioning registered
2026-07-13T18:40:56.566258-04:00 WarpnixOS kernel: Key type big_key registered
2026-07-13T18:40:56.566258-04:00 WarpnixOS kernel: Key type encrypted registered
2026-07-13T18:40:56.566266-04:00 WarpnixOS kernel: AppArmor: AppArmor sha256 policy hashing enabled
2026-07-13T18:40:56.566266-04:00 WarpnixOS kernel: ima: No TPM chip found, activating TPM-bypass!
2026-07-13T18:40:56.566266-04:00 WarpnixOS kernel: Loading compiled-in module X.509 certificates
2026-07-13T18:40:56.566266-04:00 WarpnixOS kernel: Loaded X.509 cert 'Build time autogenerated kernel key: dc89478ca0cc19d49a8337465ee2fd0c98b2a3ff'
2026-07-13T18:40:56.566267-04:00 WarpnixOS kernel: ima: Allocated hash algorithm: sha256
2026-07-13T18:40:56.566267-04:00 WarpnixOS kernel: ima: No architecture policies found
2026-07-13T18:40:56.566267-04:00 WarpnixOS kernel: evm: Initialising EVM extended attributes:
2026-07-13T18:40:56.566270-04:00 WarpnixOS kernel: evm: security.selinux
2026-07-13T18:40:56.566270-04:00 WarpnixOS kernel: evm: security.SMACK64
2026-07-13T18:40:56.566270-04:00 WarpnixOS kernel: evm: security.SMACK64EXEC
2026-07-13T18:40:56.566270-04:00 WarpnixOS kernel: evm: security.SMACK64TRANSMUTE
2026-07-13T18:40:56.566271-04:00 WarpnixOS kernel: evm: security.SMACK64MMAP
2026-07-13T18:40:56.566271-04:00 WarpnixOS kernel: evm: security.apparmor
2026-07-13T18:40:56.566274-04:00 WarpnixOS kernel: evm: security.ima
2026-07-13T18:40:56.566274-04:00 WarpnixOS kernel: evm: security.capability
2026-07-13T18:40:56.566274-04:00 WarpnixOS kernel: evm: HMAC attrs: 0x1
2026-07-13T18:40:56.566274-04:00 WarpnixOS kernel: PM:   Magic number: 2:451:704
2026-07-13T18:40:56.566274-04:00 WarpnixOS kernel:  cpu: hash matches
2026-07-13T18:40:56.566275-04:00 WarpnixOS kernel: RAS: Correctable Errors collector initialized.
2026-07-13T18:40:56.566276-04:00 WarpnixOS kernel: clk: Disabling unused clocks
2026-07-13T18:40:56.566278-04:00 WarpnixOS kernel: PM: genpd: Disabling unused power domains
2026-07-13T18:40:56.566315-04:00 WarpnixOS kernel: Freeing unused decrypted memory: 2028K
2026-07-13T18:40:56.566316-04:00 WarpnixOS kernel: Freeing unused kernel image (initmem) memory: 5292K
2026-07-13T18:40:56.566316-04:00 WarpnixOS kernel: Write protecting the kernel read-only data: 43008k
2026-07-13T18:40:56.566316-04:00 WarpnixOS kernel: Freeing unused kernel image (text/rodata gap) memory: 804K
2026-07-13T18:40:56.566316-04:00 WarpnixOS kernel: Freeing unused kernel image (rodata/data gap) memory: 1684K
2026-07-13T18:40:56.566319-04:00 WarpnixOS kernel: x86/mm: Checked W+X mappings: passed, no W+X pages found.
2026-07-13T18:40:56.566319-04:00 WarpnixOS kernel: Run /init as init process
2026-07-13T18:40:56.566324-04:00 WarpnixOS kernel:   with arguments:
2026-07-13T18:40:56.566324-04:00 WarpnixOS kernel:     /init
2026-07-13T18:40:56.566324-04:00 WarpnixOS kernel:     splash
2026-07-13T18:40:56.566325-04:00 WarpnixOS kernel:   with environment:
2026-07-13T18:40:56.566328-04:00 WarpnixOS kernel:     HOME=/
2026-07-13T18:40:56.566328-04:00 WarpnixOS kernel:     TERM=linux
2026-07-13T18:40:56.566328-04:00 WarpnixOS kernel: e1000: Intel(R) PRO/1000 Network Driver
2026-07-13T18:40:56.566328-04:00 WarpnixOS kernel: e1000: Copyright (c) 1999-2006 Intel Corporation.
2026-07-13T18:40:56.566329-04:00 WarpnixOS kernel: ACPI: video: Video Device [GFX0] (multi-head: yes  rom: no  post: no)
2026-07-13T18:40:56.566329-04:00 WarpnixOS kernel: input: Video Bus as /devices/pci0000:00/acpi.video_bus.0/input/input4
2026-07-13T18:40:56.566329-04:00 WarpnixOS kernel: ahci 0000:00:0d.0: SSS flag set, parallel bus scan disabled
2026-07-13T18:40:56.566332-04:00 WarpnixOS kernel: ahci 0000:00:0d.0: AHCI vers 0001.0100, 32 command slots, 3 Gbps, SATA mode
2026-07-13T18:40:56.566332-04:00 WarpnixOS kernel: ahci 0000:00:0d.0: 1/1 ports implemented (port mask 0x1)
2026-07-13T18:40:56.566332-04:00 WarpnixOS kernel: ahci 0000:00:0d.0: flags: 64bit ncq stag only ccc 
2026-07-13T18:40:56.566332-04:00 WarpnixOS kernel: scsi host2: ahci
2026-07-13T18:40:56.566332-04:00 WarpnixOS kernel: ata3: SATA max UDMA/133 abar m8192@0xf0806000 port 0xf0806100 irq 21 lpm-pol 1
2026-07-13T18:40:56.566333-04:00 WarpnixOS kernel: clocksource: Long readout interval, skipping watchdog check: cs_nsec: 1272100301 wd_nsec: 1272099374
2026-07-13T18:40:56.566335-04:00 WarpnixOS kernel: usb 1-1: new full-speed USB device number 2 using ohci-pci
2026-07-13T18:40:56.566336-04:00 WarpnixOS kernel: e1000 0000:00:03.0 eth0: (PCI:33MHz:32-bit) 08:00:27:1e:da:2f
2026-07-13T18:40:56.566336-04:00 WarpnixOS kernel: e1000 0000:00:03.0 eth0: Intel(R) PRO/1000 Network Connection
2026-07-13T18:40:56.566336-04:00 WarpnixOS kernel: ata3: SATA link up 3.0 Gbps (SStatus 123 SControl 300)
2026-07-13T18:40:56.566336-04:00 WarpnixOS kernel: ata3.00: ATA-6: VBOX HARDDISK, 1.0, max UDMA/133
2026-07-13T18:40:56.566336-04:00 WarpnixOS kernel: ata3.00: 83915200 sectors, multi 128: LBA48 NCQ (depth 32)
2026-07-13T18:40:56.566339-04:00 WarpnixOS kernel: ata3.00: configured for UDMA/133
2026-07-13T18:40:56.566339-04:00 WarpnixOS kernel: scsi 2:0:0:0: Direct-Access     ATA      VBOX HARDDISK    1.0  PQ: 0 ANSI: 5
2026-07-13T18:40:56.566340-04:00 WarpnixOS kernel: sd 2:0:0:0: [sda] 83915200 512-byte logical blocks: (43.0 GB/40.0 GiB)
2026-07-13T18:40:56.566340-04:00 WarpnixOS kernel: sd 2:0:0:0: [sda] Write Protect is off
2026-07-13T18:40:56.566340-04:00 WarpnixOS kernel: sd 2:0:0:0: [sda] Mode Sense: 00 3a 00 00
2026-07-13T18:40:56.566340-04:00 WarpnixOS kernel: sd 2:0:0:0: Attached scsi generic sg0 type 0
2026-07-13T18:40:56.566340-04:00 WarpnixOS kernel: sd 2:0:0:0: [sda] Write cache: enabled, read cache: enabled, doesn't support DPO or FUA
2026-07-13T18:40:56.566343-04:00 WarpnixOS kernel: sd 2:0:0:0: [sda] Preferred minimum I/O size 512 bytes
2026-07-13T18:40:56.566343-04:00 WarpnixOS kernel:  sda: sda1
2026-07-13T18:40:56.566343-04:00 WarpnixOS kernel: sd 2:0:0:0: [sda] Attached SCSI disk
2026-07-13T18:40:56.566344-04:00 WarpnixOS kernel: e1000 0000:00:03.0 enp0s3: renamed from eth0
2026-07-13T18:40:56.566344-04:00 WarpnixOS kernel: input: ImExPS/2 Generic Explorer Mouse as /devices/platform/i8042/serio1/input/input5
2026-07-13T18:40:56.566344-04:00 WarpnixOS kernel: usb 1-1: New USB device found, idVendor=80ee, idProduct=0021, bcdDevice= 1.00
2026-07-13T18:40:56.566347-04:00 WarpnixOS kernel: usb 1-1: New USB device strings: Mfr=1, Product=3, SerialNumber=0
2026-07-13T18:40:56.566347-04:00 WarpnixOS kernel: usb 1-1: Product: USB Tablet
2026-07-13T18:40:56.566347-04:00 WarpnixOS kernel: usb 1-1: Manufacturer: VirtualBox
2026-07-13T18:40:56.566347-04:00 WarpnixOS kernel: hid: raw HID events driver (C) Jiri Kosina
2026-07-13T18:40:56.566347-04:00 WarpnixOS kernel: usbcore: registered new interface driver usbhid
2026-07-13T18:40:56.566347-04:00 WarpnixOS kernel: usbhid: USB HID core driver
2026-07-13T18:40:56.566348-04:00 WarpnixOS kernel: input: VirtualBox USB Tablet as /devices/pci0000:00/0000:00:06.0/usb1/1-1/1-1:1.0/0003:80EE:0021.0001/input/input6
2026-07-13T18:40:56.566351-04:00 WarpnixOS kernel: hid-generic 0003:80EE:0021.0001: input,hidraw0: USB HID v1.10 Mouse [VirtualBox USB Tablet] on usb-0000:00:06.0-1/input0
2026-07-13T18:40:56.566351-04:00 WarpnixOS kernel: raid6: avx2x4   gen() 35172 MB/s
2026-07-13T18:40:56.566351-04:00 WarpnixOS kernel: raid6: avx2x2   gen() 32698 MB/s
2026-07-13T18:40:56.566351-04:00 WarpnixOS kernel: raid6: avx2x1   gen() 23980 MB/s
2026-07-13T18:40:56.566351-04:00 WarpnixOS kernel: raid6: using algorithm avx2x4 gen() 35172 MB/s
2026-07-13T18:40:56.566353-04:00 WarpnixOS kernel: raid6: .... xor() 5939 MB/s, rmw enabled
2026-07-13T18:40:56.566354-04:00 WarpnixOS kernel: raid6: using avx2x2 recovery algorithm
2026-07-13T18:40:56.566354-04:00 WarpnixOS kernel: xor: automatically using best checksumming function   avx       
2026-07-13T18:40:56.566355-04:00 WarpnixOS kernel: Btrfs loaded, zoned=yes, fsverity=yes
2026-07-13T18:40:56.566355-04:00 WarpnixOS kernel: EXT4-fs (sda1): orphan cleanup on readonly fs
2026-07-13T18:40:56.566355-04:00 WarpnixOS kernel: EXT4-fs (sda1): mounted filesystem d28f9adf-16f0-4a19-9b08-4f5bead6a937 ro with ordered data mode. Quota mode: none.
2026-07-13T18:40:56.566447-04:00 WarpnixOS kernel: EXT4-fs (sda1): re-mounted d28f9adf-16f0-4a19-9b08-4f5bead6a937 r/w.
2026-07-13T18:40:56.566447-04:00 WarpnixOS kernel: lp: driver loaded but no devices found
2026-07-13T18:40:56.566448-04:00 WarpnixOS kernel: ppdev: user-space parallel port driver
2026-07-13T18:40:56.566474-04:00 WarpnixOS kernel: Adding 524284k swap on /swapfile.  Priority:-1 extents:1 across:524284k 
2026-07-13T18:40:56.566474-04:00 WarpnixOS kernel: vboxguest: loading out-of-tree module taints kernel.
2026-07-13T18:40:56.566474-04:00 WarpnixOS kernel: vboxguest: module verification failed: signature and/or required key missing - tainting kernel
2026-07-13T18:40:56.566474-04:00 WarpnixOS kernel: piix4_smbus 0000:00:07.0: SMBus Host Controller at 0x4100, revision 0
2026-07-13T18:40:56.566477-04:00 WarpnixOS kernel: vgdrvHeartbeatInit: Setting up heartbeat to trigger every 2000 milliseconds
2026-07-13T18:40:56.566478-04:00 WarpnixOS kernel: Host supports full mouse state reporting, switching to extended mouse integration protocol
2026-07-13T18:40:56.566478-04:00 WarpnixOS kernel: vmwgfx 0000:00:02.0: vgaarb: deactivate vga console
2026-07-13T18:40:56.566478-04:00 WarpnixOS kernel: Console: switching to colour dummy device 80x25
2026-07-13T18:40:56.566478-04:00 WarpnixOS kernel: vmwgfx 0000:00:02.0: [drm] FIFO at 0x00000000f0000000 size is 2048 KiB
2026-07-13T18:40:56.566478-04:00 WarpnixOS kernel: vmwgfx 0000:00:02.0: [drm] VRAM at 0x00000000e0000000 size is 131072 KiB
2026-07-13T18:40:56.566478-04:00 WarpnixOS kernel: vmwgfx 0000:00:02.0: [drm] Running on SVGA version 2.
2026-07-13T18:40:56.566481-04:00 WarpnixOS kernel: vmwgfx 0000:00:02.0: [drm] Capabilities: rect copy, cursor, cursor bypass, cursor bypass 2, alpha cursor, extended fifo, pitchlock, irq mask, gmr, traces, gmr2, screen object 2, command buffers, gbobject, 
2026-07-13T18:40:56.566482-04:00 WarpnixOS kernel: vmwgfx 0000:00:02.0: [drm] *ERROR* vmwgfx seems to be running on an unsupported hypervisor.
2026-07-13T18:40:56.566482-04:00 WarpnixOS kernel: vmwgfx 0000:00:02.0: [drm] *ERROR* This configuration is likely broken.
2026-07-13T18:40:56.566482-04:00 WarpnixOS kernel: vmwgfx 0000:00:02.0: [drm] *ERROR* Please switch to a supported graphics device to avoid problems.
2026-07-13T18:40:56.566482-04:00 WarpnixOS kernel: vmwgfx 0000:00:02.0: [drm] DMA map mode: Caching DMA mappings.
2026-07-13T18:40:56.566515-04:00 WarpnixOS kernel: vmwgfx 0000:00:02.0: [drm] Legacy memory limits: VRAM = 131072 KiB, FIFO = 2048 KiB, surface = 393216 KiB
2026-07-13T18:40:56.566519-04:00 WarpnixOS kernel: vmwgfx 0000:00:02.0: [drm] MOB limits: max mob size = 131072 KiB, max mob pages = 32768
2026-07-13T18:40:56.566519-04:00 WarpnixOS kernel: vmwgfx 0000:00:02.0: [drm] Max GMR ids is 8192
2026-07-13T18:40:56.566519-04:00 WarpnixOS kernel: vmwgfx 0000:00:02.0: [drm] Max number of GMR pages is 1048576
2026-07-13T18:40:56.566520-04:00 WarpnixOS kernel: vmwgfx 0000:00:02.0: [drm] Maximum display memory size is 131072 KiB
2026-07-13T18:40:56.566520-04:00 WarpnixOS kernel: vmwgfx 0000:00:02.0: [drm] Screen Target display unit initialized
2026-07-13T18:40:56.566520-04:00 WarpnixOS kernel: vmwgfx 0000:00:02.0: [drm] Fifo max 0x00200000 min 0x00001000 cap 0x00000355
2026-07-13T18:40:56.566526-04:00 WarpnixOS kernel: input: VirtualBox mouse integration as /devices/pci0000:00/0000:00:04.0/input/input7
2026-07-13T18:40:56.566526-04:00 WarpnixOS kernel: vmwgfx 0000:00:02.0: [drm] Using command buffers with DMA pool.
2026-07-13T18:40:56.566526-04:00 WarpnixOS kernel: vmwgfx 0000:00:02.0: [drm] Available shader model: Legacy.
2026-07-13T18:40:56.566526-04:00 WarpnixOS kernel: vboxguest: Successfully loaded version 7.1.16 r172425
2026-07-13T18:40:56.566526-04:00 WarpnixOS kernel: vboxguest: misc device minor 262, IRQ 20, I/O port d040, MMIO at 00000000f0400000 (size 0x400000)
2026-07-13T18:40:56.566527-04:00 WarpnixOS kernel: vboxguest: Successfully loaded version 7.1.16 r172425 (interface 0x00010004)
2026-07-13T18:40:56.566530-04:00 WarpnixOS kernel: ------------[ cut here ]------------
2026-07-13T18:40:56.566530-04:00 WarpnixOS kernel: WARNING: kernel/rcu/tree_plugin.h:823 at rcu_sched_clock_irq+0x390/0x3a0, CPU#3: (udev-worker)/417
2026-07-13T18:40:56.566530-04:00 WarpnixOS kernel: Modules linked in: snd_seq snd_seq_device vmwgfx(+) snd_timer drm_ttm_helper ttm vboxguest(OE) snd i2c_piix4 i2c_smbus soundcore joydev input_leds mac_hid sch_fq_codel parport_pc ppdev lp parport msr efi_pstore nfnetlink dmi_sysfs autofs4 btrfs libblake2b xor raid6_pq hid_generic usbhid hid psmouse serio_raw ghash_clmulni_intel video ahci vga16fb wmi vgastate libahci e1000 pata_acpi aesni_intel
2026-07-13T18:40:56.566530-04:00 WarpnixOS kernel: CPU: 3 UID: 0 PID: 417 Comm: (udev-worker) Tainted: G           OE       7.0.0-22-generic #22-Ubuntu PREEMPT(lazy) 
2026-07-13T18:40:56.566530-04:00 WarpnixOS kernel: Tainted: [O]=OOT_MODULE, [E]=UNSIGNED_MODULE
2026-07-13T18:40:56.566531-04:00 WarpnixOS kernel: Hardware name: innotek GmbH VirtualBox/VirtualBox, BIOS VirtualBox 12/01/2006
2026-07-13T18:40:56.566534-04:00 WarpnixOS kernel: RIP: 0010:rcu_sched_clock_irq+0x390/0x3a0
2026-07-13T18:40:56.566534-04:00 WarpnixOS kernel: Code: 02 8b 80 68 d4 42 8c a8 04 0f 84 a3 fe ff ff e9 8d fe ff ff 48 8b 03 a8 10 75 ca be 04 00 00 00 48 89 df e8 b2 37 f5 ff eb bb <0f> 0b e9 f7 fc ff ff 66 0f 1f 84 00 00 00 00 00 90 90 90 90 90 90
2026-07-13T18:40:56.566534-04:00 WarpnixOS kernel: RSP: 0000:ffffd0f5c0cf7db0 EFLAGS: 00010086
2026-07-13T18:40:56.566534-04:00 WarpnixOS kernel: RAX: 00000000ffffffff RBX: ffff8d15d56faa80 RCX: 0000000000000000
2026-07-13T18:40:56.566534-04:00 WarpnixOS kernel: RDX: 0000000000000000 RSI: 0000000000000000 RDI: 0000000000000001
2026-07-13T18:40:56.566534-04:00 WarpnixOS kernel: RBP: ffffd0f5c0cf7dd0 R08: 0000000000000000 R09: 0000000000000000
2026-07-13T18:40:56.566537-04:00 WarpnixOS kernel: R10: 0000000000000000 R11: 0000000000000000 R12: 0000000000000001
2026-07-13T18:40:56.566538-04:00 WarpnixOS kernel: R13: 00000001a20293cf R14: ffffffff8958e150 R15: ffff8d17d3ba1ac0
2026-07-13T18:40:56.566538-04:00 WarpnixOS kernel: FS:  000070735b2f5c80(0000) GS:ffff8d1847780000(0000) knlGS:0000000000000000
2026-07-13T18:40:56.566538-04:00 WarpnixOS kernel: CS:  0010 DS: 0000 ES: 0000 CR0: 0000000080050033
2026-07-13T18:40:56.566538-04:00 WarpnixOS kernel: CR2: 00005803711bb2c8 CR3: 000000010fc34000 CR4: 00000000000506f0
2026-07-13T18:40:56.566538-04:00 WarpnixOS kernel: Call Trace:
2026-07-13T18:40:56.566541-04:00 WarpnixOS kernel:  <TASK>
2026-07-13T18:40:56.566541-04:00 WarpnixOS kernel:  ? account_process_tick+0xf1/0x160
2026-07-13T18:40:56.566542-04:00 WarpnixOS kernel:  update_process_times+0x91/0xe0
2026-07-13T18:40:56.566542-04:00 WarpnixOS kernel:  tick_nohz_handler+0x96/0x1a0
2026-07-13T18:40:56.566542-04:00 WarpnixOS kernel:  __hrtimer_run_queues+0x10c/0x270
2026-07-13T18:40:56.566542-04:00 WarpnixOS kernel:  ? srso_alias_return_thunk+0x5/0xfbef5
2026-07-13T18:40:56.566542-04:00 WarpnixOS kernel:  hrtimer_interrupt+0x104/0x250
2026-07-13T18:40:56.566545-04:00 WarpnixOS kernel:  __sysvec_apic_timer_interrupt+0x58/0x150
2026-07-13T18:40:56.566545-04:00 WarpnixOS kernel:  ? srso_alias_return_thunk+0x5/0xfbef5
2026-07-13T18:40:56.566546-04:00 WarpnixOS kernel:  sysvec_apic_timer_interrupt+0x44/0xd0
2026-07-13T18:40:56.566546-04:00 WarpnixOS kernel:  asm_sysvec_apic_timer_interrupt+0x1b/0x20
2026-07-13T18:40:56.566554-04:00 WarpnixOS kernel: RIP: 0033:0x58035c919980
2026-07-13T18:40:56.566554-04:00 WarpnixOS kernel: Code: 85 c9 74 11 4c 8d 0d c7 9c 01 00 e9 e5 fe ff ff e8 e5 ca fb ff 45 31 c9 e9 d8 fe ff ff 66 90 66 66 2e 0f 1f 84 00 00 00 00 00 <55> 48 89 e5 41 57 41 56 41 55 41 54 53 4c 8d 9c 24 00 80 ff ff 48
2026-07-13T18:40:56.566558-04:00 WarpnixOS kernel: RSP: 002b:00007ffee2423d88 EFLAGS: 00000286
2026-07-13T18:40:56.566558-04:00 WarpnixOS kernel: RAX: 0000580370f14a60 RBX: 0000580370f14a60 RCX: 0000000000000000
2026-07-13T18:40:56.566558-04:00 WarpnixOS kernel: RDX: 00005803712137d0 RSI: 0000580371213880 RDI: 0000580370f14a60
2026-07-13T18:40:56.566558-04:00 WarpnixOS kernel: RBP: 00007ffee2423e20 R08: 0000000000000000 R09: 0000000000000008
2026-07-13T18:40:56.566558-04:00 WarpnixOS kernel: R10: 0000580370f14940 R11: f0c6f16b239c51c5 R12: 00005803712137d0
2026-07-13T18:40:56.566559-04:00 WarpnixOS kernel: R13: 0000580370ee4df0 R14: 0000580370f14aa0 R15: 0000000000000000
2026-07-13T18:40:56.566562-04:00 WarpnixOS kernel:  </TASK>
2026-07-13T18:40:56.566562-04:00 WarpnixOS kernel: ---[ end trace 0000000000000000 ]---
2026-07-13T18:40:56.566562-04:00 WarpnixOS kernel: [drm] Initialized vmwgfx 2.21.0 for 0000:00:02.0 on minor 0
2026-07-13T18:40:56.566562-04:00 WarpnixOS kernel: fbcon: vmwgfxdrmfb (fb0) is primary device
2026-07-13T18:40:56.566562-04:00 WarpnixOS kernel: Console: switching to colour frame buffer device 160x50
2026-07-13T18:40:56.566562-04:00 WarpnixOS kernel: vmwgfx 0000:00:02.0: [drm] fb0: vmwgfxdrmfb frame buffer device
2026-07-13T18:40:56.566570-04:00 WarpnixOS kernel: intel_rapl_common: Found RAPL domain package
2026-07-13T18:40:56.566570-04:00 WarpnixOS kernel: intel_rapl_common: Found RAPL domain core
2026-07-13T18:40:56.566570-04:00 WarpnixOS kernel: snd_intel8x0 0000:00:05.0: allow list rate for 1028:0177 is 48000
2026-07-13T18:40:56.566571-04:00 WarpnixOS kernel: audit: type=1400 audit(1783982456.341:2): apparmor="STATUS" operation="profile_load" profile="unconfined" name="1password" pid=575 comm="apparmor_parser"
2026-07-13T18:40:56.566571-04:00 WarpnixOS kernel: audit: type=1400 audit(1783982456.341:3): apparmor="STATUS" operation="profile_load" profile="unconfined" name="QtWebEngineProcess" pid=578 comm="apparmor_parser"
2026-07-13T18:40:56.566571-04:00 WarpnixOS kernel: audit: type=1400 audit(1783982456.341:4): apparmor="STATUS" operation="profile_load" profile="unconfined" name="Discord" pid=576 comm="apparmor_parser"
2026-07-13T18:40:56.566574-04:00 WarpnixOS kernel: audit: type=1400 audit(1783982456.341:5): apparmor="STATUS" operation="profile_load" profile="unconfined" name=4D6F6E676F444220436F6D70617373 pid=577 comm="apparmor_parser"
2026-07-13T18:40:56.566574-04:00 WarpnixOS kernel: audit: type=1400 audit(1783982456.341:6): apparmor="STATUS" operation="profile_load" profile="unconfined" name="balena-etcher" pid=582 comm="apparmor_parser"
2026-07-13T18:40:56.566575-04:00 WarpnixOS kernel: audit: type=1400 audit(1783982456.344:7): apparmor="STATUS" operation="profile_load" profile="unconfined" name="buildah" pid=587 comm="apparmor_parser"
2026-07-13T18:40:56.566575-04:00 WarpnixOS kernel: audit: type=1400 audit(1783982456.344:8): apparmor="STATUS" operation="profile_load" profile="unconfined" name="brave" pid=585 comm="apparmor_parser"
2026-07-13T18:40:56.566575-04:00 WarpnixOS kernel: audit: type=1400 audit(1783982456.344:9): apparmor="STATUS" operation="profile_load" profile="unconfined" name="bfdd" pid=583 comm="apparmor_parser"
2026-07-13T18:40:56.566578-04:00 WarpnixOS kernel: audit: type=1400 audit(1783982456.344:10): apparmor="STATUS" operation="profile_load" profile="unconfined" name="brave-browser-stable" pid=586 comm="apparmor_parser"
2026-07-13T18:40:56.566578-04:00 WarpnixOS kernel: audit: type=1400 audit(1783982456.344:11): apparmor="STATUS" operation="profile_load" profile="unconfined" name="bgpd" pid=584 comm="apparmor_parser"
2026-07-13T18:40:56.728463-04:00 WarpnixOS kernel: NET: Registered PF_QIPCRTR protocol family
2026-07-13T18:40:56.842434-04:00 WarpnixOS kernel: e1000: enp0s3 NIC Link is Up 1000 Mbps Full Duplex, Flow Control: RX
2026-07-13T18:40:57.593468-04:00 WarpnixOS kernel: 22:40:57.592810 main     VBoxService 7.1.16 r172425 (verbosity: 0) linux.amd64 (Jan 27 2026 11:51:23) release log
2026-07-13T18:40:57.593476-04:00 WarpnixOS kernel: 22:40:57.592811 main     Log opened 2026-07-13T22:40:57.592806000Z
2026-07-13T18:40:57.593477-04:00 WarpnixOS kernel: 22:40:57.592882 main     OS Product: Linux
2026-07-13T18:40:57.593477-04:00 WarpnixOS kernel: 22:40:57.592899 main     OS Release: 7.0.0-22-generic
2026-07-13T18:40:57.593477-04:00 WarpnixOS kernel: 22:40:57.592912 main     OS Version: #22-Ubuntu SMP PREEMPT_DYNAMIC Mon May 25 15:54:34 UTC 2026
2026-07-13T18:40:57.593478-04:00 WarpnixOS kernel: 22:40:57.592925 main     Executable: /opt/VBoxGuestAdditions-7.1.16/sbin/VBoxService
2026-07-13T18:40:57.593478-04:00 WarpnixOS kernel: 22:40:57.592926 main     Process ID: 1246
2026-07-13T18:40:57.593478-04:00 WarpnixOS kernel: 22:40:57.592926 main     Package type: LINUX_64BITS_GENERIC
2026-07-13T18:40:57.595455-04:00 WarpnixOS kernel: 22:40:57.594681 main     7.1.16 r172425 started. Verbose level = 0
2026-07-13T18:40:57.595462-04:00 WarpnixOS kernel: 22:40:57.595303 main     vbglR3GuestCtrlDetectPeekGetCancelSupport: Supported (#1)
2026-07-13T18:40:57.607987-04:00 WarpnixOS kernel: vboxsf: g_fHostFeatures=0x8000000f g_fSfFeatures=0x1 g_uSfLastFunction=29
2026-07-13T18:40:57.607993-04:00 WarpnixOS kernel: vboxsf: Successfully loaded version 7.1.16 r172425
2026-07-13T18:40:57.607993-04:00 WarpnixOS kernel: vboxsf: Successfully loaded version 7.1.16 r172425 on 7.0.0-22-generic (LINUX_VERSION_CODE=0x70000)
2026-07-13T18:40:57.607994-04:00 WarpnixOS kernel: 22:40:57.606440 automount vbsvcAutomounterMountIt: Successfully mounted 'Desktop' on '/media/shared'
2026-07-13T18:45:46.128815-04:00 WarpnixOS kernel: clocksource: Long readout interval, skipping watchdog check: cs_nsec: 3015175371 wd_nsec: 3015173161
2026-07-13T18:57:23.491809-04:00 WarpnixOS kernel: kauditd_printk_skb: 191 callbacks suppressed
2026-07-13T18:57:23.491817-04:00 WarpnixOS kernel: audit: type=1400 audit(1783983443.490:203): apparmor="DENIED" operation="open" class="file" profile="/usr/sbin/cupsd" name="/etc/paperspecs" pid=3250 comm="cupsd" requested_mask="r" denied_mask="r" fsuid=0 ouid=0
2026-07-13T18:57:23.496253-04:00 WarpnixOS kernel: audit: type=1400 audit(1783983443.494:204): apparmor="DENIED" operation="capable" class="cap" profile="/usr/sbin/cupsd" pid=3250 comm="cupsd" capability=12  capname="net_admin"
2026-07-14T18:47:41.910003-04:00 WarpnixOS kernel: Linux version 7.0.0-22-generic (buildd@lcy02-amd64-061) (x86_64-linux-gnu-gcc (Ubuntu 15.2.0-16ubuntu1) 15.2.0, GNU ld (GNU Binutils for Ubuntu) 2.46) #22-Ubuntu SMP PREEMPT_DYNAMIC Mon May 25 15:54:34 UTC 2026 (Ubuntu 7.0.0-22.22-generic 7.0.0)
2026-07-14T18:47:41.910006-04:00 WarpnixOS kernel: Command line: BOOT_IMAGE=/boot/vmlinuz-7.0.0-22-generic root=UUID=d28f9adf-16f0-4a19-9b08-4f5bead6a937 ro quiet splash
2026-07-14T18:47:41.910010-04:00 WarpnixOS kernel: KERNEL supported cpus:
2026-07-14T18:47:41.910010-04:00 WarpnixOS kernel:   Intel GenuineIntel
2026-07-14T18:47:41.910011-04:00 WarpnixOS kernel:   AMD AuthenticAMD
2026-07-14T18:47:41.910011-04:00 WarpnixOS kernel:   Hygon HygonGenuine
2026-07-14T18:47:41.910011-04:00 WarpnixOS kernel:   Centaur CentaurHauls
2026-07-14T18:47:41.910011-04:00 WarpnixOS kernel:   zhaoxin   Shanghai  
2026-07-14T18:47:41.910013-04:00 WarpnixOS kernel: [Firmware Bug]: TSC doesn't count with P0 frequency!
2026-07-14T18:47:41.910013-04:00 WarpnixOS kernel: BIOS-provided physical RAM map:
2026-07-14T18:47:41.910013-04:00 WarpnixOS kernel: BIOS-e820: [mem 0x0000000000000000-0x000000000009fbff]  System RAM
2026-07-14T18:47:41.910014-04:00 WarpnixOS kernel: BIOS-e820: [mem 0x000000000009fc00-0x000000000009ffff]  device reserved
2026-07-14T18:47:41.910014-04:00 WarpnixOS kernel: BIOS-e820: [gap 0x00000000000a0000-0x00000000000effff]
2026-07-14T18:47:41.910014-04:00 WarpnixOS kernel: BIOS-e820: [mem 0x00000000000f0000-0x00000000000fffff]  device reserved
2026-07-14T18:47:41.910014-04:00 WarpnixOS kernel: BIOS-e820: [mem 0x0000000000100000-0x00000000dffeffff]  System RAM
2026-07-14T18:47:41.910016-04:00 WarpnixOS kernel: BIOS-e820: [mem 0x00000000dfff0000-0x00000000dfffffff]  ACPI data
2026-07-14T18:47:41.910016-04:00 WarpnixOS kernel: BIOS-e820: [gap 0x00000000e0000000-0x00000000febfffff]
2026-07-14T18:47:41.910016-04:00 WarpnixOS kernel: BIOS-e820: [mem 0x00000000fec00000-0x00000000fec00fff]  device reserved
2026-07-14T18:47:41.910016-04:00 WarpnixOS kernel: BIOS-e820: [gap 0x00000000fec01000-0x00000000fedfffff]
2026-07-14T18:47:41.910016-04:00 WarpnixOS kernel: BIOS-e820: [mem 0x00000000fee00000-0x00000000fee00fff]  device reserved
2026-07-14T18:47:41.910018-04:00 WarpnixOS kernel: BIOS-e820: [gap 0x00000000fee01000-0x00000000fffbffff]
2026-07-14T18:47:41.910020-04:00 WarpnixOS kernel: BIOS-e820: [mem 0x00000000fffc0000-0x00000000ffffffff]  device reserved
2026-07-14T18:47:41.910020-04:00 WarpnixOS kernel: BIOS-e820: [mem 0x0000000100000000-0x000000031fffffff]  System RAM
2026-07-14T18:47:41.910020-04:00 WarpnixOS kernel: NX (Execute Disable) protection: active
2026-07-14T18:47:41.910020-04:00 WarpnixOS kernel: APIC: Static calls initialized
2026-07-14T18:47:41.910020-04:00 WarpnixOS kernel: SMBIOS 2.5 present.
2026-07-14T18:47:41.910021-04:00 WarpnixOS kernel: DMI: innotek GmbH VirtualBox/VirtualBox, BIOS VirtualBox 12/01/2006
2026-07-14T18:47:41.910022-04:00 WarpnixOS kernel: DMI: Memory slots populated: 0/0
2026-07-14T18:47:41.910022-04:00 WarpnixOS kernel: Hypervisor detected: KVM
2026-07-14T18:47:41.910023-04:00 WarpnixOS kernel: last_pfn = 0xe0000 max_arch_pfn = 0x400000000
2026-07-14T18:47:41.910023-04:00 WarpnixOS kernel: kvm-clock: Using msrs 4b564d01 and 4b564d00
2026-07-14T18:47:41.910023-04:00 WarpnixOS kernel: kvm-clock: using sched offset of 4036294021 cycles
2026-07-14T18:47:41.910023-04:00 WarpnixOS kernel: clocksource: kvm-clock: mask: 0xffffffffffffffff max_cycles: 0x1cd42e4dffb, max_idle_ns: 881590591483 ns
2026-07-14T18:47:41.910023-04:00 WarpnixOS kernel: tsc: Detected 4192.120 MHz processor
2026-07-14T18:47:41.910025-04:00 WarpnixOS kernel: e820: update [mem 0x00000000-0x00000fff] System RAM ==> device reserved
2026-07-14T18:47:41.910025-04:00 WarpnixOS kernel: e820: remove [mem 0x000a0000-0x000fffff] System RAM
2026-07-14T18:47:41.910025-04:00 WarpnixOS kernel: last_pfn = 0x320000 max_arch_pfn = 0x400000000
2026-07-14T18:47:41.910025-04:00 WarpnixOS kernel: total RAM covered: 12288M
2026-07-14T18:47:41.910026-04:00 WarpnixOS kernel: Found optimal setting for mtrr clean up
2026-07-14T18:47:41.910026-04:00 WarpnixOS kernel:  gran_size: 64K 	chunk_size: 64K 	num_reg: 6  	lose cover RAM: 0G
2026-07-14T18:47:41.910027-04:00 WarpnixOS kernel: MTRR map: 5 entries (3 fixed + 2 variable; max 35), built from 16 variable MTRRs
2026-07-14T18:47:41.910028-04:00 WarpnixOS kernel: x86/PAT: Configuration [0-7]: WB  WC  UC- UC  WB  WP  UC- WT  
2026-07-14T18:47:41.910028-04:00 WarpnixOS kernel: e820: update [mem 0xe0000000-0xffffffff] System RAM ==> device reserved
2026-07-14T18:47:41.910028-04:00 WarpnixOS kernel: last_pfn = 0xe0000 max_arch_pfn = 0x400000000
2026-07-14T18:47:41.910028-04:00 WarpnixOS kernel: found SMP MP-table at [mem 0x0009fbf0-0x0009fbff]
2026-07-14T18:47:41.910028-04:00 WarpnixOS kernel: RAMDISK: [mem 0x1e4f3000-0x2b270fff]
2026-07-14T18:47:41.910030-04:00 WarpnixOS kernel: ACPI: Early table checksum verification disabled
2026-07-14T18:47:41.910030-04:00 WarpnixOS kernel: ACPI: RSDP 0x00000000000E0000 000024 (v02 VBOX  )
2026-07-14T18:47:41.910031-04:00 WarpnixOS kernel: ACPI: XSDT 0x00000000DFFF0030 00003C (v01 VBOX   VBOXXSDT 00000001 ASL  00000061)
2026-07-14T18:47:41.910031-04:00 WarpnixOS kernel: ACPI: FACP 0x00000000DFFF00F0 0000F4 (v04 VBOX   VBOXFACP 00000001 ASL  00000061)
2026-07-14T18:47:41.910031-04:00 WarpnixOS kernel: ACPI: DSDT 0x00000000DFFF0640 002353 (v02 VBOX   VBOXBIOS 00000002 INTL 20230628)
2026-07-14T18:47:41.910031-04:00 WarpnixOS kernel: ACPI: FACS 0x00000000DFFF0200 000040
2026-07-14T18:47:41.910031-04:00 WarpnixOS kernel: ACPI: FACS 0x00000000DFFF0200 000040
2026-07-14T18:47:41.910034-04:00 WarpnixOS kernel: ACPI: APIC 0x00000000DFFF0240 00008C (v02 VBOX   VBOXAPIC 00000001 ASL  00000061)
2026-07-14T18:47:41.910034-04:00 WarpnixOS kernel: ACPI: SSDT 0x00000000DFFF02D0 00036C (v01 VBOX   VBOXCPUT 00000002 INTL 20230628)
2026-07-14T18:47:41.910034-04:00 WarpnixOS kernel: ACPI: Reserving FACP table memory at [mem 0xdfff00f0-0xdfff01e3]
2026-07-14T18:47:41.910034-04:00 WarpnixOS kernel: ACPI: Reserving DSDT table memory at [mem 0xdfff0640-0xdfff2992]
2026-07-14T18:47:41.910034-04:00 WarpnixOS kernel: ACPI: Reserving FACS table memory at [mem 0xdfff0200-0xdfff023f]
2026-07-14T18:47:41.910035-04:00 WarpnixOS kernel: ACPI: Reserving FACS table memory at [mem 0xdfff0200-0xdfff023f]
2026-07-14T18:47:41.910036-04:00 WarpnixOS kernel: ACPI: Reserving APIC table memory at [mem 0xdfff0240-0xdfff02cb]
2026-07-14T18:47:41.910037-04:00 WarpnixOS kernel: ACPI: Reserving SSDT table memory at [mem 0xdfff02d0-0xdfff063b]
2026-07-14T18:47:41.910037-04:00 WarpnixOS kernel: No NUMA configuration found
2026-07-14T18:47:41.910037-04:00 WarpnixOS kernel: Faking a node at [mem 0x0000000000000000-0x000000031fffffff]
2026-07-14T18:47:41.910037-04:00 WarpnixOS kernel: NODE_DATA(0) allocated [mem 0x31ffcd280-0x31fff7fff]
2026-07-14T18:47:41.910037-04:00 WarpnixOS kernel: ACPI: PM-Timer IO Port: 0x4008
2026-07-14T18:47:41.910039-04:00 WarpnixOS kernel: IOAPIC[0]: apic_id 8, version 32, address 0xfec00000, GSI 0-23
2026-07-14T18:47:41.910039-04:00 WarpnixOS kernel: ACPI: INT_SRC_OVR (bus 0 bus_irq 0 global_irq 2 dfl dfl)
2026-07-14T18:47:41.910039-04:00 WarpnixOS kernel: ACPI: INT_SRC_OVR (bus 0 bus_irq 9 global_irq 9 low level)
2026-07-14T18:47:41.910040-04:00 WarpnixOS kernel: ACPI: Using ACPI (MADT) for SMP configuration information
2026-07-14T18:47:41.910040-04:00 WarpnixOS kernel: CPU topo: Max. logical packages:   1
2026-07-14T18:47:41.910040-04:00 WarpnixOS kernel: CPU topo: Max. logical nodes:      1
2026-07-14T18:47:41.910040-04:00 WarpnixOS kernel: CPU topo: Num. nodes per package:  1
2026-07-14T18:47:41.910042-04:00 WarpnixOS kernel: CPU topo: Max. logical dies:       1
2026-07-14T18:47:41.910042-04:00 WarpnixOS kernel: CPU topo: Max. dies per package:   1
2026-07-14T18:47:41.910042-04:00 WarpnixOS kernel: CPU topo: Max. threads per core:   1
2026-07-14T18:47:41.910043-04:00 WarpnixOS kernel: CPU topo: Num. cores per package:     8
2026-07-14T18:47:41.910043-04:00 WarpnixOS kernel: CPU topo: Num. threads per package:   8
2026-07-14T18:47:41.910043-04:00 WarpnixOS kernel: CPU topo: Allowing 8 present CPUs plus 0 hotplug CPUs
2026-07-14T18:47:41.910045-04:00 WarpnixOS kernel: PM: hibernation: Registered nosave memory: [mem 0x00000000-0x00000fff]
2026-07-14T18:47:41.910045-04:00 WarpnixOS kernel: PM: hibernation: Registered nosave memory: [mem 0x0009f000-0x000fffff]
2026-07-14T18:47:41.910046-04:00 WarpnixOS kernel: PM: hibernation: Registered nosave memory: [mem 0xdfff0000-0xffffffff]
2026-07-14T18:47:41.910046-04:00 WarpnixOS kernel: [gap 0xe0000000-0xfebfffff] available for PCI devices
2026-07-14T18:47:41.910046-04:00 WarpnixOS kernel: Booting paravirtualized kernel on KVM
2026-07-14T18:47:41.910046-04:00 WarpnixOS kernel: clocksource: refined-jiffies: mask: 0xffffffff max_cycles: 0xffffffff, max_idle_ns: 1910969940391419 ns
2026-07-14T18:47:41.910048-04:00 WarpnixOS kernel: Zone ranges:
2026-07-14T18:47:41.910048-04:00 WarpnixOS kernel:   DMA      [mem 0x0000000000001000-0x0000000000ffffff]
2026-07-14T18:47:41.910049-04:00 WarpnixOS kernel:   DMA32    [mem 0x0000000001000000-0x00000000ffffffff]
2026-07-14T18:47:41.910049-04:00 WarpnixOS kernel:   Normal   [mem 0x0000000100000000-0x000000031fffffff]
2026-07-14T18:47:41.910049-04:00 WarpnixOS kernel:   Device   empty
2026-07-14T18:47:41.910049-04:00 WarpnixOS kernel: Movable zone start for each node
2026-07-14T18:47:41.910049-04:00 WarpnixOS kernel: Early memory node ranges
2026-07-14T18:47:41.910055-04:00 WarpnixOS kernel:   node   0: [mem 0x0000000000001000-0x000000000009efff]
2026-07-14T18:47:41.910056-04:00 WarpnixOS kernel:   node   0: [mem 0x0000000000100000-0x00000000dffeffff]
2026-07-14T18:47:41.910056-04:00 WarpnixOS kernel:   node   0: [mem 0x0000000100000000-0x000000031fffffff]
2026-07-14T18:47:41.910056-04:00 WarpnixOS kernel: Initmem setup node 0 [mem 0x0000000000001000-0x000000031fffffff]
2026-07-14T18:47:41.910056-04:00 WarpnixOS kernel: On node 0, zone DMA: 1 pages in unavailable ranges
2026-07-14T18:47:41.910056-04:00 WarpnixOS kernel: On node 0, zone DMA: 97 pages in unavailable ranges
2026-07-14T18:47:41.910059-04:00 WarpnixOS kernel: On node 0, zone Normal: 16 pages in unavailable ranges
2026-07-14T18:47:41.910059-04:00 WarpnixOS kernel: setup_percpu: NR_CPUS:8192 nr_cpumask_bits:8 nr_cpu_ids:8 nr_node_ids:1
2026-07-14T18:47:41.910059-04:00 WarpnixOS kernel: percpu: Embedded 85 pages/cpu s225280 r8192 d114688 u524288
2026-07-14T18:47:41.910059-04:00 WarpnixOS kernel: pcpu-alloc: s225280 r8192 d114688 u524288 alloc=1*2097152
2026-07-14T18:47:41.910059-04:00 WarpnixOS kernel: pcpu-alloc: [0] 0 1 2 3 [0] 4 5 6 7 
2026-07-14T18:47:41.910059-04:00 WarpnixOS kernel: kvm-guest: PV spinlocks enabled
2026-07-14T18:47:41.910061-04:00 WarpnixOS kernel: PV qspinlock hash table entries: 256 (order: 0, 4096 bytes, linear)
2026-07-14T18:47:41.910062-04:00 WarpnixOS kernel: Kernel command line: BOOT_IMAGE=/boot/vmlinuz-7.0.0-22-generic root=UUID=d28f9adf-16f0-4a19-9b08-4f5bead6a937 ro quiet splash
2026-07-14T18:47:41.910062-04:00 WarpnixOS kernel: Unknown kernel command line parameters "splash", will be passed to user space.
2026-07-14T18:47:41.910062-04:00 WarpnixOS kernel: random: crng init done
2026-07-14T18:47:41.910062-04:00 WarpnixOS kernel: printk: log buffer data + meta data: 262144 + 1114112 = 1376256 bytes
2026-07-14T18:47:41.910062-04:00 WarpnixOS kernel: Dentry cache hash table entries: 2097152 (order: 12, 16777216 bytes, linear)
2026-07-14T18:47:41.910105-04:00 WarpnixOS kernel: Inode-cache hash table entries: 1048576 (order: 11, 8388608 bytes, linear)
2026-07-14T18:47:41.910110-04:00 WarpnixOS kernel: software IO TLB: area num 8.
2026-07-14T18:47:41.910110-04:00 WarpnixOS kernel: Fallback order for Node 0: 0 
2026-07-14T18:47:41.910110-04:00 WarpnixOS kernel: Built 1 zonelists, mobility grouping on.  Total pages: 3145614
2026-07-14T18:47:41.910110-04:00 WarpnixOS kernel: Policy zone: Normal
2026-07-14T18:47:41.910110-04:00 WarpnixOS kernel: mem auto-init: stack:all(zero), heap alloc:on, heap free:off
2026-07-14T18:47:41.910111-04:00 WarpnixOS kernel: SLUB: HWalign=64, Order=0-3, MinObjects=0, CPUs=8, Nodes=1
2026-07-14T18:47:41.910117-04:00 WarpnixOS kernel: ftrace: allocating 63887 entries in 252 pages
2026-07-14T18:47:41.910117-04:00 WarpnixOS kernel: ftrace: allocated 252 pages with 6 groups
2026-07-14T18:47:41.910117-04:00 WarpnixOS kernel: Dynamic Preempt: lazy
2026-07-14T18:47:41.910118-04:00 WarpnixOS kernel: rcu: Preemptible hierarchical RCU implementation.
2026-07-14T18:47:41.910118-04:00 WarpnixOS kernel: rcu: 	RCU restricting CPUs from NR_CPUS=8192 to nr_cpu_ids=8.
2026-07-14T18:47:41.910118-04:00 WarpnixOS kernel: 	Trampoline variant of Tasks RCU enabled.
2026-07-14T18:47:41.910120-04:00 WarpnixOS kernel: 	Rude variant of Tasks RCU enabled.
2026-07-14T18:47:41.910120-04:00 WarpnixOS kernel: 	Tracing variant of Tasks RCU enabled.
2026-07-14T18:47:41.910120-04:00 WarpnixOS kernel: rcu: RCU calculated value of scheduler-enlistment delay is 100 jiffies.
2026-07-14T18:47:41.910120-04:00 WarpnixOS kernel: rcu: Adjusting geometry for rcu_fanout_leaf=16, nr_cpu_ids=8
2026-07-14T18:47:41.910121-04:00 WarpnixOS kernel: RCU Tasks: Setting shift to 3 and lim to 1 rcu_task_cb_adjust=1 rcu_task_cpu_ids=8.
2026-07-14T18:47:41.910121-04:00 WarpnixOS kernel: RCU Tasks Rude: Setting shift to 3 and lim to 1 rcu_task_cb_adjust=1 rcu_task_cpu_ids=8.
2026-07-14T18:47:41.910121-04:00 WarpnixOS kernel: NR_IRQS: 524544, nr_irqs: 488, preallocated irqs: 16
2026-07-14T18:47:41.910123-04:00 WarpnixOS kernel: rcu: srcu_init: Setting srcu_struct sizes based on contention.
2026-07-14T18:47:41.910123-04:00 WarpnixOS kernel: Console: colour VGA+ 80x25
2026-07-14T18:47:41.910123-04:00 WarpnixOS kernel: printk: legacy console [tty0] enabled
2026-07-14T18:47:41.910123-04:00 WarpnixOS kernel: ACPI: Core revision 20251212
2026-07-14T18:47:41.910124-04:00 WarpnixOS kernel: APIC: Switch to symmetric I/O mode setup
2026-07-14T18:47:41.910124-04:00 WarpnixOS kernel: x2apic enabled
2026-07-14T18:47:41.910125-04:00 WarpnixOS kernel: APIC: Switched APIC routing to: physical x2apic
2026-07-14T18:47:41.910126-04:00 WarpnixOS kernel: ..TIMER: vector=0x30 apic1=0 pin1=2 apic2=-1 pin2=-1
2026-07-14T18:47:41.910126-04:00 WarpnixOS kernel: clocksource: tsc-early: mask: 0xffffffffffffffff max_cycles: 0x3c6d4d0b6d3, max_idle_ns: 440795255641 ns
2026-07-14T18:47:41.910126-04:00 WarpnixOS kernel: Calibrating delay loop (skipped) preset value.. 8384.24 BogoMIPS (lpj=4192120)
2026-07-14T18:47:41.910126-04:00 WarpnixOS kernel: Last level iTLB entries: 4KB 512, 2MB 512, 4MB 256
2026-07-14T18:47:41.910126-04:00 WarpnixOS kernel: Last level dTLB entries: 4KB 3072, 2MB 3072, 4MB 1536, 1GB 0
2026-07-14T18:47:41.910128-04:00 WarpnixOS kernel: mitigations: Enabled attack vectors: user_kernel, user_user, guest_host, guest_guest, SMT mitigations: auto
2026-07-14T18:47:41.910128-04:00 WarpnixOS kernel: Speculative Return Stack Overflow: IBPB-extending microcode not applied!
2026-07-14T18:47:41.910128-04:00 WarpnixOS kernel: Speculative Return Stack Overflow: WARNING: See https://kernel.org/doc/html/latest/admin-guide/hw-vuln/srso.html for mitigation options.
2026-07-14T18:47:41.910129-04:00 WarpnixOS kernel: Transient Scheduler Attacks: Vulnerable: No microcode
2026-07-14T18:47:41.910129-04:00 WarpnixOS kernel: Spectre V2 : Mitigation: Retpolines
2026-07-14T18:47:41.910129-04:00 WarpnixOS kernel: Speculative Return Stack Overflow: Vulnerable: Safe RET, no microcode
2026-07-14T18:47:41.910131-04:00 WarpnixOS kernel: Spectre V1 : Mitigation: usercopy/swapgs barriers and __user pointer sanitization
2026-07-14T18:47:41.910131-04:00 WarpnixOS kernel: Spectre V2 : Spectre v2 / SpectreRSB: Filling RSB on context switch and VMEXIT
2026-07-14T18:47:41.910131-04:00 WarpnixOS kernel: Spectre V2 : mitigation: Enabling conditional Indirect Branch Prediction Barrier
2026-07-14T18:47:41.910131-04:00 WarpnixOS kernel: active return thunk: srso_alias_return_thunk
2026-07-14T18:47:41.910131-04:00 WarpnixOS kernel: x86/fpu: Supporting XSAVE feature 0x001: 'x87 floating point registers'
2026-07-14T18:47:41.910132-04:00 WarpnixOS kernel: x86/fpu: Supporting XSAVE feature 0x002: 'SSE registers'
2026-07-14T18:47:41.910132-04:00 WarpnixOS kernel: x86/fpu: Supporting XSAVE feature 0x004: 'AVX registers'
2026-07-14T18:47:41.910133-04:00 WarpnixOS kernel: x86/fpu: xstate_offset[2]:  576, xstate_sizes[2]:  256
2026-07-14T18:47:41.910134-04:00 WarpnixOS kernel: x86/fpu: Enabled xstate features 0x7, context size is 832 bytes, using 'standard' format.
2026-07-14T18:47:41.910134-04:00 WarpnixOS kernel: Freeing SMP alternatives memory: 56K
2026-07-14T18:47:41.910134-04:00 WarpnixOS kernel: pid_max: default: 32768 minimum: 301
2026-07-14T18:47:41.910134-04:00 WarpnixOS kernel: landlock: Up and running.
2026-07-14T18:47:41.910134-04:00 WarpnixOS kernel: Yama: becoming mindful.
2026-07-14T18:47:41.910136-04:00 WarpnixOS kernel: AppArmor: AppArmor initialized
2026-07-14T18:47:41.910136-04:00 WarpnixOS kernel: AppArmor: AppArmor secmark mediation reserved: ready to be enabled
2026-07-14T18:47:41.910136-04:00 WarpnixOS kernel: Mount-cache hash table entries: 32768 (order: 6, 262144 bytes, linear)
2026-07-14T18:47:41.910136-04:00 WarpnixOS kernel: Mountpoint-cache hash table entries: 32768 (order: 6, 262144 bytes, linear)
2026-07-14T18:47:41.910137-04:00 WarpnixOS kernel: VFS: Finished mounting rootfs on nullfs
2026-07-14T18:47:41.910137-04:00 WarpnixOS kernel: APIC calibration not consistent with PM-Timer: 114ms instead of 100ms
2026-07-14T18:47:41.910137-04:00 WarpnixOS kernel: APIC delta adjusted to PM-Timer: 6291939 (7214442)
2026-07-14T18:47:41.910139-04:00 WarpnixOS kernel: smpboot: CPU0: AMD Ryzen 7 7800X3D 8-Core Processor (family: 0x19, model: 0x61, stepping: 0x2)
2026-07-14T18:47:41.910139-04:00 WarpnixOS kernel: Performance Events: PMU not available due to virtualization, using software events only.
2026-07-14T18:47:41.910139-04:00 WarpnixOS kernel: signal: max sigframe size: 1776
2026-07-14T18:47:41.910139-04:00 WarpnixOS kernel: rcu: Hierarchical SRCU implementation.
2026-07-14T18:47:41.910139-04:00 WarpnixOS kernel: rcu: 	Max phase no-delay instances is 400.
2026-07-14T18:47:41.910140-04:00 WarpnixOS kernel: Timer migration: 1 hierarchy levels; 8 children per group; 1 crossnode level
2026-07-14T18:47:41.910142-04:00 WarpnixOS kernel: NMI watchdog: Perf NMI watchdog permanently disabled
2026-07-14T18:47:41.910143-04:00 WarpnixOS kernel: smp: Bringing up secondary CPUs ...
2026-07-14T18:47:41.910143-04:00 WarpnixOS kernel: smpboot: x86: Booting SMP configuration:
2026-07-14T18:47:41.910143-04:00 WarpnixOS kernel: .... node  #0, CPUs:      #1 #2 #3 #4 #5 #6 #7
2026-07-14T18:47:41.910143-04:00 WarpnixOS kernel: smp: Brought up 1 node, 8 CPUs
2026-07-14T18:47:41.910143-04:00 WarpnixOS kernel: smpboot: Total of 8 processors activated (67073.92 BogoMIPS)
2026-07-14T18:47:41.910145-04:00 WarpnixOS kernel: Memory: 9949632K/12582456K available (23771K kernel code, 4949K rwdata, 16748K rodata, 5292K init, 5860K bss, 2623332K reserved, 0K cma-reserved)
2026-07-14T18:47:41.910145-04:00 WarpnixOS kernel: devtmpfs: initialized
2026-07-14T18:47:41.910146-04:00 WarpnixOS kernel: x86/mm: Memory block size: 128MB
2026-07-14T18:47:41.910146-04:00 WarpnixOS kernel: clocksource: jiffies: mask: 0xffffffff max_cycles: 0xffffffff, max_idle_ns: 1911260446275000 ns
2026-07-14T18:47:41.910146-04:00 WarpnixOS kernel: posixtimers hash table entries: 4096 (order: 4, 65536 bytes, linear)
2026-07-14T18:47:41.910146-04:00 WarpnixOS kernel: futex hash table entries: 2048 (131072 bytes on 1 NUMA nodes, total 128 KiB, linear).
2026-07-14T18:47:41.910146-04:00 WarpnixOS kernel: PM: RTC time: 22:47:34, date: 2026-07-14
2026-07-14T18:47:41.910148-04:00 WarpnixOS kernel: NET: Registered PF_NETLINK/PF_ROUTE protocol family
2026-07-14T18:47:41.910148-04:00 WarpnixOS kernel: DMA: preallocated 2048 KiB GFP_KERNEL pool for atomic allocations
2026-07-14T18:47:41.910148-04:00 WarpnixOS kernel: DMA: preallocated 2048 KiB GFP_KERNEL|GFP_DMA pool for atomic allocations
2026-07-14T18:47:41.910149-04:00 WarpnixOS kernel: DMA: preallocated 2048 KiB GFP_KERNEL|GFP_DMA32 pool for atomic allocations
2026-07-14T18:47:41.910149-04:00 WarpnixOS kernel: audit: initializing netlink subsys (disabled)
2026-07-14T18:47:41.910149-04:00 WarpnixOS kernel: audit: type=2000 audit(1784069259.925:1): state=initialized audit_enabled=0 res=1
2026-07-14T18:47:41.910150-04:00 WarpnixOS kernel: thermal_sys: Registered thermal governor 'fair_share'
2026-07-14T18:47:41.910151-04:00 WarpnixOS kernel: thermal_sys: Registered thermal governor 'bang_bang'
2026-07-14T18:47:41.910151-04:00 WarpnixOS kernel: thermal_sys: Registered thermal governor 'step_wise'
2026-07-14T18:47:41.910151-04:00 WarpnixOS kernel: thermal_sys: Registered thermal governor 'user_space'
2026-07-14T18:47:41.910151-04:00 WarpnixOS kernel: thermal_sys: Registered thermal governor 'power_allocator'
2026-07-14T18:47:41.910151-04:00 WarpnixOS kernel: cpuidle: using governor ladder
2026-07-14T18:47:41.910153-04:00 WarpnixOS kernel: cpuidle: using governor menu
2026-07-14T18:47:41.910153-04:00 WarpnixOS kernel: acpiphp: ACPI Hot Plug PCI Controller Driver version: 0.5
2026-07-14T18:47:41.910154-04:00 WarpnixOS kernel: PCI: Using configuration type 1 for base access
2026-07-14T18:47:41.910154-04:00 WarpnixOS kernel: PCI: Using configuration type 1 for extended access
2026-07-14T18:47:41.910154-04:00 WarpnixOS kernel: kprobes: kprobe jump-optimization is enabled. All kprobes are optimized if possible.
2026-07-14T18:47:41.910154-04:00 WarpnixOS kernel: HugeTLB: registered 2.00 MiB page size, pre-allocated 0 pages
2026-07-14T18:47:41.910154-04:00 WarpnixOS kernel: HugeTLB: 28 KiB vmemmap can be freed for a 2.00 MiB page
2026-07-14T18:47:41.910160-04:00 WarpnixOS kernel: ACPI: Added _OSI(Module Device)
2026-07-14T18:47:41.910160-04:00 WarpnixOS kernel: ACPI: Added _OSI(Processor Device)
2026-07-14T18:47:41.910160-04:00 WarpnixOS kernel: ACPI: Added _OSI(Processor Aggregator Device)
2026-07-14T18:47:41.910160-04:00 WarpnixOS kernel: ACPI: 2 ACPI AML tables successfully acquired and loaded
2026-07-14T18:47:41.910161-04:00 WarpnixOS kernel: ACPI: \_SB_: platform _OSC: OS support mask [006e7eff]
2026-07-14T18:47:41.910161-04:00 WarpnixOS kernel: ACPI: Interpreter enabled
2026-07-14T18:47:41.910164-04:00 WarpnixOS kernel: ACPI: PM: (supports S0 S5)
2026-07-14T18:47:41.910165-04:00 WarpnixOS kernel: ACPI: Using IOAPIC for interrupt routing
2026-07-14T18:47:41.910165-04:00 WarpnixOS kernel: PCI: Using host bridge windows from ACPI; if necessary, use "pci=nocrs" and report a bug
2026-07-14T18:47:41.910165-04:00 WarpnixOS kernel: PCI: Using E820 reservations for host bridge windows
2026-07-14T18:47:41.910165-04:00 WarpnixOS kernel: ACPI: Enabled 2 GPEs in block 00 to 07
2026-07-14T18:47:41.910165-04:00 WarpnixOS kernel: ACPI: PCI Root Bridge [PCI0] (domain 0000 [bus 00-ff])
2026-07-14T18:47:41.910212-04:00 WarpnixOS kernel: acpi PNP0A03:00: _OSC: OS supports [ExtendedConfig ASPM ClockPM Segments MSI EDR HPX-Type3]
2026-07-14T18:47:41.910215-04:00 WarpnixOS kernel: acpi PNP0A03:00: _OSC: platform does not support [PCIeCapability LTR DPC]
2026-07-14T18:47:41.910215-04:00 WarpnixOS kernel: acpi PNP0A03:00: _OSC: not requesting control; platform does not support [PCIeCapability]
2026-07-14T18:47:41.910216-04:00 WarpnixOS kernel: acpi PNP0A03:00: _OSC: OS requested [PCIeHotplug SHPCHotplug PME AER PCIeCapability LTR DPC]
2026-07-14T18:47:41.910216-04:00 WarpnixOS kernel: acpi PNP0A03:00: _OSC: platform willing to grant [PCIeHotplug SHPCHotplug PME AER]
2026-07-14T18:47:41.910216-04:00 WarpnixOS kernel: acpi PNP0A03:00: _OSC: platform retains control of PCIe features (AE_SUPPORT)
2026-07-14T18:47:41.910216-04:00 WarpnixOS kernel: PCI host bridge to bus 0000:00
2026-07-14T18:47:41.910219-04:00 WarpnixOS kernel: pci_bus 0000:00: root bus resource [io  0x0000-0x0cf7 window]
2026-07-14T18:47:41.910219-04:00 WarpnixOS kernel: pci_bus 0000:00: root bus resource [io  0x0d00-0xffff window]
2026-07-14T18:47:41.910220-04:00 WarpnixOS kernel: pci_bus 0000:00: root bus resource [mem 0x000a0000-0x000bffff window]
2026-07-14T18:47:41.910220-04:00 WarpnixOS kernel: pci_bus 0000:00: root bus resource [mem 0xe0000000-0xfdffffff window]
2026-07-14T18:47:41.910221-04:00 WarpnixOS kernel: pci_bus 0000:00: root bus resource [bus 00-ff]
2026-07-14T18:47:41.910221-04:00 WarpnixOS kernel: pci 0000:00:00.0: [8086:1237] type 00 class 0x060000 conventional PCI endpoint
2026-07-14T18:47:41.910226-04:00 WarpnixOS kernel: pci 0000:00:01.0: [8086:7000] type 00 class 0x060100 conventional PCI endpoint
2026-07-14T18:47:41.910227-04:00 WarpnixOS kernel: pci 0000:00:01.1: [8086:7111] type 00 class 0x01018a conventional PCI endpoint
2026-07-14T18:47:41.910227-04:00 WarpnixOS kernel: pci 0000:00:01.1: BAR 4 [io  0xd000-0xd00f]
2026-07-14T18:47:41.910228-04:00 WarpnixOS kernel: pci 0000:00:01.1: BAR 0 [io  0x01f0-0x01f7]: legacy IDE quirk
2026-07-14T18:47:41.910228-04:00 WarpnixOS kernel: pci 0000:00:01.1: BAR 1 [io  0x03f6]: legacy IDE quirk
2026-07-14T18:47:41.910228-04:00 WarpnixOS kernel: pci 0000:00:01.1: BAR 2 [io  0x0170-0x0177]: legacy IDE quirk
2026-07-14T18:47:41.910229-04:00 WarpnixOS kernel: pci 0000:00:01.1: BAR 3 [io  0x0376]: legacy IDE quirk
2026-07-14T18:47:41.910232-04:00 WarpnixOS kernel: pci 0000:00:02.0: [15ad:0405] type 00 class 0x030000 conventional PCI endpoint
2026-07-14T18:47:41.910233-04:00 WarpnixOS kernel: pci 0000:00:02.0: BAR 0 [io  0xd010-0xd01f]
2026-07-14T18:47:41.910233-04:00 WarpnixOS kernel: pci 0000:00:02.0: BAR 1 [mem 0xe0000000-0xe7ffffff pref]
2026-07-14T18:47:41.910233-04:00 WarpnixOS kernel: pci 0000:00:02.0: BAR 2 [mem 0xf0000000-0xf01fffff]
2026-07-14T18:47:41.910233-04:00 WarpnixOS kernel: pci 0000:00:02.0: Video device with shadowed ROM at [mem 0x000c0000-0x000dffff]
2026-07-14T18:47:41.910233-04:00 WarpnixOS kernel: pci 0000:00:03.0: [8086:100e] type 00 class 0x020000 conventional PCI endpoint
2026-07-14T18:47:41.910241-04:00 WarpnixOS kernel: pci 0000:00:03.0: BAR 0 [mem 0xf0200000-0xf021ffff]
2026-07-14T18:47:41.910241-04:00 WarpnixOS kernel: pci 0000:00:03.0: BAR 2 [io  0xd020-0xd027]
2026-07-14T18:47:41.910241-04:00 WarpnixOS kernel: pci 0000:00:04.0: [80ee:cafe] type 00 class 0x088000 conventional PCI endpoint
2026-07-14T18:47:41.910242-04:00 WarpnixOS kernel: pci 0000:00:04.0: BAR 0 [io  0xd040-0xd05f]
2026-07-14T18:47:41.910242-04:00 WarpnixOS kernel: pci 0000:00:04.0: BAR 1 [mem 0xf0400000-0xf07fffff]
2026-07-14T18:47:41.910242-04:00 WarpnixOS kernel: pci 0000:00:04.0: BAR 2 [mem 0xf0800000-0xf0803fff pref]
2026-07-14T18:47:41.910242-04:00 WarpnixOS kernel: pci 0000:00:05.0: [8086:2415] type 00 class 0x040100 conventional PCI endpoint
2026-07-14T18:47:41.910245-04:00 WarpnixOS kernel: pci 0000:00:05.0: BAR 0 [io  0xd100-0xd1ff]
2026-07-14T18:47:41.910245-04:00 WarpnixOS kernel: pci 0000:00:05.0: BAR 1 [io  0xd200-0xd23f]
2026-07-14T18:47:41.910246-04:00 WarpnixOS kernel: pci 0000:00:06.0: [106b:003f] type 00 class 0x0c0310 conventional PCI endpoint
2026-07-14T18:47:41.910246-04:00 WarpnixOS kernel: pci 0000:00:06.0: BAR 0 [mem 0xf0804000-0xf0804fff]
2026-07-14T18:47:41.910246-04:00 WarpnixOS kernel: pci 0000:00:07.0: [8086:7113] type 00 class 0x068000 conventional PCI endpoint
2026-07-14T18:47:41.910246-04:00 WarpnixOS kernel: pci 0000:00:07.0: quirk: [io  0x4000-0x403f] claimed by PIIX4 ACPI
2026-07-14T18:47:41.910249-04:00 WarpnixOS kernel: pci 0000:00:07.0: quirk: [io  0x4100-0x410f] claimed by PIIX4 SMB
2026-07-14T18:47:41.910249-04:00 WarpnixOS kernel: pci 0000:00:0b.0: [8086:265c] type 00 class 0x0c0320 conventional PCI endpoint
2026-07-14T18:47:41.910250-04:00 WarpnixOS kernel: pci 0000:00:0b.0: BAR 0 [mem 0xf0805000-0xf0805fff]
2026-07-14T18:47:41.910250-04:00 WarpnixOS kernel: pci 0000:00:0d.0: [8086:2829] type 00 class 0x010601 conventional PCI endpoint
2026-07-14T18:47:41.910250-04:00 WarpnixOS kernel: pci 0000:00:0d.0: BAR 0 [io  0xd240-0xd247]
2026-07-14T18:47:41.910250-04:00 WarpnixOS kernel: pci 0000:00:0d.0: BAR 1 [io  0xd248-0xd24b]
2026-07-14T18:47:41.910253-04:00 WarpnixOS kernel: pci 0000:00:0d.0: BAR 2 [io  0xd250-0xd257]
2026-07-14T18:47:41.910253-04:00 WarpnixOS kernel: pci 0000:00:0d.0: BAR 3 [io  0xd258-0xd25b]
2026-07-14T18:47:41.910254-04:00 WarpnixOS kernel: pci 0000:00:0d.0: BAR 4 [io  0xd260-0xd26f]
2026-07-14T18:47:41.910254-04:00 WarpnixOS kernel: pci 0000:00:0d.0: BAR 5 [mem 0xf0806000-0xf0807fff]
2026-07-14T18:47:41.910254-04:00 WarpnixOS kernel: ACPI: PCI: Interrupt link LNKA configured for IRQ 11
2026-07-14T18:47:41.910254-04:00 WarpnixOS kernel: ACPI: PCI: Interrupt link LNKB configured for IRQ 10
2026-07-14T18:47:41.910254-04:00 WarpnixOS kernel: ACPI: PCI: Interrupt link LNKC configured for IRQ 9
2026-07-14T18:47:41.910257-04:00 WarpnixOS kernel: ACPI: PCI: Interrupt link LNKD configured for IRQ 11
2026-07-14T18:47:41.910258-04:00 WarpnixOS kernel: iommu: Default domain type: Translated
2026-07-14T18:47:41.910258-04:00 WarpnixOS kernel: iommu: DMA domain TLB invalidation policy: lazy mode
2026-07-14T18:47:41.910258-04:00 WarpnixOS kernel: SCSI subsystem initialized
2026-07-14T18:47:41.910258-04:00 WarpnixOS kernel: libata version 3.00 loaded.
2026-07-14T18:47:41.910258-04:00 WarpnixOS kernel: ACPI: bus type USB registered
2026-07-14T18:47:41.910261-04:00 WarpnixOS kernel: usbcore: registered new interface driver usbfs
2026-07-14T18:47:41.910262-04:00 WarpnixOS kernel: usbcore: registered new interface driver hub
2026-07-14T18:47:41.910262-04:00 WarpnixOS kernel: usbcore: registered new device driver usb
2026-07-14T18:47:41.910262-04:00 WarpnixOS kernel: pps_core: LinuxPPS API ver. 1 registered
2026-07-14T18:47:41.910262-04:00 WarpnixOS kernel: pps_core: Software ver. 5.3.6 - Copyright 2005-2007 Rodolfo Giometti <giometti@linux.it>
2026-07-14T18:47:41.910262-04:00 WarpnixOS kernel: PTP clock support registered
2026-07-14T18:47:41.910262-04:00 WarpnixOS kernel: EDAC MC: Ver: 3.0.0
2026-07-14T18:47:41.910266-04:00 WarpnixOS kernel: NetLabel: Initializing
2026-07-14T18:47:41.910266-04:00 WarpnixOS kernel: NetLabel:  domain hash size = 128
2026-07-14T18:47:41.910266-04:00 WarpnixOS kernel: NetLabel:  protocols = UNLABELED CIPSOv4 CALIPSO
2026-07-14T18:47:41.910266-04:00 WarpnixOS kernel: NetLabel:  unlabeled traffic allowed by default
2026-07-14T18:47:41.910266-04:00 WarpnixOS kernel: mctp: management component transport protocol core
2026-07-14T18:47:41.910266-04:00 WarpnixOS kernel: NET: Registered PF_MCTP protocol family
2026-07-14T18:47:41.910269-04:00 WarpnixOS kernel: PCI: Using ACPI for IRQ routing
2026-07-14T18:47:41.910270-04:00 WarpnixOS kernel: PCI: pci_cache_line_size set to 64 bytes
2026-07-14T18:47:41.910270-04:00 WarpnixOS kernel: e820: register RAM buffer resource [mem 0x0009fc00-0x0009ffff]
2026-07-14T18:47:41.910270-04:00 WarpnixOS kernel: e820: register RAM buffer resource [mem 0xdfff0000-0xdfffffff]
2026-07-14T18:47:41.910270-04:00 WarpnixOS kernel: pci 0000:00:02.0: vgaarb: setting as boot VGA device
2026-07-14T18:47:41.910270-04:00 WarpnixOS kernel: pci 0000:00:02.0: vgaarb: bridge control possible
2026-07-14T18:47:41.910273-04:00 WarpnixOS kernel: pci 0000:00:02.0: vgaarb: VGA device added: decodes=io+mem,owns=io+mem,locks=none
2026-07-14T18:47:41.910274-04:00 WarpnixOS kernel: vgaarb: loaded
2026-07-14T18:47:41.910274-04:00 WarpnixOS kernel: clocksource: Switched to clocksource kvm-clock
2026-07-14T18:47:41.910274-04:00 WarpnixOS kernel: VFS: Disk quotas dquot_6.6.0
2026-07-14T18:47:41.910274-04:00 WarpnixOS kernel: VFS: Dquot-cache hash table entries: 512 (order 0, 4096 bytes)
2026-07-14T18:47:41.910274-04:00 WarpnixOS kernel: AppArmor: AppArmor Filesystem Enabled
2026-07-14T18:47:41.910275-04:00 WarpnixOS kernel: pnp: PnP ACPI init
2026-07-14T18:47:41.910278-04:00 WarpnixOS kernel: pnp: PnP ACPI: found 2 devices
2026-07-14T18:47:41.910278-04:00 WarpnixOS kernel: clocksource: acpi_pm: mask: 0xffffff max_cycles: 0xffffff, max_idle_ns: 2085701024 ns
2026-07-14T18:47:41.910278-04:00 WarpnixOS kernel: NET: Registered PF_INET protocol family
2026-07-14T18:47:41.910278-04:00 WarpnixOS kernel: IP idents hash table entries: 262144 (order: 9, 2097152 bytes, linear)
2026-07-14T18:47:41.910278-04:00 WarpnixOS kernel: tcp_listen_portaddr_hash hash table entries: 8192 (order: 5, 131072 bytes, linear)
2026-07-14T18:47:41.910278-04:00 WarpnixOS kernel: Table-perturb hash table entries: 65536 (order: 6, 262144 bytes, linear)
2026-07-14T18:47:41.910284-04:00 WarpnixOS kernel: TCP established hash table entries: 131072 (order: 8, 1048576 bytes, linear)
2026-07-14T18:47:41.910284-04:00 WarpnixOS kernel: TCP bind hash table entries: 65536 (order: 9, 2097152 bytes, linear)
2026-07-14T18:47:41.910284-04:00 WarpnixOS kernel: TCP: Hash tables configured (established 131072 bind 65536)
2026-07-14T18:47:41.910284-04:00 WarpnixOS kernel: MPTCP token hash table entries: 16384 (order: 7, 393216 bytes, linear)
2026-07-14T18:47:41.910285-04:00 WarpnixOS kernel: UDP hash table entries: 8192 (order: 7, 524288 bytes, linear)
2026-07-14T18:47:41.910285-04:00 WarpnixOS kernel: UDP-Lite hash table entries: 8192 (order: 7, 524288 bytes, linear)
2026-07-14T18:47:41.910285-04:00 WarpnixOS kernel: NET: Registered PF_UNIX/PF_LOCAL protocol family
2026-07-14T18:47:41.910288-04:00 WarpnixOS kernel: NET: Registered PF_XDP protocol family
2026-07-14T18:47:41.910288-04:00 WarpnixOS kernel: pci_bus 0000:00: resource 4 [io  0x0000-0x0cf7 window]
2026-07-14T18:47:41.910289-04:00 WarpnixOS kernel: pci_bus 0000:00: resource 5 [io  0x0d00-0xffff window]
2026-07-14T18:47:41.910289-04:00 WarpnixOS kernel: pci_bus 0000:00: resource 6 [mem 0x000a0000-0x000bffff window]
2026-07-14T18:47:41.910289-04:00 WarpnixOS kernel: pci_bus 0000:00: resource 7 [mem 0xe0000000-0xfdffffff window]
2026-07-14T18:47:41.910289-04:00 WarpnixOS kernel: pci 0000:00:00.0: Limiting direct PCI/PCI transfers
2026-07-14T18:47:41.910292-04:00 WarpnixOS kernel: PCI: CLS 0 bytes, default 64
2026-07-14T18:47:41.910292-04:00 WarpnixOS kernel: PCI-DMA: Using software bounce buffering for IO (SWIOTLB)
2026-07-14T18:47:41.910292-04:00 WarpnixOS kernel: software IO TLB: mapped [mem 0x00000000dbff0000-0x00000000dfff0000] (64MB)
2026-07-14T18:47:41.910293-04:00 WarpnixOS kernel: clocksource: tsc: mask: 0xffffffffffffffff max_cycles: 0x3c6d4d0b6d3, max_idle_ns: 440795255641 ns
2026-07-14T18:47:41.910293-04:00 WarpnixOS kernel: Trying to unpack rootfs image as initramfs...
2026-07-14T18:47:41.910293-04:00 WarpnixOS kernel: clocksource: Switched to clocksource tsc
2026-07-14T18:47:41.910345-04:00 WarpnixOS kernel: platform rtc_cmos: registered platform RTC device (no PNP device found)
2026-07-14T18:47:41.910345-04:00 WarpnixOS kernel: Initialise system trusted keyrings
2026-07-14T18:47:41.910345-04:00 WarpnixOS kernel: Key type blacklist registered
2026-07-14T18:47:41.910345-04:00 WarpnixOS kernel: workingset: timestamp_bits=36 max_order=22 bucket_order=0
2026-07-14T18:47:41.910345-04:00 WarpnixOS kernel: squashfs: version 4.0 (2009/01/31) Phillip Lougher
2026-07-14T18:47:41.910346-04:00 WarpnixOS kernel: fuse: init (API version 7.45)
2026-07-14T18:47:41.910346-04:00 WarpnixOS kernel: integrity: Platform Keyring initialized
2026-07-14T18:47:41.910349-04:00 WarpnixOS kernel: integrity: Machine keyring initialized
2026-07-14T18:47:41.910349-04:00 WarpnixOS kernel: Key type asymmetric registered
2026-07-14T18:47:41.910349-04:00 WarpnixOS kernel: Asymmetric key parser 'x509' registered
2026-07-14T18:47:41.910349-04:00 WarpnixOS kernel: Block layer SCSI generic (bsg) driver version 0.4 loaded (major 242)
2026-07-14T18:47:41.910350-04:00 WarpnixOS kernel: io scheduler mq-deadline registered
2026-07-14T18:47:41.910350-04:00 WarpnixOS kernel: ledtrig-cpu: registered to indicate activity on CPUs
2026-07-14T18:47:41.910353-04:00 WarpnixOS kernel: ACPI: AC: AC Adapter [AC] (on-line)
2026-07-14T18:47:41.910353-04:00 WarpnixOS kernel: input: Power Button as /devices/platform/LNXPWRBN:00/input/input0
2026-07-14T18:47:41.910353-04:00 WarpnixOS kernel: ACPI: button: Power Button [PWRF]
2026-07-14T18:47:41.910353-04:00 WarpnixOS kernel: input: Sleep Button as /devices/platform/LNXSLPBN:00/input/input1
2026-07-14T18:47:41.910354-04:00 WarpnixOS kernel: ACPI: button: Sleep Button [SLPF]
2026-07-14T18:47:41.910354-04:00 WarpnixOS kernel: Serial: 8250/16550 driver, 32 ports, IRQ sharing enabled
2026-07-14T18:47:41.910354-04:00 WarpnixOS kernel: Linux agpgart interface v0.103
2026-07-14T18:47:41.910383-04:00 WarpnixOS kernel: loop: module loaded
2026-07-14T18:47:41.910384-04:00 WarpnixOS kernel: scsi host0: ata_piix
2026-07-14T18:47:41.910384-04:00 WarpnixOS kernel: scsi host1: ata_piix
2026-07-14T18:47:41.910384-04:00 WarpnixOS kernel: ata1: PATA max UDMA/33 cmd 0x1f0 ctl 0x3f6 bmdma 0xd000 irq 14 lpm-pol 0
2026-07-14T18:47:41.910384-04:00 WarpnixOS kernel: ata2: PATA max UDMA/33 cmd 0x170 ctl 0x376 bmdma 0xd008 irq 15 lpm-pol 0
2026-07-14T18:47:41.910385-04:00 WarpnixOS kernel: ACPI: bus type drm_connector registered
2026-07-14T18:47:41.910388-04:00 WarpnixOS kernel: tun: Universal TUN/TAP device driver, 1.6
2026-07-14T18:47:41.910390-04:00 WarpnixOS kernel: PPP generic driver version 2.4.2
2026-07-14T18:47:41.910391-04:00 WarpnixOS kernel: ohci-pci 0000:00:06.0: OHCI PCI host controller
2026-07-14T18:47:41.910391-04:00 WarpnixOS kernel: ohci-pci 0000:00:06.0: new USB bus registered, assigned bus number 1
2026-07-14T18:47:41.910391-04:00 WarpnixOS kernel: ohci-pci 0000:00:06.0: irq 22, io mem 0xf0804000
2026-07-14T18:47:41.910391-04:00 WarpnixOS kernel: usb usb1: New USB device found, idVendor=1d6b, idProduct=0001, bcdDevice= 7.00
2026-07-14T18:47:41.910394-04:00 WarpnixOS kernel: usb usb1: New USB device strings: Mfr=3, Product=2, SerialNumber=1
2026-07-14T18:47:41.910395-04:00 WarpnixOS kernel: usb usb1: Product: OHCI PCI host controller
2026-07-14T18:47:41.910395-04:00 WarpnixOS kernel: usb usb1: Manufacturer: Linux 7.0.0-22-generic ohci_hcd
2026-07-14T18:47:41.910395-04:00 WarpnixOS kernel: usb usb1: SerialNumber: 0000:00:06.0
2026-07-14T18:47:41.910395-04:00 WarpnixOS kernel: hub 1-0:1.0: USB hub found
2026-07-14T18:47:41.910395-04:00 WarpnixOS kernel: hub 1-0:1.0: 12 ports detected
2026-07-14T18:47:41.910396-04:00 WarpnixOS kernel: ehci-pci 0000:00:0b.0: EHCI Host Controller
2026-07-14T18:47:41.910399-04:00 WarpnixOS kernel: ehci-pci 0000:00:0b.0: new USB bus registered, assigned bus number 2
2026-07-14T18:47:41.910400-04:00 WarpnixOS kernel: i8042: PNP: PS/2 Controller [PNP0303:PS2K,PNP0f03:PS2M] at 0x60,0x64 irq 1,12
2026-07-14T18:47:41.910400-04:00 WarpnixOS kernel: ehci-pci 0000:00:0b.0: irq 19, io mem 0xf0805000
2026-07-14T18:47:41.910400-04:00 WarpnixOS kernel: serio: i8042 KBD port at 0x60,0x64 irq 1
2026-07-14T18:47:41.910400-04:00 WarpnixOS kernel: serio: i8042 AUX port at 0x60,0x64 irq 12
2026-07-14T18:47:41.910400-04:00 WarpnixOS kernel: mousedev: PS/2 mouse device common for all mice
2026-07-14T18:47:41.910404-04:00 WarpnixOS kernel: rtc_cmos rtc_cmos: registered as rtc0
2026-07-14T18:47:41.910404-04:00 WarpnixOS kernel: rtc_cmos rtc_cmos: setting system clock to 2026-07-14T22:47:34 UTC (1784069254)
2026-07-14T18:47:41.910404-04:00 WarpnixOS kernel: input: AT Translated Set 2 keyboard as /devices/platform/i8042/serio0/input/input2
2026-07-14T18:47:41.910404-04:00 WarpnixOS kernel: rtc_cmos rtc_cmos: alarms up to one day, 114 bytes nvram
2026-07-14T18:47:41.910404-04:00 WarpnixOS kernel: i2c_dev: i2c /dev entries driver
2026-07-14T18:47:41.910405-04:00 WarpnixOS kernel: device-mapper: core: CONFIG_IMA_DISABLE_HTABLE is disabled. Duplicate IMA measurements will not be recorded in the IMA log.
2026-07-14T18:47:41.910409-04:00 WarpnixOS kernel: device-mapper: uevent: version 1.0.3
2026-07-14T18:47:41.910409-04:00 WarpnixOS kernel: device-mapper: ioctl: 4.50.0-ioctl (2025-04-28) initialised: dm-devel@lists.linux.dev
2026-07-14T18:47:41.910410-04:00 WarpnixOS kernel: amd_pstate: The CPPC feature is supported but currently disabled by the BIOS.
2026-07-14T18:47:41.910410-04:00 WarpnixOS kernel: Please enable it if your BIOS has the CPPC option.
2026-07-14T18:47:41.910410-04:00 WarpnixOS kernel: amd_pstate: the _CPC object is not present in SBIOS or ACPI disabled
2026-07-14T18:47:41.910410-04:00 WarpnixOS kernel: drop_monitor: Initializing network drop monitor service
2026-07-14T18:47:41.910410-04:00 WarpnixOS kernel: NET: Registered PF_INET6 protocol family
2026-07-14T18:47:41.910413-04:00 WarpnixOS kernel: Segment Routing with IPv6
2026-07-14T18:47:41.910414-04:00 WarpnixOS kernel: In-situ OAM (IOAM) with IPv6
2026-07-14T18:47:41.910414-04:00 WarpnixOS kernel: NET: Registered PF_PACKET protocol family
2026-07-14T18:47:41.910414-04:00 WarpnixOS kernel: Key type dns_resolver registered
2026-07-14T18:47:41.910414-04:00 WarpnixOS kernel: ehci-pci 0000:00:0b.0: USB 2.0 started, EHCI 1.00
2026-07-14T18:47:41.910414-04:00 WarpnixOS kernel: usb usb2: New USB device found, idVendor=1d6b, idProduct=0002, bcdDevice= 7.00
2026-07-14T18:47:41.910422-04:00 WarpnixOS kernel: usb usb2: New USB device strings: Mfr=3, Product=2, SerialNumber=1
2026-07-14T18:47:41.910492-04:00 WarpnixOS kernel: usb usb2: Product: EHCI Host Controller
2026-07-14T18:47:41.910494-04:00 WarpnixOS kernel: usb usb2: Manufacturer: Linux 7.0.0-22-generic ehci_hcd
2026-07-14T18:47:41.910494-04:00 WarpnixOS kernel: usb usb2: SerialNumber: 0000:00:0b.0
2026-07-14T18:47:41.910495-04:00 WarpnixOS kernel: hub 2-0:1.0: USB hub found
2026-07-14T18:47:41.910495-04:00 WarpnixOS kernel: hub 2-0:1.0: 12 ports detected
2026-07-14T18:47:41.910506-04:00 WarpnixOS kernel: IPI shorthand broadcast: enabled
2026-07-14T18:47:41.910510-04:00 WarpnixOS kernel: sched_clock: Marking stable (623020281, 11321175)->(646968470, -12627014)
2026-07-14T18:47:41.910510-04:00 WarpnixOS kernel: Freeing initrd memory: 210424K
2026-07-14T18:47:41.910510-04:00 WarpnixOS kernel: registered taskstats version 1
2026-07-14T18:47:41.910511-04:00 WarpnixOS kernel: Loading compiled-in X.509 certificates
2026-07-14T18:47:41.910511-04:00 WarpnixOS kernel: Loaded X.509 cert 'Build time autogenerated kernel key: dc89478ca0cc19d49a8337465ee2fd0c98b2a3ff'
2026-07-14T18:47:41.910511-04:00 WarpnixOS kernel: Loaded X.509 cert 'Canonical Ltd. Live Patch Signing 2025 Kmod: d541cef61dc7e793b7eb7e899970a2eef0b5dc8c'
2026-07-14T18:47:41.910516-04:00 WarpnixOS kernel: Loaded X.509 cert 'Canonical Ltd. Live Patch Signing: 14df34d1a87cf37625abec039ef2bf521249b969'
2026-07-14T18:47:41.910516-04:00 WarpnixOS kernel: Loaded X.509 cert 'Canonical Ltd. Kernel Module Signing 2025 Kmod: 4627603d2357a2a3f81006370894c221175893e9'
2026-07-14T18:47:41.910516-04:00 WarpnixOS kernel: Loaded X.509 cert 'Canonical Ltd. Kernel Module Signing: 88f752e560a1e0737e31163a466ad7b70a850c19'
2026-07-14T18:47:41.910517-04:00 WarpnixOS kernel: blacklist: Loading compiled-in revocation X.509 certificates
2026-07-14T18:47:41.910517-04:00 WarpnixOS kernel: Loaded X.509 cert 'Canonical Ltd. Secure Boot Signing: 61482aa2830d0ab2ad5af10b7250da9033ddcef0'
2026-07-14T18:47:41.910517-04:00 WarpnixOS kernel: Loaded X.509 cert 'Canonical Ltd. Secure Boot Signing (2017): 242ade75ac4a15e50d50c84b0d45ff3eae707a03'
2026-07-14T18:47:41.910521-04:00 WarpnixOS kernel: Loaded X.509 cert 'Canonical Ltd. Secure Boot Signing (ESM 2018): 365188c1d374d6b07c3c8f240f8ef722433d6a8b'
2026-07-14T18:47:41.910521-04:00 WarpnixOS kernel: Loaded X.509 cert 'Canonical Ltd. Secure Boot Signing (2019): c0746fd6c5da3ae827864651ad66ae47fe24b3e8'
2026-07-14T18:47:41.910522-04:00 WarpnixOS kernel: Loaded X.509 cert 'Canonical Ltd. Secure Boot Signing (2021 v1): a8d54bbb3825cfb94fa13c9f8a594a195c107b8d'
2026-07-14T18:47:41.910522-04:00 WarpnixOS kernel: Loaded X.509 cert 'Canonical Ltd. Secure Boot Signing (2021 v2): 4cf046892d6fd3c9a5b03f98d845f90851dc6a8c'
2026-07-14T18:47:41.910522-04:00 WarpnixOS kernel: Loaded X.509 cert 'Canonical Ltd. Secure Boot Signing (2021 v3): 100437bb6de6e469b581e61cd66bce3ef4ed53af'
2026-07-14T18:47:41.910526-04:00 WarpnixOS kernel: Loaded X.509 cert 'Canonical Ltd. Secure Boot Signing (Ubuntu Core 2019): c1d57b8f6b743f23ee41f4f7ee292f06eecadfb9'
2026-07-14T18:47:41.910526-04:00 WarpnixOS kernel: Demotion targets for Node 0: null
2026-07-14T18:47:41.910527-04:00 WarpnixOS kernel: Key type .fscrypt registered
2026-07-14T18:47:41.910527-04:00 WarpnixOS kernel: Key type fscrypt-provisioning registered
2026-07-14T18:47:41.910527-04:00 WarpnixOS kernel: Key type big_key registered
2026-07-14T18:47:41.910527-04:00 WarpnixOS kernel: Key type encrypted registered
2026-07-14T18:47:41.910531-04:00 WarpnixOS kernel: AppArmor: AppArmor sha256 policy hashing enabled
2026-07-14T18:47:41.910531-04:00 WarpnixOS kernel: ima: No TPM chip found, activating TPM-bypass!
2026-07-14T18:47:41.910532-04:00 WarpnixOS kernel: Loading compiled-in module X.509 certificates
2026-07-14T18:47:41.910532-04:00 WarpnixOS kernel: Loaded X.509 cert 'Build time autogenerated kernel key: dc89478ca0cc19d49a8337465ee2fd0c98b2a3ff'
2026-07-14T18:47:41.910532-04:00 WarpnixOS kernel: ima: Allocated hash algorithm: sha256
2026-07-14T18:47:41.910532-04:00 WarpnixOS kernel: ima: No architecture policies found
2026-07-14T18:47:41.910533-04:00 WarpnixOS kernel: evm: Initialising EVM extended attributes:
2026-07-14T18:47:41.910543-04:00 WarpnixOS kernel: evm: security.selinux
2026-07-14T18:47:41.910544-04:00 WarpnixOS kernel: evm: security.SMACK64
2026-07-14T18:47:41.910544-04:00 WarpnixOS kernel: evm: security.SMACK64EXEC
2026-07-14T18:47:41.910544-04:00 WarpnixOS kernel: evm: security.SMACK64TRANSMUTE
2026-07-14T18:47:41.910545-04:00 WarpnixOS kernel: evm: security.SMACK64MMAP
2026-07-14T18:47:41.910545-04:00 WarpnixOS kernel: evm: security.apparmor
2026-07-14T18:47:41.910549-04:00 WarpnixOS kernel: evm: security.ima
2026-07-14T18:47:41.910550-04:00 WarpnixOS kernel: evm: security.capability
2026-07-14T18:47:41.910550-04:00 WarpnixOS kernel: evm: HMAC attrs: 0x1
2026-07-14T18:47:41.910550-04:00 WarpnixOS kernel: PM:   Magic number: 2:629:805
2026-07-14T18:47:41.910551-04:00 WarpnixOS kernel: RAS: Correctable Errors collector initialized.
2026-07-14T18:47:41.910551-04:00 WarpnixOS kernel: clk: Disabling unused clocks
2026-07-14T18:47:41.910553-04:00 WarpnixOS kernel: PM: genpd: Disabling unused power domains
2026-07-14T18:47:41.910555-04:00 WarpnixOS kernel: Freeing unused decrypted memory: 2028K
2026-07-14T18:47:41.910612-04:00 WarpnixOS kernel: Freeing unused kernel image (initmem) memory: 5292K
2026-07-14T18:47:41.910612-04:00 WarpnixOS kernel: Write protecting the kernel read-only data: 43008k
2026-07-14T18:47:41.910613-04:00 WarpnixOS kernel: Freeing unused kernel image (text/rodata gap) memory: 804K
2026-07-14T18:47:41.910613-04:00 WarpnixOS kernel: Freeing unused kernel image (rodata/data gap) memory: 1684K
2026-07-14T18:47:41.910613-04:00 WarpnixOS kernel: x86/mm: Checked W+X mappings: passed, no W+X pages found.
2026-07-14T18:47:41.910617-04:00 WarpnixOS kernel: Run /init as init process
2026-07-14T18:47:41.910618-04:00 WarpnixOS kernel:   with arguments:
2026-07-14T18:47:41.910618-04:00 WarpnixOS kernel:     /init
2026-07-14T18:47:41.910618-04:00 WarpnixOS kernel:     splash
2026-07-14T18:47:41.910618-04:00 WarpnixOS kernel:   with environment:
2026-07-14T18:47:41.910618-04:00 WarpnixOS kernel:     HOME=/
2026-07-14T18:47:41.910622-04:00 WarpnixOS kernel:     TERM=linux
2026-07-14T18:47:41.910622-04:00 WarpnixOS kernel: e1000: Intel(R) PRO/1000 Network Driver
2026-07-14T18:47:41.910623-04:00 WarpnixOS kernel: e1000: Copyright (c) 1999-2006 Intel Corporation.
2026-07-14T18:47:41.910623-04:00 WarpnixOS kernel: ACPI: video: Video Device [GFX0] (multi-head: yes  rom: no  post: no)
2026-07-14T18:47:41.910623-04:00 WarpnixOS kernel: ahci 0000:00:0d.0: SSS flag set, parallel bus scan disabled
2026-07-14T18:47:41.910623-04:00 WarpnixOS kernel: input: Video Bus as /devices/pci0000:00/acpi.video_bus.0/input/input4
2026-07-14T18:47:41.910624-04:00 WarpnixOS kernel: ahci 0000:00:0d.0: AHCI vers 0001.0100, 32 command slots, 3 Gbps, SATA mode
2026-07-14T18:47:41.910627-04:00 WarpnixOS kernel: ahci 0000:00:0d.0: 1/1 ports implemented (port mask 0x1)
2026-07-14T18:47:41.910628-04:00 WarpnixOS kernel: ahci 0000:00:0d.0: flags: 64bit ncq stag only ccc 
2026-07-14T18:47:41.910628-04:00 WarpnixOS kernel: scsi host2: ahci
2026-07-14T18:47:41.910628-04:00 WarpnixOS kernel: ata3: SATA max UDMA/133 abar m8192@0xf0806000 port 0xf0806100 irq 21 lpm-pol 1
2026-07-14T18:47:41.910628-04:00 WarpnixOS kernel: input: ImExPS/2 Generic Explorer Mouse as /devices/platform/i8042/serio1/input/input5
2026-07-14T18:47:41.910628-04:00 WarpnixOS kernel: usb 1-1: new full-speed USB device number 2 using ohci-pci
2026-07-14T18:47:41.910632-04:00 WarpnixOS kernel: e1000 0000:00:03.0 eth0: (PCI:33MHz:32-bit) 08:00:27:1e:da:2f
2026-07-14T18:47:41.910632-04:00 WarpnixOS kernel: e1000 0000:00:03.0 eth0: Intel(R) PRO/1000 Network Connection
2026-07-14T18:47:41.910633-04:00 WarpnixOS kernel: ata3: SATA link up 3.0 Gbps (SStatus 123 SControl 300)
2026-07-14T18:47:41.910633-04:00 WarpnixOS kernel: ata3.00: ATA-6: VBOX HARDDISK, 1.0, max UDMA/133
2026-07-14T18:47:41.910633-04:00 WarpnixOS kernel: ata3.00: 83915200 sectors, multi 128: LBA48 NCQ (depth 32)
2026-07-14T18:47:41.910633-04:00 WarpnixOS kernel: ata3.00: configured for UDMA/133
2026-07-14T18:47:41.910635-04:00 WarpnixOS kernel: scsi 2:0:0:0: Direct-Access     ATA      VBOX HARDDISK    1.0  PQ: 0 ANSI: 5
2026-07-14T18:47:41.910637-04:00 WarpnixOS kernel: sd 2:0:0:0: Attached scsi generic sg0 type 0
2026-07-14T18:47:41.910638-04:00 WarpnixOS kernel: sd 2:0:0:0: [sda] 83915200 512-byte logical blocks: (43.0 GB/40.0 GiB)
2026-07-14T18:47:41.910638-04:00 WarpnixOS kernel: sd 2:0:0:0: [sda] Write Protect is off
2026-07-14T18:47:41.910638-04:00 WarpnixOS kernel: sd 2:0:0:0: [sda] Mode Sense: 00 3a 00 00
2026-07-14T18:47:41.910638-04:00 WarpnixOS kernel: sd 2:0:0:0: [sda] Write cache: enabled, read cache: enabled, doesn't support DPO or FUA
2026-07-14T18:47:41.910638-04:00 WarpnixOS kernel: sd 2:0:0:0: [sda] Preferred minimum I/O size 512 bytes
2026-07-14T18:47:41.910642-04:00 WarpnixOS kernel:  sda: sda1
2026-07-14T18:47:41.910642-04:00 WarpnixOS kernel: sd 2:0:0:0: [sda] Attached SCSI disk
2026-07-14T18:47:41.910643-04:00 WarpnixOS kernel: e1000 0000:00:03.0 enp0s3: renamed from eth0
2026-07-14T18:47:41.910643-04:00 WarpnixOS kernel: usb 1-1: New USB device found, idVendor=80ee, idProduct=0021, bcdDevice= 1.00
2026-07-14T18:47:41.910643-04:00 WarpnixOS kernel: usb 1-1: New USB device strings: Mfr=1, Product=3, SerialNumber=0
2026-07-14T18:47:41.910643-04:00 WarpnixOS kernel: usb 1-1: Product: USB Tablet
2026-07-14T18:47:41.910647-04:00 WarpnixOS kernel: usb 1-1: Manufacturer: VirtualBox
2026-07-14T18:47:41.910647-04:00 WarpnixOS kernel: hid: raw HID events driver (C) Jiri Kosina
2026-07-14T18:47:41.910647-04:00 WarpnixOS kernel: usbcore: registered new interface driver usbhid
2026-07-14T18:47:41.910648-04:00 WarpnixOS kernel: usbhid: USB HID core driver
2026-07-14T18:47:41.910648-04:00 WarpnixOS kernel: input: VirtualBox USB Tablet as /devices/pci0000:00/0000:00:06.0/usb1/1-1/1-1:1.0/0003:80EE:0021.0001/input/input6
2026-07-14T18:47:41.910648-04:00 WarpnixOS kernel: hid-generic 0003:80EE:0021.0001: input,hidraw0: USB HID v1.10 Mouse [VirtualBox USB Tablet] on usb-0000:00:06.0-1/input0
2026-07-14T18:47:41.910652-04:00 WarpnixOS kernel: clocksource: Long readout interval, skipping watchdog check: cs_nsec: 1099263051 wd_nsec: 1099262521
2026-07-14T18:47:41.910652-04:00 WarpnixOS kernel: raid6: avx2x4   gen() 35129 MB/s
2026-07-14T18:47:41.910652-04:00 WarpnixOS kernel: raid6: avx2x2   gen() 31469 MB/s
2026-07-14T18:47:41.910653-04:00 WarpnixOS kernel: raid6: avx2x1   gen() 25633 MB/s
2026-07-14T18:47:41.910653-04:00 WarpnixOS kernel: raid6: using algorithm avx2x4 gen() 35129 MB/s
2026-07-14T18:47:41.910653-04:00 WarpnixOS kernel: raid6: .... xor() 5756 MB/s, rmw enabled
2026-07-14T18:47:41.910655-04:00 WarpnixOS kernel: raid6: using avx2x2 recovery algorithm
2026-07-14T18:47:41.910666-04:00 WarpnixOS kernel: xor: automatically using best checksumming function   avx       
2026-07-14T18:47:41.910666-04:00 WarpnixOS kernel: Btrfs loaded, zoned=yes, fsverity=yes
2026-07-14T18:47:41.910667-04:00 WarpnixOS kernel: EXT4-fs (sda1): orphan cleanup on readonly fs
2026-07-14T18:47:41.910667-04:00 WarpnixOS kernel: EXT4-fs (sda1): mounted filesystem d28f9adf-16f0-4a19-9b08-4f5bead6a937 ro with ordered data mode. Quota mode: none.
2026-07-14T18:47:41.910777-04:00 WarpnixOS kernel: EXT4-fs (sda1): re-mounted d28f9adf-16f0-4a19-9b08-4f5bead6a937 r/w.
2026-07-14T18:47:41.910788-04:00 WarpnixOS kernel: lp: driver loaded but no devices found
2026-07-14T18:47:41.910789-04:00 WarpnixOS kernel: ppdev: user-space parallel port driver
2026-07-14T18:47:41.910794-04:00 WarpnixOS kernel: Adding 524284k swap on /swapfile.  Priority:-1 extents:1 across:524284k 
2026-07-14T18:47:41.910799-04:00 WarpnixOS kernel: vboxguest: loading out-of-tree module taints kernel.
2026-07-14T18:47:41.910799-04:00 WarpnixOS kernel: vboxguest: module verification failed: signature and/or required key missing - tainting kernel
2026-07-14T18:47:41.910799-04:00 WarpnixOS kernel: piix4_smbus 0000:00:07.0: SMBus Host Controller at 0x4100, revision 0
2026-07-14T18:47:41.910803-04:00 WarpnixOS kernel: vgdrvHeartbeatInit: Setting up heartbeat to trigger every 2000 milliseconds
2026-07-14T18:47:41.910803-04:00 WarpnixOS kernel: Host supports full mouse state reporting, switching to extended mouse integration protocol
2026-07-14T18:47:41.910803-04:00 WarpnixOS kernel: input: VirtualBox mouse integration as /devices/pci0000:00/0000:00:04.0/input/input7
2026-07-14T18:47:41.910803-04:00 WarpnixOS kernel: vmwgfx 0000:00:02.0: vgaarb: deactivate vga console
2026-07-14T18:47:41.910804-04:00 WarpnixOS kernel: Console: switching to colour dummy device 80x25
2026-07-14T18:47:41.910804-04:00 WarpnixOS kernel: vmwgfx 0000:00:02.0: [drm] FIFO at 0x00000000f0000000 size is 2048 KiB
2026-07-14T18:47:41.910804-04:00 WarpnixOS kernel: vmwgfx 0000:00:02.0: [drm] VRAM at 0x00000000e0000000 size is 131072 KiB
2026-07-14T18:47:41.910808-04:00 WarpnixOS kernel: vmwgfx 0000:00:02.0: [drm] Running on SVGA version 2.
2026-07-14T18:47:41.910808-04:00 WarpnixOS kernel: vmwgfx 0000:00:02.0: [drm] Capabilities: rect copy, cursor, cursor bypass, cursor bypass 2, alpha cursor, extended fifo, pitchlock, irq mask, gmr, traces, gmr2, screen object 2, command buffers, gbobject, 
2026-07-14T18:47:41.910808-04:00 WarpnixOS kernel: vmwgfx 0000:00:02.0: [drm] *ERROR* vmwgfx seems to be running on an unsupported hypervisor.
2026-07-14T18:47:41.910809-04:00 WarpnixOS kernel: vmwgfx 0000:00:02.0: [drm] *ERROR* This configuration is likely broken.
2026-07-14T18:47:41.910809-04:00 WarpnixOS kernel: vmwgfx 0000:00:02.0: [drm] *ERROR* Please switch to a supported graphics device to avoid problems.
2026-07-14T18:47:41.910809-04:00 WarpnixOS kernel: vmwgfx 0000:00:02.0: [drm] DMA map mode: Caching DMA mappings.
2026-07-14T18:47:41.910866-04:00 WarpnixOS kernel: vmwgfx 0000:00:02.0: [drm] Legacy memory limits: VRAM = 131072 KiB, FIFO = 2048 KiB, surface = 393216 KiB
2026-07-14T18:47:41.910867-04:00 WarpnixOS kernel: vmwgfx 0000:00:02.0: [drm] MOB limits: max mob size = 131072 KiB, max mob pages = 32768
2026-07-14T18:47:41.910867-04:00 WarpnixOS kernel: vmwgfx 0000:00:02.0: [drm] Max GMR ids is 8192
2026-07-14T18:47:41.910867-04:00 WarpnixOS kernel: vmwgfx 0000:00:02.0: [drm] Max number of GMR pages is 1048576
2026-07-14T18:47:41.910867-04:00 WarpnixOS kernel: vmwgfx 0000:00:02.0: [drm] Maximum display memory size is 131072 KiB
2026-07-14T18:47:41.910867-04:00 WarpnixOS kernel: vmwgfx 0000:00:02.0: [drm] Screen Target display unit initialized
2026-07-14T18:47:41.910871-04:00 WarpnixOS kernel: vmwgfx 0000:00:02.0: [drm] Fifo max 0x00200000 min 0x00001000 cap 0x00000355
2026-07-14T18:47:41.910871-04:00 WarpnixOS kernel: vmwgfx 0000:00:02.0: [drm] Using command buffers with DMA pool.
2026-07-14T18:47:41.910872-04:00 WarpnixOS kernel: vmwgfx 0000:00:02.0: [drm] Available shader model: Legacy.
2026-07-14T18:47:41.910872-04:00 WarpnixOS kernel: vboxguest: Successfully loaded version 7.1.16 r172425
2026-07-14T18:47:41.910872-04:00 WarpnixOS kernel: vboxguest: misc device minor 262, IRQ 20, I/O port d040, MMIO at 00000000f0400000 (size 0x400000)
2026-07-14T18:47:41.910872-04:00 WarpnixOS kernel: vboxguest: Successfully loaded version 7.1.16 r172425 (interface 0x00010004)
2026-07-14T18:47:41.910876-04:00 WarpnixOS kernel: ------------[ cut here ]------------
2026-07-14T18:47:41.910876-04:00 WarpnixOS kernel: WARNING: kernel/rcu/tree_plugin.h:823 at rcu_sched_clock_irq+0x390/0x3a0, CPU#7: (udev-worker)/394
2026-07-14T18:47:41.910877-04:00 WarpnixOS kernel: Modules linked in: edac_mce_amd(-) snd_seq(+) snd_seq_device vmwgfx(+) snd_timer snd drm_ttm_helper i2c_piix4 soundcore vboxguest(OE) i2c_smbus ttm joydev input_leds mac_hid sch_fq_codel parport_pc ppdev lp parport msr efi_pstore nfnetlink dmi_sysfs autofs4 btrfs libblake2b xor raid6_pq hid_generic usbhid hid psmouse vga16fb serio_raw ahci video vgastate ghash_clmulni_intel pata_acpi e1000 wmi libahci aesni_intel
2026-07-14T18:47:41.910877-04:00 WarpnixOS kernel: CPU: 7 UID: 0 PID: 394 Comm: (udev-worker) Tainted: G           OE       7.0.0-22-generic #22-Ubuntu PREEMPT(lazy) 
2026-07-14T18:47:41.910877-04:00 WarpnixOS kernel: Tainted: [O]=OOT_MODULE, [E]=UNSIGNED_MODULE
2026-07-14T18:47:41.910877-04:00 WarpnixOS kernel: Hardware name: innotek GmbH VirtualBox/VirtualBox, BIOS VirtualBox 12/01/2006
2026-07-14T18:47:41.910881-04:00 WarpnixOS kernel: RIP: 0010:rcu_sched_clock_irq+0x390/0x3a0
2026-07-14T18:47:41.910881-04:00 WarpnixOS kernel: Code: 02 8b 80 68 d4 02 a8 a8 04 0f 84 a3 fe ff ff e9 8d fe ff ff 48 8b 03 a8 10 75 ca be 04 00 00 00 48 89 df e8 b2 37 f5 ff eb bb <0f> 0b e9 f7 fc ff ff 66 0f 1f 84 00 00 00 00 00 90 90 90 90 90 90
2026-07-14T18:47:41.910882-04:00 WarpnixOS kernel: RSP: 0018:ffffd18440258e88 EFLAGS: 00010086
2026-07-14T18:47:41.910882-04:00 WarpnixOS kernel: RAX: 00000000ffffffff RBX: ffff8daed569aa80 RCX: 0000000000000000
2026-07-14T18:47:41.910882-04:00 WarpnixOS kernel: RDX: 0000000000000000 RSI: 0000000000000000 RDI: 0000000000000000
2026-07-14T18:47:41.910882-04:00 WarpnixOS kernel: RBP: ffffd18440258ea8 R08: 0000000000000000 R09: 0000000000000000
2026-07-14T18:47:41.910886-04:00 WarpnixOS kernel: R10: 0000000000000000 R11: 0000000000000000 R12: 0000000000000000
2026-07-14T18:47:41.910886-04:00 WarpnixOS kernel: R13: 000000018a58ae89 R14: ffffffffa518e150 R15: ffff8db0d3da1ac0
2026-07-14T18:47:41.910886-04:00 WarpnixOS kernel: FS:  00007356f6386c80(0000) GS:ffff8db12bd80000(0000) knlGS:0000000000000000
2026-07-14T18:47:41.910887-04:00 WarpnixOS kernel: CS:  0010 DS: 0000 ES: 0000 CR0: 0000000080050033
2026-07-14T18:47:41.910887-04:00 WarpnixOS kernel: CR2: 000056ed1a17c298 CR3: 000000011566d000 CR4: 00000000000506f0
2026-07-14T18:47:41.910887-04:00 WarpnixOS kernel: Call Trace:
2026-07-14T18:47:41.910891-04:00 WarpnixOS kernel:  <IRQ>
2026-07-14T18:47:41.910891-04:00 WarpnixOS kernel:  ? account_process_tick+0x4e/0x160
2026-07-14T18:47:41.910891-04:00 WarpnixOS kernel:  update_process_times+0x91/0xe0
2026-07-14T18:47:41.910892-04:00 WarpnixOS kernel:  tick_nohz_handler+0x96/0x1a0
2026-07-14T18:47:41.910892-04:00 WarpnixOS kernel:  __hrtimer_run_queues+0x10c/0x270
2026-07-14T18:47:41.910892-04:00 WarpnixOS kernel:  ? srso_alias_return_thunk+0x5/0xfbef5
2026-07-14T18:47:41.910892-04:00 WarpnixOS kernel:  hrtimer_interrupt+0x104/0x250
2026-07-14T18:47:41.910904-04:00 WarpnixOS kernel:  __sysvec_apic_timer_interrupt+0x58/0x150
2026-07-14T18:47:41.910905-04:00 WarpnixOS kernel:  ? srso_alias_return_thunk+0x5/0xfbef5
2026-07-14T18:47:41.910905-04:00 WarpnixOS kernel:  sysvec_apic_timer_interrupt+0x9a/0xd0
2026-07-14T18:47:41.910905-04:00 WarpnixOS kernel:  </IRQ>
2026-07-14T18:47:41.910905-04:00 WarpnixOS kernel:  <TASK>
2026-07-14T18:47:41.910906-04:00 WarpnixOS kernel:  asm_sysvec_apic_timer_interrupt+0x1b/0x20
2026-07-14T18:47:41.910915-04:00 WarpnixOS kernel: RIP: 0010:filp_flush+0x22/0xb0
2026-07-14T18:47:41.910916-04:00 WarpnixOS kernel: Code: 90 90 90 90 90 90 90 90 0f 1f 44 00 00 48 ba ff ff ff ff ff ff ff bf 55 48 89 e5 53 48 89 fb 48 83 ec 10 48 8b 87 b0 00 00 00 <48> 39 c2 72 50 48 8b 47 08 48 8b 50 70 31 c0 48 85 d2 74 0d 48 89
2026-07-14T18:47:41.910916-04:00 WarpnixOS kernel: RSP: 0018:ffffd1844092fd68 EFLAGS: 00000282
2026-07-14T18:47:41.910916-04:00 WarpnixOS kernel: RAX: 0000000000000000 RBX: ffff8daed371cf00 RCX: 0000000000000000
2026-07-14T18:47:41.910916-04:00 WarpnixOS kernel: RDX: bfffffffffffffff RSI: ffff8daed5078dc0 RDI: ffff8daed371cf00
2026-07-14T18:47:41.910917-04:00 WarpnixOS kernel: RBP: ffffd1844092fd80 R08: 0000000000000000 R09: 0000000000000000
2026-07-14T18:47:41.910920-04:00 WarpnixOS kernel: R10: 0000000000000000 R11: 0000000000000000 R12: ffff8daed569aa80
2026-07-14T18:47:41.910921-04:00 WarpnixOS kernel: R13: 0000000000000000 R14: 0000000000000000 R15: 0000000000000000
2026-07-14T18:47:41.910921-04:00 WarpnixOS kernel:  ? file_close_fd+0x48/0x60
2026-07-14T18:47:41.910921-04:00 WarpnixOS kernel:  __x64_sys_close+0x33/0x90
2026-07-14T18:47:41.910921-04:00 WarpnixOS kernel:  x64_sys_call+0x1718/0x2390
2026-07-14T18:47:41.910922-04:00 WarpnixOS kernel:  do_syscall_64+0x115/0x5a0
2026-07-14T18:47:41.910926-04:00 WarpnixOS kernel:  ? arch_exit_to_user_mode_prepare.isra.0+0xc5/0xe0
2026-07-14T18:47:41.910926-04:00 WarpnixOS kernel:  ? srso_alias_return_thunk+0x5/0xfbef5
2026-07-14T18:47:41.910926-04:00 WarpnixOS kernel:  ? do_syscall_64+0x150/0x5a0
2026-07-14T18:47:41.910926-04:00 WarpnixOS kernel:  ? srso_alias_return_thunk+0x5/0xfbef5
2026-07-14T18:47:41.910926-04:00 WarpnixOS kernel:  ? __do_sys_fstatfs+0x73/0x80
2026-07-14T18:47:41.910927-04:00 WarpnixOS kernel:  ? srso_alias_return_thunk+0x5/0xfbef5
2026-07-14T18:47:41.910927-04:00 WarpnixOS kernel:  ? srso_alias_return_thunk+0x5/0xfbef5
2026-07-14T18:47:41.910931-04:00 WarpnixOS kernel:  ? arch_exit_to_user_mode_prepare.isra.0+0xd/0xe0
2026-07-14T18:47:41.910932-04:00 WarpnixOS kernel:  ? srso_alias_return_thunk+0x5/0xfbef5
2026-07-14T18:47:41.910932-04:00 WarpnixOS kernel:  ? do_syscall_64+0x150/0x5a0
2026-07-14T18:47:41.910932-04:00 WarpnixOS kernel:  ? srso_alias_return_thunk+0x5/0xfbef5
2026-07-14T18:47:41.910932-04:00 WarpnixOS kernel:  ? do_syscall_64+0x150/0x5a0
2026-07-14T18:47:41.910933-04:00 WarpnixOS kernel:  ? srso_alias_return_thunk+0x5/0xfbef5
2026-07-14T18:47:41.910936-04:00 WarpnixOS kernel:  ? srso_alias_return_thunk+0x5/0xfbef5
2026-07-14T18:47:41.910937-04:00 WarpnixOS kernel:  ? arch_exit_to_user_mode_prepare.isra.0+0xd/0xe0
2026-07-14T18:47:41.910937-04:00 WarpnixOS kernel:  ? srso_alias_return_thunk+0x5/0xfbef5
2026-07-14T18:47:41.910937-04:00 WarpnixOS kernel:  ? do_syscall_64+0x150/0x5a0
2026-07-14T18:47:41.910938-04:00 WarpnixOS kernel:  ? srso_alias_return_thunk+0x5/0xfbef5
2026-07-14T18:47:41.910938-04:00 WarpnixOS kernel:  entry_SYSCALL_64_after_hwframe+0x76/0x7e
2026-07-14T18:47:41.910945-04:00 WarpnixOS kernel: RIP: 0033:0x7356f5aa06c6
2026-07-14T18:47:41.910945-04:00 WarpnixOS kernel: Code: 47 ba 04 00 00 00 48 8b 05 3f 17 17 00 64 89 10 48 c7 c2 ff ff ff ff c9 48 89 d0 c3 0f 1f 84 00 00 00 00 00 48 8b 45 10 0f 05 <48> 89 c2 48 3d 00 f0 ff ff 77 0f c9 48 89 d0 c3 66 2e 0f 1f 84 00
2026-07-14T18:47:41.910945-04:00 WarpnixOS kernel: RSP: 002b:00007fff0f28c0e0 EFLAGS: 00000202 ORIG_RAX: 0000000000000003
2026-07-14T18:47:41.910945-04:00 WarpnixOS kernel: RAX: ffffffffffffffda RBX: 000056ed1a171bb0 RCX: 00007356f5aa06c6
2026-07-14T18:47:41.910946-04:00 WarpnixOS kernel: RDX: 0000000000000000 RSI: 0000000000000000 RDI: 0000000000000020
2026-07-14T18:47:41.910946-04:00 WarpnixOS kernel: RBP: 00007fff0f28c0f0 R08: 0000000000000000 R09: 0000000000000000
2026-07-14T18:47:41.910950-04:00 WarpnixOS kernel: R10: 0000000000000000 R11: 0000000000000202 R12: 0000000000000004
2026-07-14T18:47:41.910950-04:00 WarpnixOS kernel: R13: 0000000000000022 R14: 0000000000000022 R15: 0000000000000000
2026-07-14T18:47:41.910950-04:00 WarpnixOS kernel:  </TASK>
2026-07-14T18:47:41.910951-04:00 WarpnixOS kernel: ---[ end trace 0000000000000000 ]---
2026-07-14T18:47:41.910951-04:00 WarpnixOS kernel: [drm] Initialized vmwgfx 2.21.0 for 0000:00:02.0 on minor 0
2026-07-14T18:47:41.910951-04:00 WarpnixOS kernel: fbcon: vmwgfxdrmfb (fb0) is primary device
2026-07-14T18:47:41.910951-04:00 WarpnixOS kernel: Console: switching to colour frame buffer device 160x50
2026-07-14T18:47:41.910955-04:00 WarpnixOS kernel: vmwgfx 0000:00:02.0: [drm] fb0: vmwgfxdrmfb frame buffer device
2026-07-14T18:47:41.910955-04:00 WarpnixOS kernel: intel_rapl_common: Found RAPL domain package
2026-07-14T18:47:41.910955-04:00 WarpnixOS kernel: intel_rapl_common: Found RAPL domain core
2026-07-14T18:47:41.910956-04:00 WarpnixOS kernel: snd_intel8x0 0000:00:05.0: allow list rate for 1028:0177 is 48000
2026-07-14T18:47:41.910956-04:00 WarpnixOS kernel: audit: type=1400 audit(1784069261.210:2): apparmor="STATUS" operation="profile_load" profile="unconfined" name="QtWebEngineProcess" pid=576 comm="apparmor_parser"
2026-07-14T18:47:41.910956-04:00 WarpnixOS kernel: audit: type=1400 audit(1784069261.210:3): apparmor="STATUS" operation="profile_load" profile="unconfined" name="Discord" pid=574 comm="apparmor_parser"
2026-07-14T18:47:41.910960-04:00 WarpnixOS kernel: audit: type=1400 audit(1784069261.210:4): apparmor="STATUS" operation="profile_load" profile="unconfined" name=4D6F6E676F444220436F6D70617373 pid=575 comm="apparmor_parser"
2026-07-14T18:47:41.910960-04:00 WarpnixOS kernel: audit: type=1400 audit(1784069261.210:5): apparmor="STATUS" operation="profile_load" profile="unconfined" name="1password" pid=573 comm="apparmor_parser"
2026-07-14T18:47:41.910960-04:00 WarpnixOS kernel: audit: type=1400 audit(1784069261.210:6): apparmor="STATUS" operation="profile_load" profile="unconfined" name="balena-etcher" pid=580 comm="apparmor_parser"
2026-07-14T18:47:41.910961-04:00 WarpnixOS kernel: audit: type=1400 audit(1784069261.212:7): apparmor="STATUS" operation="profile_load" profile="unconfined" name="babeld" pid=579 comm="apparmor_parser"
2026-07-14T18:47:41.910970-04:00 WarpnixOS kernel: audit: type=1400 audit(1784069261.213:8): apparmor="STATUS" operation="profile_load" profile="unconfined" name="bgpd" pid=582 comm="apparmor_parser"
2026-07-14T18:47:41.910975-04:00 WarpnixOS kernel: audit: type=1400 audit(1784069261.213:9): apparmor="STATUS" operation="profile_load" profile="unconfined" name="alsamixer" pid=578 comm="apparmor_parser"
2026-07-14T18:47:41.910975-04:00 WarpnixOS kernel: audit: type=1400 audit(1784069261.213:10): apparmor="STATUS" operation="profile_load" profile="unconfined" name="bfdd" pid=581 comm="apparmor_parser"
2026-07-14T18:47:41.910975-04:00 WarpnixOS kernel: audit: type=1400 audit(1784069261.213:11): apparmor="STATUS" operation="profile_load" profile="unconfined" name="brave-browser-stable" pid=584 comm="apparmor_parser"
2026-07-14T18:47:42.095357-04:00 WarpnixOS kernel: NET: Registered PF_QIPCRTR protocol family
2026-07-14T18:47:42.122553-04:00 WarpnixOS kernel: e1000: enp0s3 NIC Link is Up 1000 Mbps Full Duplex, Flow Control: RX
2026-07-14T18:47:42.722341-04:00 WarpnixOS kernel: 22:47:42.722159 main     VBoxService 7.1.16 r172425 (verbosity: 0) linux.amd64 (Jan 27 2026 11:51:23) release log
2026-07-14T18:47:42.722348-04:00 WarpnixOS kernel: 22:47:42.722160 main     Log opened 2026-07-14T22:47:42.722156000Z
2026-07-14T18:47:42.723352-04:00 WarpnixOS kernel: 22:47:42.722346 main     OS Product: Linux
2026-07-14T18:47:42.723356-04:00 WarpnixOS kernel: 22:47:42.722365 main     OS Release: 7.0.0-22-generic
2026-07-14T18:47:42.723357-04:00 WarpnixOS kernel: 22:47:42.722376 main     OS Version: #22-Ubuntu SMP PREEMPT_DYNAMIC Mon May 25 15:54:34 UTC 2026
2026-07-14T18:47:42.723357-04:00 WarpnixOS kernel: 22:47:42.722387 main     Executable: /opt/VBoxGuestAdditions-7.1.16/sbin/VBoxService
2026-07-14T18:47:42.723357-04:00 WarpnixOS kernel: 22:47:42.722387 main     Process ID: 1253
2026-07-14T18:47:42.723358-04:00 WarpnixOS kernel: 22:47:42.722387 main     Package type: LINUX_64BITS_GENERIC
2026-07-14T18:47:42.724356-04:00 WarpnixOS kernel: 22:47:42.724083 main     7.1.16 r172425 started. Verbose level = 0
2026-07-14T18:47:42.725330-04:00 WarpnixOS kernel: 22:47:42.724667 main     vbglR3GuestCtrlDetectPeekGetCancelSupport: Supported (#1)
2026-07-14T18:47:42.734340-04:00 WarpnixOS kernel: vboxsf: g_fHostFeatures=0x8000000f g_fSfFeatures=0x1 g_uSfLastFunction=29
2026-07-14T18:47:42.734346-04:00 WarpnixOS kernel: vboxsf: Successfully loaded version 7.1.16 r172425
2026-07-14T18:47:42.734347-04:00 WarpnixOS kernel: vboxsf: Successfully loaded version 7.1.16 r172425 on 7.0.0-22-generic (LINUX_VERSION_CODE=0x70000)
2026-07-14T18:47:42.735333-04:00 WarpnixOS kernel: 22:47:42.734403 automount vbsvcAutomounterMountIt: Successfully mounted 'Desktop' on '/media/shared'
2026-07-14T18:47:55.049592-04:00 WarpnixOS kernel: kauditd_printk_skb: 191 callbacks suppressed
2026-07-14T18:47:55.049602-04:00 WarpnixOS kernel: audit: type=1400 audit(1784069275.047:203): apparmor="AUDIT" operation="exec" class="file" info="conflicting profile attachments" profile="unconfined" name="/opt/brave.com/brave/brave" pid=2987 comm="brave-browser" requested_mask="x" fsuid=0 ouid=0
2026-07-14T18:47:55.244533-04:00 WarpnixOS kernel: audit: type=1400 audit(1784069275.241:204): apparmor="AUDIT" operation="exec" class="file" info="conflicting profile attachments" profile="unconfined" name="/opt/brave.com/brave/brave" pid=2996 comm="brave" requested_mask="x" fsuid=0 ouid=0
2026-07-14T18:47:55.244549-04:00 WarpnixOS kernel: audit: type=1400 audit(1784069275.242:205): apparmor="AUDIT" operation="exec" class="file" info="conflicting profile attachments" profile="unconfined" name="/opt/brave.com/brave/brave" pid=2997 comm="brave" requested_mask="x" fsuid=0 ouid=0
2026-07-14T18:47:55.371544-04:00 WarpnixOS kernel: audit: type=1400 audit(1784069275.369:206): apparmor="AUDIT" operation="exec" class="file" info="conflicting profile attachments" profile="unconfined" name="/opt/brave.com/brave/brave" pid=3021 comm="ThreadPoolSingl" requested_mask="x" fsuid=0 ouid=0
2026-07-14T18:47:57.611549-04:00 WarpnixOS kernel: audit: type=1400 audit(1784069277.610:207): apparmor="AUDIT" operation="exec" class="file" info="conflicting profile attachments" profile="unconfined" name="/opt/brave.com/brave/brave" pid=3124 comm="ThreadPoolForeg" requested_mask="x" fsuid=0 ouid=0
2026-07-14T18:50:22.477547-04:00 WarpnixOS kernel: clocksource: Long readout interval, skipping watchdog check: cs_nsec: 2740503838 wd_nsec: 2740502564
2026-07-14T18:52:53.443522-04:00 WarpnixOS kernel: clocksource: Long readout interval, skipping watchdog check: cs_nsec: 16563799735 wd_nsec: 16563792038
2026-07-15T09:36:21.360930-04:00 WarpnixOS kernel: Linux version 7.0.0-22-generic (buildd@lcy02-amd64-061) (x86_64-linux-gnu-gcc (Ubuntu 15.2.0-16ubuntu1) 15.2.0, GNU ld (GNU Binutils for Ubuntu) 2.46) #22-Ubuntu SMP PREEMPT_DYNAMIC Mon May 25 15:54:34 UTC 2026 (Ubuntu 7.0.0-22.22-generic 7.0.0)
2026-07-15T09:36:21.362016-04:00 WarpnixOS kernel: Command line: BOOT_IMAGE=/boot/vmlinuz-7.0.0-22-generic root=UUID=d28f9adf-16f0-4a19-9b08-4f5bead6a937 ro quiet splash
2026-07-15T09:36:21.362021-04:00 WarpnixOS kernel: KERNEL supported cpus:
2026-07-15T09:36:21.362021-04:00 WarpnixOS kernel:   Intel GenuineIntel
2026-07-15T09:36:21.362021-04:00 WarpnixOS kernel:   AMD AuthenticAMD
2026-07-15T09:36:21.362022-04:00 WarpnixOS kernel:   Hygon HygonGenuine
2026-07-15T09:36:21.362022-04:00 WarpnixOS kernel:   Centaur CentaurHauls
2026-07-15T09:36:21.362022-04:00 WarpnixOS kernel:   zhaoxin   Shanghai  
2026-07-15T09:36:21.362024-04:00 WarpnixOS kernel: [Firmware Bug]: TSC doesn't count with P0 frequency!
2026-07-15T09:36:21.362024-04:00 WarpnixOS kernel: BIOS-provided physical RAM map:
2026-07-15T09:36:21.362024-04:00 WarpnixOS kernel: BIOS-e820: [mem 0x0000000000000000-0x000000000009fbff]  System RAM
2026-07-15T09:36:21.362025-04:00 WarpnixOS kernel: BIOS-e820: [mem 0x000000000009fc00-0x000000000009ffff]  device reserved
2026-07-15T09:36:21.362025-04:00 WarpnixOS kernel: BIOS-e820: [gap 0x00000000000a0000-0x00000000000effff]
2026-07-15T09:36:21.362025-04:00 WarpnixOS kernel: BIOS-e820: [mem 0x00000000000f0000-0x00000000000fffff]  device reserved
2026-07-15T09:36:21.362025-04:00 WarpnixOS kernel: BIOS-e820: [mem 0x0000000000100000-0x00000000dffeffff]  System RAM
2026-07-15T09:36:21.362030-04:00 WarpnixOS kernel: BIOS-e820: [mem 0x00000000dfff0000-0x00000000dfffffff]  ACPI data
2026-07-15T09:36:21.362030-04:00 WarpnixOS kernel: BIOS-e820: [gap 0x00000000e0000000-0x00000000febfffff]
2026-07-15T09:36:21.362031-04:00 WarpnixOS kernel: BIOS-e820: [mem 0x00000000fec00000-0x00000000fec00fff]  device reserved
2026-07-15T09:36:21.362031-04:00 WarpnixOS kernel: BIOS-e820: [gap 0x00000000fec01000-0x00000000fedfffff]
2026-07-15T09:36:21.362031-04:00 WarpnixOS kernel: BIOS-e820: [mem 0x00000000fee00000-0x00000000fee00fff]  device reserved
2026-07-15T09:36:21.362031-04:00 WarpnixOS kernel: BIOS-e820: [gap 0x00000000fee01000-0x00000000fffbffff]
2026-07-15T09:36:21.362033-04:00 WarpnixOS kernel: BIOS-e820: [mem 0x00000000fffc0000-0x00000000ffffffff]  device reserved
2026-07-15T09:36:21.362033-04:00 WarpnixOS kernel: BIOS-e820: [mem 0x0000000100000000-0x000000031fffffff]  System RAM
2026-07-15T09:36:21.362033-04:00 WarpnixOS kernel: NX (Execute Disable) protection: active
2026-07-15T09:36:21.362033-04:00 WarpnixOS kernel: APIC: Static calls initialized
2026-07-15T09:36:21.362034-04:00 WarpnixOS kernel: SMBIOS 2.5 present.
2026-07-15T09:36:21.362034-04:00 WarpnixOS kernel: DMI: innotek GmbH VirtualBox/VirtualBox, BIOS VirtualBox 12/01/2006
2026-07-15T09:36:21.362036-04:00 WarpnixOS kernel: DMI: Memory slots populated: 0/0
2026-07-15T09:36:21.362036-04:00 WarpnixOS kernel: Hypervisor detected: KVM
2026-07-15T09:36:21.362036-04:00 WarpnixOS kernel: last_pfn = 0xe0000 max_arch_pfn = 0x400000000
2026-07-15T09:36:21.362036-04:00 WarpnixOS kernel: kvm-clock: Using msrs 4b564d01 and 4b564d00
2026-07-15T09:36:21.362037-04:00 WarpnixOS kernel: kvm-clock: using sched offset of 5849428456 cycles
2026-07-15T09:36:21.362037-04:00 WarpnixOS kernel: clocksource: kvm-clock: mask: 0xffffffffffffffff max_cycles: 0x1cd42e4dffb, max_idle_ns: 881590591483 ns
2026-07-15T09:36:21.362037-04:00 WarpnixOS kernel: tsc: Detected 4192.120 MHz processor
2026-07-15T09:36:21.362039-04:00 WarpnixOS kernel: e820: update [mem 0x00000000-0x00000fff] System RAM ==> device reserved
2026-07-15T09:36:21.362039-04:00 WarpnixOS kernel: e820: remove [mem 0x000a0000-0x000fffff] System RAM
2026-07-15T09:36:21.362077-04:00 WarpnixOS kernel: last_pfn = 0x320000 max_arch_pfn = 0x400000000
2026-07-15T09:36:21.362078-04:00 WarpnixOS kernel: total RAM covered: 12288M
2026-07-15T09:36:21.362078-04:00 WarpnixOS kernel: Found optimal setting for mtrr clean up
2026-07-15T09:36:21.362078-04:00 WarpnixOS kernel:  gran_size: 64K 	chunk_size: 64K 	num_reg: 6  	lose cover RAM: 0G
2026-07-15T09:36:21.362080-04:00 WarpnixOS kernel: MTRR map: 5 entries (3 fixed + 2 variable; max 35), built from 16 variable MTRRs
2026-07-15T09:36:21.362080-04:00 WarpnixOS kernel: x86/PAT: Configuration [0-7]: WB  WC  UC- UC  WB  WP  UC- WT  
2026-07-15T09:36:21.362081-04:00 WarpnixOS kernel: e820: update [mem 0xe0000000-0xffffffff] System RAM ==> device reserved
2026-07-15T09:36:21.362081-04:00 WarpnixOS kernel: last_pfn = 0xe0000 max_arch_pfn = 0x400000000
2026-07-15T09:36:21.362081-04:00 WarpnixOS kernel: found SMP MP-table at [mem 0x0009fbf0-0x0009fbff]
2026-07-15T09:36:21.362081-04:00 WarpnixOS kernel: RAMDISK: [mem 0x1e4f3000-0x2b270fff]
2026-07-15T09:36:21.362083-04:00 WarpnixOS kernel: ACPI: Early table checksum verification disabled
2026-07-15T09:36:21.362083-04:00 WarpnixOS kernel: ACPI: RSDP 0x00000000000E0000 000024 (v02 VBOX  )
2026-07-15T09:36:21.362083-04:00 WarpnixOS kernel: ACPI: XSDT 0x00000000DFFF0030 00003C (v01 VBOX   VBOXXSDT 00000001 ASL  00000061)
2026-07-15T09:36:21.362083-04:00 WarpnixOS kernel: ACPI: FACP 0x00000000DFFF00F0 0000F4 (v04 VBOX   VBOXFACP 00000001 ASL  00000061)
2026-07-15T09:36:21.362083-04:00 WarpnixOS kernel: ACPI: DSDT 0x00000000DFFF0640 002353 (v02 VBOX   VBOXBIOS 00000002 INTL 20230628)
2026-07-15T09:36:21.362084-04:00 WarpnixOS kernel: ACPI: FACS 0x00000000DFFF0200 000040
2026-07-15T09:36:21.362084-04:00 WarpnixOS kernel: ACPI: FACS 0x00000000DFFF0200 000040
2026-07-15T09:36:21.362086-04:00 WarpnixOS kernel: ACPI: APIC 0x00000000DFFF0240 00008C (v02 VBOX   VBOXAPIC 00000001 ASL  00000061)
2026-07-15T09:36:21.362087-04:00 WarpnixOS kernel: ACPI: SSDT 0x00000000DFFF02D0 00036C (v01 VBOX   VBOXCPUT 00000002 INTL 20230628)
2026-07-15T09:36:21.362087-04:00 WarpnixOS kernel: ACPI: Reserving FACP table memory at [mem 0xdfff00f0-0xdfff01e3]
2026-07-15T09:36:21.362087-04:00 WarpnixOS kernel: ACPI: Reserving DSDT table memory at [mem 0xdfff0640-0xdfff2992]
2026-07-15T09:36:21.362087-04:00 WarpnixOS kernel: ACPI: Reserving FACS table memory at [mem 0xdfff0200-0xdfff023f]
2026-07-15T09:36:21.362087-04:00 WarpnixOS kernel: ACPI: Reserving FACS table memory at [mem 0xdfff0200-0xdfff023f]
2026-07-15T09:36:21.362089-04:00 WarpnixOS kernel: ACPI: Reserving APIC table memory at [mem 0xdfff0240-0xdfff02cb]
2026-07-15T09:36:21.362089-04:00 WarpnixOS kernel: ACPI: Reserving SSDT table memory at [mem 0xdfff02d0-0xdfff063b]
2026-07-15T09:36:21.362091-04:00 WarpnixOS kernel: No NUMA configuration found
2026-07-15T09:36:21.362091-04:00 WarpnixOS kernel: Faking a node at [mem 0x0000000000000000-0x000000031fffffff]
2026-07-15T09:36:21.362091-04:00 WarpnixOS kernel: NODE_DATA(0) allocated [mem 0x31ffcd280-0x31fff7fff]
2026-07-15T09:36:21.362091-04:00 WarpnixOS kernel: ACPI: PM-Timer IO Port: 0x4008
2026-07-15T09:36:21.362093-04:00 WarpnixOS kernel: IOAPIC[0]: apic_id 8, version 32, address 0xfec00000, GSI 0-23
2026-07-15T09:36:21.362093-04:00 WarpnixOS kernel: ACPI: INT_SRC_OVR (bus 0 bus_irq 0 global_irq 2 dfl dfl)
2026-07-15T09:36:21.362093-04:00 WarpnixOS kernel: ACPI: INT_SRC_OVR (bus 0 bus_irq 9 global_irq 9 low level)
2026-07-15T09:36:21.362093-04:00 WarpnixOS kernel: ACPI: Using ACPI (MADT) for SMP configuration information
2026-07-15T09:36:21.362094-04:00 WarpnixOS kernel: CPU topo: Max. logical packages:   1
2026-07-15T09:36:21.362094-04:00 WarpnixOS kernel: CPU topo: Max. logical nodes:      1
2026-07-15T09:36:21.362094-04:00 WarpnixOS kernel: CPU topo: Num. nodes per package:  1
2026-07-15T09:36:21.362096-04:00 WarpnixOS kernel: CPU topo: Max. logical dies:       1
2026-07-15T09:36:21.362096-04:00 WarpnixOS kernel: CPU topo: Max. dies per package:   1
2026-07-15T09:36:21.362096-04:00 WarpnixOS kernel: CPU topo: Max. threads per core:   1
2026-07-15T09:36:21.362096-04:00 WarpnixOS kernel: CPU topo: Num. cores per package:     8
2026-07-15T09:36:21.362096-04:00 WarpnixOS kernel: CPU topo: Num. threads per package:   8
2026-07-15T09:36:21.362097-04:00 WarpnixOS kernel: CPU topo: Allowing 8 present CPUs plus 0 hotplug CPUs
2026-07-15T09:36:21.362098-04:00 WarpnixOS kernel: PM: hibernation: Registered nosave memory: [mem 0x00000000-0x00000fff]
2026-07-15T09:36:21.362098-04:00 WarpnixOS kernel: PM: hibernation: Registered nosave memory: [mem 0x0009f000-0x000fffff]
2026-07-15T09:36:21.362099-04:00 WarpnixOS kernel: PM: hibernation: Registered nosave memory: [mem 0xdfff0000-0xffffffff]
2026-07-15T09:36:21.362099-04:00 WarpnixOS kernel: [gap 0xe0000000-0xfebfffff] available for PCI devices
2026-07-15T09:36:21.362099-04:00 WarpnixOS kernel: Booting paravirtualized kernel on KVM
2026-07-15T09:36:21.362099-04:00 WarpnixOS kernel: clocksource: refined-jiffies: mask: 0xffffffff max_cycles: 0xffffffff, max_idle_ns: 1910969940391419 ns
2026-07-15T09:36:21.362101-04:00 WarpnixOS kernel: Zone ranges:
2026-07-15T09:36:21.362101-04:00 WarpnixOS kernel:   DMA      [mem 0x0000000000001000-0x0000000000ffffff]
2026-07-15T09:36:21.362101-04:00 WarpnixOS kernel:   DMA32    [mem 0x0000000001000000-0x00000000ffffffff]
2026-07-15T09:36:21.362102-04:00 WarpnixOS kernel:   Normal   [mem 0x0000000100000000-0x000000031fffffff]
2026-07-15T09:36:21.362102-04:00 WarpnixOS kernel:   Device   empty
2026-07-15T09:36:21.362102-04:00 WarpnixOS kernel: Movable zone start for each node
2026-07-15T09:36:21.362102-04:00 WarpnixOS kernel: Early memory node ranges
2026-07-15T09:36:21.362104-04:00 WarpnixOS kernel:   node   0: [mem 0x0000000000001000-0x000000000009efff]
2026-07-15T09:36:21.362104-04:00 WarpnixOS kernel:   node   0: [mem 0x0000000000100000-0x00000000dffeffff]
2026-07-15T09:36:21.362104-04:00 WarpnixOS kernel:   node   0: [mem 0x0000000100000000-0x000000031fffffff]
2026-07-15T09:36:21.362104-04:00 WarpnixOS kernel: Initmem setup node 0 [mem 0x0000000000001000-0x000000031fffffff]
2026-07-15T09:36:21.362104-04:00 WarpnixOS kernel: On node 0, zone DMA: 1 pages in unavailable ranges
2026-07-15T09:36:21.362105-04:00 WarpnixOS kernel: On node 0, zone DMA: 97 pages in unavailable ranges
2026-07-15T09:36:21.362106-04:00 WarpnixOS kernel: On node 0, zone Normal: 16 pages in unavailable ranges
2026-07-15T09:36:21.362107-04:00 WarpnixOS kernel: setup_percpu: NR_CPUS:8192 nr_cpumask_bits:8 nr_cpu_ids:8 nr_node_ids:1
2026-07-15T09:36:21.362107-04:00 WarpnixOS kernel: percpu: Embedded 85 pages/cpu s225280 r8192 d114688 u524288
2026-07-15T09:36:21.362108-04:00 WarpnixOS kernel: pcpu-alloc: s225280 r8192 d114688 u524288 alloc=1*2097152
2026-07-15T09:36:21.362108-04:00 WarpnixOS kernel: pcpu-alloc: [0] 0 1 2 3 [0] 4 5 6 7 
2026-07-15T09:36:21.362108-04:00 WarpnixOS kernel: kvm-guest: PV spinlocks enabled
2026-07-15T09:36:21.362115-04:00 WarpnixOS kernel: PV qspinlock hash table entries: 256 (order: 0, 4096 bytes, linear)
2026-07-15T09:36:21.362115-04:00 WarpnixOS kernel: Kernel command line: BOOT_IMAGE=/boot/vmlinuz-7.0.0-22-generic root=UUID=d28f9adf-16f0-4a19-9b08-4f5bead6a937 ro quiet splash
2026-07-15T09:36:21.362115-04:00 WarpnixOS kernel: Unknown kernel command line parameters "splash", will be passed to user space.
2026-07-15T09:36:21.362115-04:00 WarpnixOS kernel: random: crng init done
2026-07-15T09:36:21.362116-04:00 WarpnixOS kernel: printk: log buffer data + meta data: 262144 + 1114112 = 1376256 bytes
2026-07-15T09:36:21.362116-04:00 WarpnixOS kernel: Dentry cache hash table entries: 2097152 (order: 12, 16777216 bytes, linear)
2026-07-15T09:36:21.362160-04:00 WarpnixOS kernel: Inode-cache hash table entries: 1048576 (order: 11, 8388608 bytes, linear)
2026-07-15T09:36:21.362162-04:00 WarpnixOS kernel: software IO TLB: area num 8.
2026-07-15T09:36:21.362162-04:00 WarpnixOS kernel: Fallback order for Node 0: 0 
2026-07-15T09:36:21.362162-04:00 WarpnixOS kernel: Built 1 zonelists, mobility grouping on.  Total pages: 3145614
2026-07-15T09:36:21.362162-04:00 WarpnixOS kernel: Policy zone: Normal
2026-07-15T09:36:21.362163-04:00 WarpnixOS kernel: mem auto-init: stack:all(zero), heap alloc:on, heap free:off
2026-07-15T09:36:21.362163-04:00 WarpnixOS kernel: SLUB: HWalign=64, Order=0-3, MinObjects=0, CPUs=8, Nodes=1
2026-07-15T09:36:21.362165-04:00 WarpnixOS kernel: ftrace: allocating 63887 entries in 252 pages
2026-07-15T09:36:21.362165-04:00 WarpnixOS kernel: ftrace: allocated 252 pages with 6 groups
2026-07-15T09:36:21.362165-04:00 WarpnixOS kernel: Dynamic Preempt: lazy
2026-07-15T09:36:21.362166-04:00 WarpnixOS kernel: rcu: Preemptible hierarchical RCU implementation.
2026-07-15T09:36:21.362166-04:00 WarpnixOS kernel: rcu: 	RCU restricting CPUs from NR_CPUS=8192 to nr_cpu_ids=8.
2026-07-15T09:36:21.362166-04:00 WarpnixOS kernel: 	Trampoline variant of Tasks RCU enabled.
2026-07-15T09:36:21.362168-04:00 WarpnixOS kernel: 	Rude variant of Tasks RCU enabled.
2026-07-15T09:36:21.362168-04:00 WarpnixOS kernel: 	Tracing variant of Tasks RCU enabled.
2026-07-15T09:36:21.362168-04:00 WarpnixOS kernel: rcu: RCU calculated value of scheduler-enlistment delay is 100 jiffies.
2026-07-15T09:36:21.362168-04:00 WarpnixOS kernel: rcu: Adjusting geometry for rcu_fanout_leaf=16, nr_cpu_ids=8
2026-07-15T09:36:21.362169-04:00 WarpnixOS kernel: RCU Tasks: Setting shift to 3 and lim to 1 rcu_task_cb_adjust=1 rcu_task_cpu_ids=8.
2026-07-15T09:36:21.362169-04:00 WarpnixOS kernel: RCU Tasks Rude: Setting shift to 3 and lim to 1 rcu_task_cb_adjust=1 rcu_task_cpu_ids=8.
2026-07-15T09:36:21.362169-04:00 WarpnixOS kernel: NR_IRQS: 524544, nr_irqs: 488, preallocated irqs: 16
2026-07-15T09:36:21.362175-04:00 WarpnixOS kernel: rcu: srcu_init: Setting srcu_struct sizes based on contention.
2026-07-15T09:36:21.362176-04:00 WarpnixOS kernel: Console: colour VGA+ 80x25
2026-07-15T09:36:21.362176-04:00 WarpnixOS kernel: printk: legacy console [tty0] enabled
2026-07-15T09:36:21.362176-04:00 WarpnixOS kernel: ACPI: Core revision 20251212
2026-07-15T09:36:21.362176-04:00 WarpnixOS kernel: APIC: Switch to symmetric I/O mode setup
2026-07-15T09:36:21.362176-04:00 WarpnixOS kernel: x2apic enabled
2026-07-15T09:36:21.362178-04:00 WarpnixOS kernel: APIC: Switched APIC routing to: physical x2apic
2026-07-15T09:36:21.362178-04:00 WarpnixOS kernel: ..TIMER: vector=0x30 apic1=0 pin1=2 apic2=-1 pin2=-1
2026-07-15T09:36:21.362178-04:00 WarpnixOS kernel: clocksource: tsc-early: mask: 0xffffffffffffffff max_cycles: 0x3c6d4d0b6d3, max_idle_ns: 440795255641 ns
2026-07-15T09:36:21.362179-04:00 WarpnixOS kernel: Calibrating delay loop (skipped) preset value.. 8384.24 BogoMIPS (lpj=4192120)
2026-07-15T09:36:21.362179-04:00 WarpnixOS kernel: Last level iTLB entries: 4KB 512, 2MB 512, 4MB 256
2026-07-15T09:36:21.362179-04:00 WarpnixOS kernel: Last level dTLB entries: 4KB 3072, 2MB 3072, 4MB 1536, 1GB 0
2026-07-15T09:36:21.362181-04:00 WarpnixOS kernel: mitigations: Enabled attack vectors: user_kernel, user_user, guest_host, guest_guest, SMT mitigations: auto
2026-07-15T09:36:21.362181-04:00 WarpnixOS kernel: Speculative Return Stack Overflow: IBPB-extending microcode not applied!
2026-07-15T09:36:21.362181-04:00 WarpnixOS kernel: Speculative Return Stack Overflow: WARNING: See https://kernel.org/doc/html/latest/admin-guide/hw-vuln/srso.html for mitigation options.
2026-07-15T09:36:21.362181-04:00 WarpnixOS kernel: Transient Scheduler Attacks: Vulnerable: No microcode
2026-07-15T09:36:21.362181-04:00 WarpnixOS kernel: Spectre V2 : Mitigation: Retpolines
2026-07-15T09:36:21.362182-04:00 WarpnixOS kernel: Speculative Return Stack Overflow: Vulnerable: Safe RET, no microcode
2026-07-15T09:36:21.362184-04:00 WarpnixOS kernel: Spectre V1 : Mitigation: usercopy/swapgs barriers and __user pointer sanitization
2026-07-15T09:36:21.362184-04:00 WarpnixOS kernel: Spectre V2 : Spectre v2 / SpectreRSB: Filling RSB on context switch and VMEXIT
2026-07-15T09:36:21.362184-04:00 WarpnixOS kernel: Spectre V2 : mitigation: Enabling conditional Indirect Branch Prediction Barrier
2026-07-15T09:36:21.362184-04:00 WarpnixOS kernel: active return thunk: srso_alias_return_thunk
2026-07-15T09:36:21.362184-04:00 WarpnixOS kernel: x86/fpu: Supporting XSAVE feature 0x001: 'x87 floating point registers'
2026-07-15T09:36:21.362185-04:00 WarpnixOS kernel: x86/fpu: Supporting XSAVE feature 0x002: 'SSE registers'
2026-07-15T09:36:21.362185-04:00 WarpnixOS kernel: x86/fpu: Supporting XSAVE feature 0x004: 'AVX registers'
2026-07-15T09:36:21.362187-04:00 WarpnixOS kernel: x86/fpu: xstate_offset[2]:  576, xstate_sizes[2]:  256
2026-07-15T09:36:21.362187-04:00 WarpnixOS kernel: x86/fpu: Enabled xstate features 0x7, context size is 832 bytes, using 'standard' format.
2026-07-15T09:36:21.362187-04:00 WarpnixOS kernel: Freeing SMP alternatives memory: 56K
2026-07-15T09:36:21.362187-04:00 WarpnixOS kernel: pid_max: default: 32768 minimum: 301
2026-07-15T09:36:21.362187-04:00 WarpnixOS kernel: landlock: Up and running.
2026-07-15T09:36:21.362188-04:00 WarpnixOS kernel: Yama: becoming mindful.
2026-07-15T09:36:21.362189-04:00 WarpnixOS kernel: AppArmor: AppArmor initialized
2026-07-15T09:36:21.362189-04:00 WarpnixOS kernel: AppArmor: AppArmor secmark mediation reserved: ready to be enabled
2026-07-15T09:36:21.362190-04:00 WarpnixOS kernel: Mount-cache hash table entries: 32768 (order: 6, 262144 bytes, linear)
2026-07-15T09:36:21.362190-04:00 WarpnixOS kernel: Mountpoint-cache hash table entries: 32768 (order: 6, 262144 bytes, linear)
2026-07-15T09:36:21.362190-04:00 WarpnixOS kernel: VFS: Finished mounting rootfs on nullfs
2026-07-15T09:36:21.362190-04:00 WarpnixOS kernel: APIC calibration not consistent with PM-Timer: 126ms instead of 100ms
2026-07-15T09:36:21.362190-04:00 WarpnixOS kernel: APIC delta adjusted to PM-Timer: 6299275 (7968129)
2026-07-15T09:36:21.362192-04:00 WarpnixOS kernel: smpboot: CPU0: AMD Ryzen 7 7800X3D 8-Core Processor (family: 0x19, model: 0x61, stepping: 0x2)
2026-07-15T09:36:21.362192-04:00 WarpnixOS kernel: Performance Events: PMU not available due to virtualization, using software events only.
2026-07-15T09:36:21.362192-04:00 WarpnixOS kernel: signal: max sigframe size: 1776
2026-07-15T09:36:21.362193-04:00 WarpnixOS kernel: rcu: Hierarchical SRCU implementation.
2026-07-15T09:36:21.362193-04:00 WarpnixOS kernel: rcu: 	Max phase no-delay instances is 400.
2026-07-15T09:36:21.362193-04:00 WarpnixOS kernel: Timer migration: 1 hierarchy levels; 8 children per group; 1 crossnode level
2026-07-15T09:36:21.362194-04:00 WarpnixOS kernel: NMI watchdog: Perf NMI watchdog permanently disabled
2026-07-15T09:36:21.362195-04:00 WarpnixOS kernel: smp: Bringing up secondary CPUs ...
2026-07-15T09:36:21.362195-04:00 WarpnixOS kernel: smpboot: x86: Booting SMP configuration:
2026-07-15T09:36:21.362195-04:00 WarpnixOS kernel: .... node  #0, CPUs:      #1 #2 #3 #4 #5 #6 #7
2026-07-15T09:36:21.362195-04:00 WarpnixOS kernel: smp: Brought up 1 node, 8 CPUs
2026-07-15T09:36:21.362195-04:00 WarpnixOS kernel: smpboot: Total of 8 processors activated (67073.92 BogoMIPS)
2026-07-15T09:36:21.362197-04:00 WarpnixOS kernel: Memory: 9949620K/12582456K available (23771K kernel code, 4949K rwdata, 16748K rodata, 5292K init, 5860K bss, 2623328K reserved, 0K cma-reserved)
2026-07-15T09:36:21.362197-04:00 WarpnixOS kernel: devtmpfs: initialized
2026-07-15T09:36:21.362197-04:00 WarpnixOS kernel: x86/mm: Memory block size: 128MB
2026-07-15T09:36:21.362198-04:00 WarpnixOS kernel: clocksource: jiffies: mask: 0xffffffff max_cycles: 0xffffffff, max_idle_ns: 1911260446275000 ns
2026-07-15T09:36:21.362198-04:00 WarpnixOS kernel: posixtimers hash table entries: 4096 (order: 4, 65536 bytes, linear)
2026-07-15T09:36:21.362198-04:00 WarpnixOS kernel: futex hash table entries: 2048 (131072 bytes on 1 NUMA nodes, total 128 KiB, linear).
2026-07-15T09:36:21.362198-04:00 WarpnixOS kernel: PM: RTC time: 13:36:14, date: 2026-07-15
2026-07-15T09:36:21.362200-04:00 WarpnixOS kernel: NET: Registered PF_NETLINK/PF_ROUTE protocol family
2026-07-15T09:36:21.362200-04:00 WarpnixOS kernel: DMA: preallocated 2048 KiB GFP_KERNEL pool for atomic allocations
2026-07-15T09:36:21.362200-04:00 WarpnixOS kernel: DMA: preallocated 2048 KiB GFP_KERNEL|GFP_DMA pool for atomic allocations
2026-07-15T09:36:21.362200-04:00 WarpnixOS kernel: DMA: preallocated 2048 KiB GFP_KERNEL|GFP_DMA32 pool for atomic allocations
2026-07-15T09:36:21.362200-04:00 WarpnixOS kernel: audit: initializing netlink subsys (disabled)
2026-07-15T09:36:21.362200-04:00 WarpnixOS kernel: audit: type=2000 audit(1784122581.459:1): state=initialized audit_enabled=0 res=1
2026-07-15T09:36:21.362202-04:00 WarpnixOS kernel: thermal_sys: Registered thermal governor 'fair_share'
2026-07-15T09:36:21.362202-04:00 WarpnixOS kernel: thermal_sys: Registered thermal governor 'bang_bang'
2026-07-15T09:36:21.362202-04:00 WarpnixOS kernel: thermal_sys: Registered thermal governor 'step_wise'
2026-07-15T09:36:21.362203-04:00 WarpnixOS kernel: thermal_sys: Registered thermal governor 'user_space'
2026-07-15T09:36:21.362203-04:00 WarpnixOS kernel: thermal_sys: Registered thermal governor 'power_allocator'
2026-07-15T09:36:21.362203-04:00 WarpnixOS kernel: cpuidle: using governor ladder
2026-07-15T09:36:21.362204-04:00 WarpnixOS kernel: cpuidle: using governor menu
2026-07-15T09:36:21.362205-04:00 WarpnixOS kernel: acpiphp: ACPI Hot Plug PCI Controller Driver version: 0.5
2026-07-15T09:36:21.362205-04:00 WarpnixOS kernel: PCI: Using configuration type 1 for base access
2026-07-15T09:36:21.362205-04:00 WarpnixOS kernel: PCI: Using configuration type 1 for extended access
2026-07-15T09:36:21.362205-04:00 WarpnixOS kernel: kprobes: kprobe jump-optimization is enabled. All kprobes are optimized if possible.
2026-07-15T09:36:21.362205-04:00 WarpnixOS kernel: HugeTLB: registered 2.00 MiB page size, pre-allocated 0 pages
2026-07-15T09:36:21.362205-04:00 WarpnixOS kernel: HugeTLB: 28 KiB vmemmap can be freed for a 2.00 MiB page
2026-07-15T09:36:21.362211-04:00 WarpnixOS kernel: ACPI: Added _OSI(Module Device)
2026-07-15T09:36:21.362211-04:00 WarpnixOS kernel: ACPI: Added _OSI(Processor Device)
2026-07-15T09:36:21.362211-04:00 WarpnixOS kernel: ACPI: Added _OSI(Processor Aggregator Device)
2026-07-15T09:36:21.362211-04:00 WarpnixOS kernel: ACPI: 2 ACPI AML tables successfully acquired and loaded
2026-07-15T09:36:21.362211-04:00 WarpnixOS kernel: ACPI: \_SB_: platform _OSC: OS support mask [006e7eff]
2026-07-15T09:36:21.362212-04:00 WarpnixOS kernel: ACPI: Interpreter enabled
2026-07-15T09:36:21.362217-04:00 WarpnixOS kernel: ACPI: PM: (supports S0 S5)
2026-07-15T09:36:21.362218-04:00 WarpnixOS kernel: ACPI: Using IOAPIC for interrupt routing
2026-07-15T09:36:21.362218-04:00 WarpnixOS kernel: PCI: Using host bridge windows from ACPI; if necessary, use "pci=nocrs" and report a bug
2026-07-15T09:36:21.362218-04:00 WarpnixOS kernel: PCI: Using E820 reservations for host bridge windows
2026-07-15T09:36:21.362218-04:00 WarpnixOS kernel: ACPI: Enabled 2 GPEs in block 00 to 07
2026-07-15T09:36:21.362218-04:00 WarpnixOS kernel: ACPI: PCI Root Bridge [PCI0] (domain 0000 [bus 00-ff])
2026-07-15T09:36:21.362265-04:00 WarpnixOS kernel: acpi PNP0A03:00: _OSC: OS supports [ExtendedConfig ASPM ClockPM Segments MSI EDR HPX-Type3]
2026-07-15T09:36:21.362269-04:00 WarpnixOS kernel: acpi PNP0A03:00: _OSC: platform does not support [PCIeCapability LTR DPC]
2026-07-15T09:36:21.362269-04:00 WarpnixOS kernel: acpi PNP0A03:00: _OSC: not requesting control; platform does not support [PCIeCapability]
2026-07-15T09:36:21.362269-04:00 WarpnixOS kernel: acpi PNP0A03:00: _OSC: OS requested [PCIeHotplug SHPCHotplug PME AER PCIeCapability LTR DPC]
2026-07-15T09:36:21.362269-04:00 WarpnixOS kernel: acpi PNP0A03:00: _OSC: platform willing to grant [PCIeHotplug SHPCHotplug PME AER]
2026-07-15T09:36:21.362269-04:00 WarpnixOS kernel: acpi PNP0A03:00: _OSC: platform retains control of PCIe features (AE_SUPPORT)
2026-07-15T09:36:21.362270-04:00 WarpnixOS kernel: PCI host bridge to bus 0000:00
2026-07-15T09:36:21.362273-04:00 WarpnixOS kernel: pci_bus 0000:00: root bus resource [io  0x0000-0x0cf7 window]
2026-07-15T09:36:21.362273-04:00 WarpnixOS kernel: pci_bus 0000:00: root bus resource [io  0x0d00-0xffff window]
2026-07-15T09:36:21.362273-04:00 WarpnixOS kernel: pci_bus 0000:00: root bus resource [mem 0x000a0000-0x000bffff window]
2026-07-15T09:36:21.362273-04:00 WarpnixOS kernel: pci_bus 0000:00: root bus resource [mem 0xe0000000-0xfdffffff window]
2026-07-15T09:36:21.362286-04:00 WarpnixOS kernel: pci_bus 0000:00: root bus resource [bus 00-ff]
2026-07-15T09:36:21.362286-04:00 WarpnixOS kernel: pci 0000:00:00.0: [8086:1237] type 00 class 0x060000 conventional PCI endpoint
2026-07-15T09:36:21.362289-04:00 WarpnixOS kernel: pci 0000:00:01.0: [8086:7000] type 00 class 0x060100 conventional PCI endpoint
2026-07-15T09:36:21.362290-04:00 WarpnixOS kernel: pci 0000:00:01.1: [8086:7111] type 00 class 0x01018a conventional PCI endpoint
2026-07-15T09:36:21.362290-04:00 WarpnixOS kernel: pci 0000:00:01.1: BAR 4 [io  0xd000-0xd00f]
2026-07-15T09:36:21.362290-04:00 WarpnixOS kernel: pci 0000:00:01.1: BAR 0 [io  0x01f0-0x01f7]: legacy IDE quirk
2026-07-15T09:36:21.362290-04:00 WarpnixOS kernel: pci 0000:00:01.1: BAR 1 [io  0x03f6]: legacy IDE quirk
2026-07-15T09:36:21.362291-04:00 WarpnixOS kernel: pci 0000:00:01.1: BAR 2 [io  0x0170-0x0177]: legacy IDE quirk
2026-07-15T09:36:21.362291-04:00 WarpnixOS kernel: pci 0000:00:01.1: BAR 3 [io  0x0376]: legacy IDE quirk
2026-07-15T09:36:21.362299-04:00 WarpnixOS kernel: pci 0000:00:02.0: [15ad:0405] type 00 class 0x030000 conventional PCI endpoint
2026-07-15T09:36:21.362300-04:00 WarpnixOS kernel: pci 0000:00:02.0: BAR 0 [io  0xd010-0xd01f]
2026-07-15T09:36:21.362300-04:00 WarpnixOS kernel: pci 0000:00:02.0: BAR 1 [mem 0xe0000000-0xe7ffffff pref]
2026-07-15T09:36:21.362300-04:00 WarpnixOS kernel: pci 0000:00:02.0: BAR 2 [mem 0xf0000000-0xf01fffff]
2026-07-15T09:36:21.362300-04:00 WarpnixOS kernel: pci 0000:00:02.0: Video device with shadowed ROM at [mem 0x000c0000-0x000dffff]
2026-07-15T09:36:21.362301-04:00 WarpnixOS kernel: pci 0000:00:03.0: [8086:100e] type 00 class 0x020000 conventional PCI endpoint
2026-07-15T09:36:21.362304-04:00 WarpnixOS kernel: pci 0000:00:03.0: BAR 0 [mem 0xf0200000-0xf021ffff]
2026-07-15T09:36:21.362304-04:00 WarpnixOS kernel: pci 0000:00:03.0: BAR 2 [io  0xd020-0xd027]
2026-07-15T09:36:21.362304-04:00 WarpnixOS kernel: pci 0000:00:04.0: [80ee:cafe] type 00 class 0x088000 conventional PCI endpoint
2026-07-15T09:36:21.362304-04:00 WarpnixOS kernel: pci 0000:00:04.0: BAR 0 [io  0xd040-0xd05f]
2026-07-15T09:36:21.362304-04:00 WarpnixOS kernel: pci 0000:00:04.0: BAR 1 [mem 0xf0400000-0xf07fffff]
2026-07-15T09:36:21.362305-04:00 WarpnixOS kernel: pci 0000:00:04.0: BAR 2 [mem 0xf0800000-0xf0803fff pref]
2026-07-15T09:36:21.362305-04:00 WarpnixOS kernel: pci 0000:00:05.0: [8086:2415] type 00 class 0x040100 conventional PCI endpoint
2026-07-15T09:36:21.362308-04:00 WarpnixOS kernel: pci 0000:00:05.0: BAR 0 [io  0xd100-0xd1ff]
2026-07-15T09:36:21.362308-04:00 WarpnixOS kernel: pci 0000:00:05.0: BAR 1 [io  0xd200-0xd23f]
2026-07-15T09:36:21.362308-04:00 WarpnixOS kernel: pci 0000:00:06.0: [106b:003f] type 00 class 0x0c0310 conventional PCI endpoint
2026-07-15T09:36:21.362308-04:00 WarpnixOS kernel: pci 0000:00:06.0: BAR 0 [mem 0xf0804000-0xf0804fff]
2026-07-15T09:36:21.362309-04:00 WarpnixOS kernel: pci 0000:00:07.0: [8086:7113] type 00 class 0x068000 conventional PCI endpoint
2026-07-15T09:36:21.362309-04:00 WarpnixOS kernel: pci 0000:00:07.0: quirk: [io  0x4000-0x403f] claimed by PIIX4 ACPI
2026-07-15T09:36:21.362312-04:00 WarpnixOS kernel: pci 0000:00:07.0: quirk: [io  0x4100-0x410f] claimed by PIIX4 SMB
2026-07-15T09:36:21.362312-04:00 WarpnixOS kernel: pci 0000:00:0b.0: [8086:265c] type 00 class 0x0c0320 conventional PCI endpoint
2026-07-15T09:36:21.362312-04:00 WarpnixOS kernel: pci 0000:00:0b.0: BAR 0 [mem 0xf0805000-0xf0805fff]
2026-07-15T09:36:21.362312-04:00 WarpnixOS kernel: pci 0000:00:0d.0: [8086:2829] type 00 class 0x010601 conventional PCI endpoint
2026-07-15T09:36:21.362312-04:00 WarpnixOS kernel: pci 0000:00:0d.0: BAR 0 [io  0xd240-0xd247]
2026-07-15T09:36:21.362313-04:00 WarpnixOS kernel: pci 0000:00:0d.0: BAR 1 [io  0xd248-0xd24b]
2026-07-15T09:36:21.362316-04:00 WarpnixOS kernel: pci 0000:00:0d.0: BAR 2 [io  0xd250-0xd257]
2026-07-15T09:36:21.362316-04:00 WarpnixOS kernel: pci 0000:00:0d.0: BAR 3 [io  0xd258-0xd25b]
2026-07-15T09:36:21.362316-04:00 WarpnixOS kernel: pci 0000:00:0d.0: BAR 4 [io  0xd260-0xd26f]
2026-07-15T09:36:21.362316-04:00 WarpnixOS kernel: pci 0000:00:0d.0: BAR 5 [mem 0xf0806000-0xf0807fff]
2026-07-15T09:36:21.362317-04:00 WarpnixOS kernel: ACPI: PCI: Interrupt link LNKA configured for IRQ 11
2026-07-15T09:36:21.362317-04:00 WarpnixOS kernel: ACPI: PCI: Interrupt link LNKB configured for IRQ 10
2026-07-15T09:36:21.362318-04:00 WarpnixOS kernel: ACPI: PCI: Interrupt link LNKC configured for IRQ 9
2026-07-15T09:36:21.362321-04:00 WarpnixOS kernel: ACPI: PCI: Interrupt link LNKD configured for IRQ 11
2026-07-15T09:36:21.362321-04:00 WarpnixOS kernel: iommu: Default domain type: Translated
2026-07-15T09:36:21.362321-04:00 WarpnixOS kernel: iommu: DMA domain TLB invalidation policy: lazy mode
2026-07-15T09:36:21.362321-04:00 WarpnixOS kernel: SCSI subsystem initialized
2026-07-15T09:36:21.362321-04:00 WarpnixOS kernel: libata version 3.00 loaded.
2026-07-15T09:36:21.362322-04:00 WarpnixOS kernel: ACPI: bus type USB registered
2026-07-15T09:36:21.362325-04:00 WarpnixOS kernel: usbcore: registered new interface driver usbfs
2026-07-15T09:36:21.362325-04:00 WarpnixOS kernel: usbcore: registered new interface driver hub
2026-07-15T09:36:21.362325-04:00 WarpnixOS kernel: usbcore: registered new device driver usb
2026-07-15T09:36:21.362325-04:00 WarpnixOS kernel: pps_core: LinuxPPS API ver. 1 registered
2026-07-15T09:36:21.362325-04:00 WarpnixOS kernel: pps_core: Software ver. 5.3.6 - Copyright 2005-2007 Rodolfo Giometti <giometti@linux.it>
2026-07-15T09:36:21.362325-04:00 WarpnixOS kernel: PTP clock support registered
2026-07-15T09:36:21.362326-04:00 WarpnixOS kernel: EDAC MC: Ver: 3.0.0
2026-07-15T09:36:21.362330-04:00 WarpnixOS kernel: NetLabel: Initializing
2026-07-15T09:36:21.362330-04:00 WarpnixOS kernel: NetLabel:  domain hash size = 128
2026-07-15T09:36:21.362330-04:00 WarpnixOS kernel: NetLabel:  protocols = UNLABELED CIPSOv4 CALIPSO
2026-07-15T09:36:21.362330-04:00 WarpnixOS kernel: NetLabel:  unlabeled traffic allowed by default
2026-07-15T09:36:21.362331-04:00 WarpnixOS kernel: mctp: management component transport protocol core
2026-07-15T09:36:21.362331-04:00 WarpnixOS kernel: NET: Registered PF_MCTP protocol family
2026-07-15T09:36:21.362334-04:00 WarpnixOS kernel: PCI: Using ACPI for IRQ routing
2026-07-15T09:36:21.362334-04:00 WarpnixOS kernel: PCI: pci_cache_line_size set to 64 bytes
2026-07-15T09:36:21.362334-04:00 WarpnixOS kernel: e820: register RAM buffer resource [mem 0x0009fc00-0x0009ffff]
2026-07-15T09:36:21.362334-04:00 WarpnixOS kernel: e820: register RAM buffer resource [mem 0xdfff0000-0xdfffffff]
2026-07-15T09:36:21.362335-04:00 WarpnixOS kernel: pci 0000:00:02.0: vgaarb: setting as boot VGA device
2026-07-15T09:36:21.362335-04:00 WarpnixOS kernel: pci 0000:00:02.0: vgaarb: bridge control possible
2026-07-15T09:36:21.362338-04:00 WarpnixOS kernel: pci 0000:00:02.0: vgaarb: VGA device added: decodes=io+mem,owns=io+mem,locks=none
2026-07-15T09:36:21.362338-04:00 WarpnixOS kernel: vgaarb: loaded
2026-07-15T09:36:21.362338-04:00 WarpnixOS kernel: clocksource: Switched to clocksource kvm-clock
2026-07-15T09:36:21.362338-04:00 WarpnixOS kernel: VFS: Disk quotas dquot_6.6.0
2026-07-15T09:36:21.362338-04:00 WarpnixOS kernel: VFS: Dquot-cache hash table entries: 512 (order 0, 4096 bytes)
2026-07-15T09:36:21.362339-04:00 WarpnixOS kernel: AppArmor: AppArmor Filesystem Enabled
2026-07-15T09:36:21.362339-04:00 WarpnixOS kernel: pnp: PnP ACPI init
2026-07-15T09:36:21.362342-04:00 WarpnixOS kernel: pnp: PnP ACPI: found 2 devices
2026-07-15T09:36:21.362342-04:00 WarpnixOS kernel: clocksource: acpi_pm: mask: 0xffffff max_cycles: 0xffffff, max_idle_ns: 2085701024 ns
2026-07-15T09:36:21.362343-04:00 WarpnixOS kernel: NET: Registered PF_INET protocol family
2026-07-15T09:36:21.362343-04:00 WarpnixOS kernel: IP idents hash table entries: 262144 (order: 9, 2097152 bytes, linear)
2026-07-15T09:36:21.362343-04:00 WarpnixOS kernel: tcp_listen_portaddr_hash hash table entries: 8192 (order: 5, 131072 bytes, linear)
2026-07-15T09:36:21.362343-04:00 WarpnixOS kernel: Table-perturb hash table entries: 65536 (order: 6, 262144 bytes, linear)
2026-07-15T09:36:21.362346-04:00 WarpnixOS kernel: TCP established hash table entries: 131072 (order: 8, 1048576 bytes, linear)
2026-07-15T09:36:21.362346-04:00 WarpnixOS kernel: TCP bind hash table entries: 65536 (order: 9, 2097152 bytes, linear)
2026-07-15T09:36:21.362346-04:00 WarpnixOS kernel: TCP: Hash tables configured (established 131072 bind 65536)
2026-07-15T09:36:21.362347-04:00 WarpnixOS kernel: MPTCP token hash table entries: 16384 (order: 7, 393216 bytes, linear)
2026-07-15T09:36:21.362347-04:00 WarpnixOS kernel: UDP hash table entries: 8192 (order: 7, 524288 bytes, linear)
2026-07-15T09:36:21.362347-04:00 WarpnixOS kernel: UDP-Lite hash table entries: 8192 (order: 7, 524288 bytes, linear)
2026-07-15T09:36:21.362347-04:00 WarpnixOS kernel: NET: Registered PF_UNIX/PF_LOCAL protocol family
2026-07-15T09:36:21.362350-04:00 WarpnixOS kernel: NET: Registered PF_XDP protocol family
2026-07-15T09:36:21.362350-04:00 WarpnixOS kernel: pci_bus 0000:00: resource 4 [io  0x0000-0x0cf7 window]
2026-07-15T09:36:21.362350-04:00 WarpnixOS kernel: pci_bus 0000:00: resource 5 [io  0x0d00-0xffff window]
2026-07-15T09:36:21.362351-04:00 WarpnixOS kernel: pci_bus 0000:00: resource 6 [mem 0x000a0000-0x000bffff window]
2026-07-15T09:36:21.362351-04:00 WarpnixOS kernel: pci_bus 0000:00: resource 7 [mem 0xe0000000-0xfdffffff window]
2026-07-15T09:36:21.362351-04:00 WarpnixOS kernel: pci 0000:00:00.0: Limiting direct PCI/PCI transfers
2026-07-15T09:36:21.362360-04:00 WarpnixOS kernel: PCI: CLS 0 bytes, default 64
2026-07-15T09:36:21.362361-04:00 WarpnixOS kernel: PCI-DMA: Using software bounce buffering for IO (SWIOTLB)
2026-07-15T09:36:21.362361-04:00 WarpnixOS kernel: software IO TLB: mapped [mem 0x00000000dbff0000-0x00000000dfff0000] (64MB)
2026-07-15T09:36:21.362361-04:00 WarpnixOS kernel: clocksource: tsc: mask: 0xffffffffffffffff max_cycles: 0x3c6d4d0b6d3, max_idle_ns: 440795255641 ns
2026-07-15T09:36:21.362361-04:00 WarpnixOS kernel: Trying to unpack rootfs image as initramfs...
2026-07-15T09:36:21.362362-04:00 WarpnixOS kernel: clocksource: Switched to clocksource tsc
2026-07-15T09:36:21.362408-04:00 WarpnixOS kernel: platform rtc_cmos: registered platform RTC device (no PNP device found)
2026-07-15T09:36:21.362408-04:00 WarpnixOS kernel: Initialise system trusted keyrings
2026-07-15T09:36:21.362409-04:00 WarpnixOS kernel: Key type blacklist registered
2026-07-15T09:36:21.362409-04:00 WarpnixOS kernel: workingset: timestamp_bits=36 max_order=22 bucket_order=0
2026-07-15T09:36:21.362409-04:00 WarpnixOS kernel: squashfs: version 4.0 (2009/01/31) Phillip Lougher
2026-07-15T09:36:21.362409-04:00 WarpnixOS kernel: fuse: init (API version 7.45)
2026-07-15T09:36:21.362409-04:00 WarpnixOS kernel: integrity: Platform Keyring initialized
2026-07-15T09:36:21.362412-04:00 WarpnixOS kernel: integrity: Machine keyring initialized
2026-07-15T09:36:21.362412-04:00 WarpnixOS kernel: Key type asymmetric registered
2026-07-15T09:36:21.362413-04:00 WarpnixOS kernel: Asymmetric key parser 'x509' registered
2026-07-15T09:36:21.362413-04:00 WarpnixOS kernel: Block layer SCSI generic (bsg) driver version 0.4 loaded (major 242)
2026-07-15T09:36:21.362413-04:00 WarpnixOS kernel: io scheduler mq-deadline registered
2026-07-15T09:36:21.362413-04:00 WarpnixOS kernel: ledtrig-cpu: registered to indicate activity on CPUs
2026-07-15T09:36:21.362421-04:00 WarpnixOS kernel: ACPI: AC: AC Adapter [AC] (on-line)
2026-07-15T09:36:21.362421-04:00 WarpnixOS kernel: input: Power Button as /devices/platform/LNXPWRBN:00/input/input0
2026-07-15T09:36:21.362421-04:00 WarpnixOS kernel: ACPI: button: Power Button [PWRF]
2026-07-15T09:36:21.362422-04:00 WarpnixOS kernel: input: Sleep Button as /devices/platform/LNXSLPBN:00/input/input1
2026-07-15T09:36:21.362422-04:00 WarpnixOS kernel: ACPI: button: Sleep Button [SLPF]
2026-07-15T09:36:21.362422-04:00 WarpnixOS kernel: Serial: 8250/16550 driver, 32 ports, IRQ sharing enabled
2026-07-15T09:36:21.362422-04:00 WarpnixOS kernel: Linux agpgart interface v0.103
2026-07-15T09:36:21.362425-04:00 WarpnixOS kernel: Freeing initrd memory: 210424K
2026-07-15T09:36:21.362426-04:00 WarpnixOS kernel: loop: module loaded
2026-07-15T09:36:21.362426-04:00 WarpnixOS kernel: scsi host0: ata_piix
2026-07-15T09:36:21.362426-04:00 WarpnixOS kernel: scsi host1: ata_piix
2026-07-15T09:36:21.362426-04:00 WarpnixOS kernel: ata1: PATA max UDMA/33 cmd 0x1f0 ctl 0x3f6 bmdma 0xd000 irq 14 lpm-pol 0
2026-07-15T09:36:21.362426-04:00 WarpnixOS kernel: ata2: PATA max UDMA/33 cmd 0x170 ctl 0x376 bmdma 0xd008 irq 15 lpm-pol 0
2026-07-15T09:36:21.362429-04:00 WarpnixOS kernel: ACPI: bus type drm_connector registered
2026-07-15T09:36:21.362430-04:00 WarpnixOS kernel: tun: Universal TUN/TAP device driver, 1.6
2026-07-15T09:36:21.362430-04:00 WarpnixOS kernel: PPP generic driver version 2.4.2
2026-07-15T09:36:21.362430-04:00 WarpnixOS kernel: ohci-pci 0000:00:06.0: OHCI PCI host controller
2026-07-15T09:36:21.362430-04:00 WarpnixOS kernel: ohci-pci 0000:00:06.0: new USB bus registered, assigned bus number 1
2026-07-15T09:36:21.362430-04:00 WarpnixOS kernel: ohci-pci 0000:00:06.0: irq 22, io mem 0xf0804000
2026-07-15T09:36:21.362433-04:00 WarpnixOS kernel: usb usb1: New USB device found, idVendor=1d6b, idProduct=0001, bcdDevice= 7.00
2026-07-15T09:36:21.362433-04:00 WarpnixOS kernel: usb usb1: New USB device strings: Mfr=3, Product=2, SerialNumber=1
2026-07-15T09:36:21.362434-04:00 WarpnixOS kernel: usb usb1: Product: OHCI PCI host controller
2026-07-15T09:36:21.362434-04:00 WarpnixOS kernel: usb usb1: Manufacturer: Linux 7.0.0-22-generic ohci_hcd
2026-07-15T09:36:21.362434-04:00 WarpnixOS kernel: usb usb1: SerialNumber: 0000:00:06.0
2026-07-15T09:36:21.362434-04:00 WarpnixOS kernel: hub 1-0:1.0: USB hub found
2026-07-15T09:36:21.362434-04:00 WarpnixOS kernel: hub 1-0:1.0: 12 ports detected
2026-07-15T09:36:21.362437-04:00 WarpnixOS kernel: ehci-pci 0000:00:0b.0: EHCI Host Controller
2026-07-15T09:36:21.362437-04:00 WarpnixOS kernel: ehci-pci 0000:00:0b.0: new USB bus registered, assigned bus number 2
2026-07-15T09:36:21.362438-04:00 WarpnixOS kernel: i8042: PNP: PS/2 Controller [PNP0303:PS2K,PNP0f03:PS2M] at 0x60,0x64 irq 1,12
2026-07-15T09:36:21.362438-04:00 WarpnixOS kernel: ehci-pci 0000:00:0b.0: irq 19, io mem 0xf0805000
2026-07-15T09:36:21.362438-04:00 WarpnixOS kernel: serio: i8042 KBD port at 0x60,0x64 irq 1
2026-07-15T09:36:21.362438-04:00 WarpnixOS kernel: serio: i8042 AUX port at 0x60,0x64 irq 12
2026-07-15T09:36:21.362441-04:00 WarpnixOS kernel: mousedev: PS/2 mouse device common for all mice
2026-07-15T09:36:21.362441-04:00 WarpnixOS kernel: rtc_cmos rtc_cmos: registered as rtc0
2026-07-15T09:36:21.362441-04:00 WarpnixOS kernel: rtc_cmos rtc_cmos: setting system clock to 2026-07-15T13:36:14 UTC (1784122574)
2026-07-15T09:36:21.362442-04:00 WarpnixOS kernel: rtc_cmos rtc_cmos: alarms up to one day, 114 bytes nvram
2026-07-15T09:36:21.362442-04:00 WarpnixOS kernel: i2c_dev: i2c /dev entries driver
2026-07-15T09:36:21.362442-04:00 WarpnixOS kernel: device-mapper: core: CONFIG_IMA_DISABLE_HTABLE is disabled. Duplicate IMA measurements will not be recorded in the IMA log.
2026-07-15T09:36:21.362445-04:00 WarpnixOS kernel: device-mapper: uevent: version 1.0.3
2026-07-15T09:36:21.362445-04:00 WarpnixOS kernel: device-mapper: ioctl: 4.50.0-ioctl (2025-04-28) initialised: dm-devel@lists.linux.dev
2026-07-15T09:36:21.362445-04:00 WarpnixOS kernel: amd_pstate: The CPPC feature is supported but currently disabled by the BIOS.
2026-07-15T09:36:21.362446-04:00 WarpnixOS kernel: Please enable it if your BIOS has the CPPC option.
2026-07-15T09:36:21.362446-04:00 WarpnixOS kernel: amd_pstate: the _CPC object is not present in SBIOS or ACPI disabled
2026-07-15T09:36:21.362446-04:00 WarpnixOS kernel: drop_monitor: Initializing network drop monitor service
2026-07-15T09:36:21.362446-04:00 WarpnixOS kernel: NET: Registered PF_INET6 protocol family
2026-07-15T09:36:21.362449-04:00 WarpnixOS kernel: input: AT Translated Set 2 keyboard as /devices/platform/i8042/serio0/input/input2
2026-07-15T09:36:21.362449-04:00 WarpnixOS kernel: Segment Routing with IPv6
2026-07-15T09:36:21.362449-04:00 WarpnixOS kernel: In-situ OAM (IOAM) with IPv6
2026-07-15T09:36:21.362450-04:00 WarpnixOS kernel: NET: Registered PF_PACKET protocol family
2026-07-15T09:36:21.362450-04:00 WarpnixOS kernel: Key type dns_resolver registered
2026-07-15T09:36:21.362450-04:00 WarpnixOS kernel: ehci-pci 0000:00:0b.0: USB 2.0 started, EHCI 1.00
2026-07-15T09:36:21.362453-04:00 WarpnixOS kernel: usb usb2: New USB device found, idVendor=1d6b, idProduct=0002, bcdDevice= 7.00
2026-07-15T09:36:21.362453-04:00 WarpnixOS kernel: usb usb2: New USB device strings: Mfr=3, Product=2, SerialNumber=1
2026-07-15T09:36:21.362453-04:00 WarpnixOS kernel: usb usb2: Product: EHCI Host Controller
2026-07-15T09:36:21.362453-04:00 WarpnixOS kernel: usb usb2: Manufacturer: Linux 7.0.0-22-generic ehci_hcd
2026-07-15T09:36:21.362454-04:00 WarpnixOS kernel: usb usb2: SerialNumber: 0000:00:0b.0
2026-07-15T09:36:21.362454-04:00 WarpnixOS kernel: hub 2-0:1.0: USB hub found
2026-07-15T09:36:21.362455-04:00 WarpnixOS kernel: hub 2-0:1.0: 12 ports detected
2026-07-15T09:36:21.362457-04:00 WarpnixOS kernel: IPI shorthand broadcast: enabled
2026-07-15T09:36:21.362457-04:00 WarpnixOS kernel: sched_clock: Marking stable (1051283939, 11252535)->(1140972695, -78436221)
2026-07-15T09:36:21.362458-04:00 WarpnixOS kernel: registered taskstats version 1
2026-07-15T09:36:21.362458-04:00 WarpnixOS kernel: Loading compiled-in X.509 certificates
2026-07-15T09:36:21.362458-04:00 WarpnixOS kernel: Loaded X.509 cert 'Build time autogenerated kernel key: dc89478ca0cc19d49a8337465ee2fd0c98b2a3ff'
2026-07-15T09:36:21.362458-04:00 WarpnixOS kernel: Loaded X.509 cert 'Canonical Ltd. Live Patch Signing 2025 Kmod: d541cef61dc7e793b7eb7e899970a2eef0b5dc8c'
2026-07-15T09:36:21.362464-04:00 WarpnixOS kernel: Loaded X.509 cert 'Canonical Ltd. Live Patch Signing: 14df34d1a87cf37625abec039ef2bf521249b969'
2026-07-15T09:36:21.362464-04:00 WarpnixOS kernel: Loaded X.509 cert 'Canonical Ltd. Kernel Module Signing 2025 Kmod: 4627603d2357a2a3f81006370894c221175893e9'
2026-07-15T09:36:21.362464-04:00 WarpnixOS kernel: Loaded X.509 cert 'Canonical Ltd. Kernel Module Signing: 88f752e560a1e0737e31163a466ad7b70a850c19'
2026-07-15T09:36:21.362464-04:00 WarpnixOS kernel: blacklist: Loading compiled-in revocation X.509 certificates
2026-07-15T09:36:21.362464-04:00 WarpnixOS kernel: Loaded X.509 cert 'Canonical Ltd. Secure Boot Signing: 61482aa2830d0ab2ad5af10b7250da9033ddcef0'
2026-07-15T09:36:21.362465-04:00 WarpnixOS kernel: Loaded X.509 cert 'Canonical Ltd. Secure Boot Signing (2017): 242ade75ac4a15e50d50c84b0d45ff3eae707a03'
2026-07-15T09:36:21.362468-04:00 WarpnixOS kernel: Loaded X.509 cert 'Canonical Ltd. Secure Boot Signing (ESM 2018): 365188c1d374d6b07c3c8f240f8ef722433d6a8b'
2026-07-15T09:36:21.362468-04:00 WarpnixOS kernel: Loaded X.509 cert 'Canonical Ltd. Secure Boot Signing (2019): c0746fd6c5da3ae827864651ad66ae47fe24b3e8'
2026-07-15T09:36:21.362468-04:00 WarpnixOS kernel: Loaded X.509 cert 'Canonical Ltd. Secure Boot Signing (2021 v1): a8d54bbb3825cfb94fa13c9f8a594a195c107b8d'
2026-07-15T09:36:21.362468-04:00 WarpnixOS kernel: Loaded X.509 cert 'Canonical Ltd. Secure Boot Signing (2021 v2): 4cf046892d6fd3c9a5b03f98d845f90851dc6a8c'
2026-07-15T09:36:21.362468-04:00 WarpnixOS kernel: Loaded X.509 cert 'Canonical Ltd. Secure Boot Signing (2021 v3): 100437bb6de6e469b581e61cd66bce3ef4ed53af'
2026-07-15T09:36:21.362471-04:00 WarpnixOS kernel: Loaded X.509 cert 'Canonical Ltd. Secure Boot Signing (Ubuntu Core 2019): c1d57b8f6b743f23ee41f4f7ee292f06eecadfb9'
2026-07-15T09:36:21.362472-04:00 WarpnixOS kernel: Demotion targets for Node 0: null
2026-07-15T09:36:21.362472-04:00 WarpnixOS kernel: Key type .fscrypt registered
2026-07-15T09:36:21.362472-04:00 WarpnixOS kernel: Key type fscrypt-provisioning registered
2026-07-15T09:36:21.362472-04:00 WarpnixOS kernel: Key type big_key registered
2026-07-15T09:36:21.362472-04:00 WarpnixOS kernel: Key type encrypted registered
2026-07-15T09:36:21.362480-04:00 WarpnixOS kernel: AppArmor: AppArmor sha256 policy hashing enabled
2026-07-15T09:36:21.362480-04:00 WarpnixOS kernel: ima: No TPM chip found, activating TPM-bypass!
2026-07-15T09:36:21.362480-04:00 WarpnixOS kernel: Loading compiled-in module X.509 certificates
2026-07-15T09:36:21.362481-04:00 WarpnixOS kernel: Loaded X.509 cert 'Build time autogenerated kernel key: dc89478ca0cc19d49a8337465ee2fd0c98b2a3ff'
2026-07-15T09:36:21.362481-04:00 WarpnixOS kernel: ima: Allocated hash algorithm: sha256
2026-07-15T09:36:21.362481-04:00 WarpnixOS kernel: ima: No architecture policies found
2026-07-15T09:36:21.362481-04:00 WarpnixOS kernel: evm: Initialising EVM extended attributes:
2026-07-15T09:36:21.362484-04:00 WarpnixOS kernel: evm: security.selinux
2026-07-15T09:36:21.362484-04:00 WarpnixOS kernel: evm: security.SMACK64
2026-07-15T09:36:21.362485-04:00 WarpnixOS kernel: evm: security.SMACK64EXEC
2026-07-15T09:36:21.362485-04:00 WarpnixOS kernel: evm: security.SMACK64TRANSMUTE
2026-07-15T09:36:21.362485-04:00 WarpnixOS kernel: evm: security.SMACK64MMAP
2026-07-15T09:36:21.362485-04:00 WarpnixOS kernel: evm: security.apparmor
2026-07-15T09:36:21.362488-04:00 WarpnixOS kernel: evm: security.ima
2026-07-15T09:36:21.362488-04:00 WarpnixOS kernel: evm: security.capability
2026-07-15T09:36:21.362488-04:00 WarpnixOS kernel: evm: HMAC attrs: 0x1
2026-07-15T09:36:21.362489-04:00 WarpnixOS kernel: PM:   Magic number: 2:94:635
2026-07-15T09:36:21.362489-04:00 WarpnixOS kernel: RAS: Correctable Errors collector initialized.
2026-07-15T09:36:21.362489-04:00 WarpnixOS kernel: clk: Disabling unused clocks
2026-07-15T09:36:21.362490-04:00 WarpnixOS kernel: PM: genpd: Disabling unused power domains
2026-07-15T09:36:21.362492-04:00 WarpnixOS kernel: Freeing unused decrypted memory: 2028K
2026-07-15T09:36:21.362530-04:00 WarpnixOS kernel: Freeing unused kernel image (initmem) memory: 5292K
2026-07-15T09:36:21.362531-04:00 WarpnixOS kernel: Write protecting the kernel read-only data: 43008k
2026-07-15T09:36:21.362531-04:00 WarpnixOS kernel: Freeing unused kernel image (text/rodata gap) memory: 804K
2026-07-15T09:36:21.362531-04:00 WarpnixOS kernel: Freeing unused kernel image (rodata/data gap) memory: 1684K
2026-07-15T09:36:21.362531-04:00 WarpnixOS kernel: x86/mm: Checked W+X mappings: passed, no W+X pages found.
2026-07-15T09:36:21.362534-04:00 WarpnixOS kernel: Run /init as init process
2026-07-15T09:36:21.362534-04:00 WarpnixOS kernel:   with arguments:
2026-07-15T09:36:21.362534-04:00 WarpnixOS kernel:     /init
2026-07-15T09:36:21.362535-04:00 WarpnixOS kernel:     splash
2026-07-15T09:36:21.362535-04:00 WarpnixOS kernel:   with environment:
2026-07-15T09:36:21.362535-04:00 WarpnixOS kernel:     HOME=/
2026-07-15T09:36:21.362542-04:00 WarpnixOS kernel:     TERM=linux
2026-07-15T09:36:21.362543-04:00 WarpnixOS kernel: usb 1-1: new full-speed USB device number 2 using ohci-pci
2026-07-15T09:36:21.362543-04:00 WarpnixOS kernel: e1000: Intel(R) PRO/1000 Network Driver
2026-07-15T09:36:21.362543-04:00 WarpnixOS kernel: e1000: Copyright (c) 1999-2006 Intel Corporation.
2026-07-15T09:36:21.362543-04:00 WarpnixOS kernel: ahci 0000:00:0d.0: SSS flag set, parallel bus scan disabled
2026-07-15T09:36:21.362543-04:00 WarpnixOS kernel: ahci 0000:00:0d.0: AHCI vers 0001.0100, 32 command slots, 3 Gbps, SATA mode
2026-07-15T09:36:21.362544-04:00 WarpnixOS kernel: ahci 0000:00:0d.0: 1/1 ports implemented (port mask 0x1)
2026-07-15T09:36:21.362547-04:00 WarpnixOS kernel: ahci 0000:00:0d.0: flags: 64bit ncq stag only ccc 
2026-07-15T09:36:21.362547-04:00 WarpnixOS kernel: scsi host2: ahci
2026-07-15T09:36:21.362547-04:00 WarpnixOS kernel: ata3: SATA max UDMA/133 abar m8192@0xf0806000 port 0xf0806100 irq 21 lpm-pol 1
2026-07-15T09:36:21.362548-04:00 WarpnixOS kernel: ACPI: video: Video Device [GFX0] (multi-head: yes  rom: no  post: no)
2026-07-15T09:36:21.362548-04:00 WarpnixOS kernel: input: Video Bus as /devices/pci0000:00/acpi.video_bus.0/input/input4
2026-07-15T09:36:21.362548-04:00 WarpnixOS kernel: input: ImExPS/2 Generic Explorer Mouse as /devices/platform/i8042/serio1/input/input5
2026-07-15T09:36:21.362551-04:00 WarpnixOS kernel: e1000 0000:00:03.0 eth0: (PCI:33MHz:32-bit) 08:00:27:1e:da:2f
2026-07-15T09:36:21.362551-04:00 WarpnixOS kernel: e1000 0000:00:03.0 eth0: Intel(R) PRO/1000 Network Connection
2026-07-15T09:36:21.362551-04:00 WarpnixOS kernel: ata3: SATA link up 3.0 Gbps (SStatus 123 SControl 300)
2026-07-15T09:36:21.362552-04:00 WarpnixOS kernel: ata3.00: ATA-6: VBOX HARDDISK, 1.0, max UDMA/133
2026-07-15T09:36:21.362552-04:00 WarpnixOS kernel: ata3.00: 83915200 sectors, multi 128: LBA48 NCQ (depth 32)
2026-07-15T09:36:21.362552-04:00 WarpnixOS kernel: ata3.00: configured for UDMA/133
2026-07-15T09:36:21.362553-04:00 WarpnixOS kernel: scsi 2:0:0:0: Direct-Access     ATA      VBOX HARDDISK    1.0  PQ: 0 ANSI: 5
2026-07-15T09:36:21.362555-04:00 WarpnixOS kernel: sd 2:0:0:0: Attached scsi generic sg0 type 0
2026-07-15T09:36:21.362555-04:00 WarpnixOS kernel: sd 2:0:0:0: [sda] 83915200 512-byte logical blocks: (43.0 GB/40.0 GiB)
2026-07-15T09:36:21.362556-04:00 WarpnixOS kernel: sd 2:0:0:0: [sda] Write Protect is off
2026-07-15T09:36:21.362556-04:00 WarpnixOS kernel: sd 2:0:0:0: [sda] Mode Sense: 00 3a 00 00
2026-07-15T09:36:21.362556-04:00 WarpnixOS kernel: sd 2:0:0:0: [sda] Write cache: enabled, read cache: enabled, doesn't support DPO or FUA
2026-07-15T09:36:21.362556-04:00 WarpnixOS kernel: sd 2:0:0:0: [sda] Preferred minimum I/O size 512 bytes
2026-07-15T09:36:21.362559-04:00 WarpnixOS kernel: usb 1-1: New USB device found, idVendor=80ee, idProduct=0021, bcdDevice= 1.00
2026-07-15T09:36:21.362559-04:00 WarpnixOS kernel: usb 1-1: New USB device strings: Mfr=1, Product=3, SerialNumber=0
2026-07-15T09:36:21.362559-04:00 WarpnixOS kernel: usb 1-1: Product: USB Tablet
2026-07-15T09:36:21.362560-04:00 WarpnixOS kernel: usb 1-1: Manufacturer: VirtualBox
2026-07-15T09:36:21.362560-04:00 WarpnixOS kernel:  sda: sda1
2026-07-15T09:36:21.362560-04:00 WarpnixOS kernel: sd 2:0:0:0: [sda] Attached SCSI disk
2026-07-15T09:36:21.362563-04:00 WarpnixOS kernel: e1000 0000:00:03.0 enp0s3: renamed from eth0
2026-07-15T09:36:21.362563-04:00 WarpnixOS kernel: hid: raw HID events driver (C) Jiri Kosina
2026-07-15T09:36:21.362563-04:00 WarpnixOS kernel: usbcore: registered new interface driver usbhid
2026-07-15T09:36:21.362563-04:00 WarpnixOS kernel: usbhid: USB HID core driver
2026-07-15T09:36:21.362564-04:00 WarpnixOS kernel: input: VirtualBox USB Tablet as /devices/pci0000:00/0000:00:06.0/usb1/1-1/1-1:1.0/0003:80EE:0021.0001/input/input6
2026-07-15T09:36:21.362564-04:00 WarpnixOS kernel: hid-generic 0003:80EE:0021.0001: input,hidraw0: USB HID v1.10 Mouse [VirtualBox USB Tablet] on usb-0000:00:06.0-1/input0
2026-07-15T09:36:21.362567-04:00 WarpnixOS kernel: raid6: avx2x4   gen() 34850 MB/s
2026-07-15T09:36:21.362567-04:00 WarpnixOS kernel: raid6: avx2x2   gen() 34313 MB/s
2026-07-15T09:36:21.362567-04:00 WarpnixOS kernel: raid6: avx2x1   gen() 25018 MB/s
2026-07-15T09:36:21.362567-04:00 WarpnixOS kernel: raid6: using algorithm avx2x4 gen() 34850 MB/s
2026-07-15T09:36:21.362568-04:00 WarpnixOS kernel: raid6: .... xor() 5156 MB/s, rmw enabled
2026-07-15T09:36:21.362568-04:00 WarpnixOS kernel: raid6: using avx2x2 recovery algorithm
2026-07-15T09:36:21.362568-04:00 WarpnixOS kernel: xor: automatically using best checksumming function   avx       
2026-07-15T09:36:21.362571-04:00 WarpnixOS kernel: Btrfs loaded, zoned=yes, fsverity=yes
2026-07-15T09:36:21.362571-04:00 WarpnixOS kernel: EXT4-fs (sda1): orphan cleanup on readonly fs
2026-07-15T09:36:21.362571-04:00 WarpnixOS kernel: EXT4-fs (sda1): mounted filesystem d28f9adf-16f0-4a19-9b08-4f5bead6a937 ro with ordered data mode. Quota mode: none.
2026-07-15T09:36:21.362682-04:00 WarpnixOS kernel: EXT4-fs (sda1): re-mounted d28f9adf-16f0-4a19-9b08-4f5bead6a937 r/w.
2026-07-15T09:36:21.362682-04:00 WarpnixOS kernel: lp: driver loaded but no devices found
2026-07-15T09:36:21.362683-04:00 WarpnixOS kernel: ppdev: user-space parallel port driver
2026-07-15T09:36:21.362696-04:00 WarpnixOS kernel: Adding 524284k swap on /swapfile.  Priority:-1 extents:1 across:524284k 
2026-07-15T09:36:21.362697-04:00 WarpnixOS kernel: vboxguest: loading out-of-tree module taints kernel.
2026-07-15T09:36:21.362697-04:00 WarpnixOS kernel: vboxguest: module verification failed: signature and/or required key missing - tainting kernel
2026-07-15T09:36:21.362700-04:00 WarpnixOS kernel: piix4_smbus 0000:00:07.0: SMBus Host Controller at 0x4100, revision 0
2026-07-15T09:36:21.362700-04:00 WarpnixOS kernel: vgdrvHeartbeatInit: Setting up heartbeat to trigger every 2000 milliseconds
2026-07-15T09:36:21.362700-04:00 WarpnixOS kernel: Host supports full mouse state reporting, switching to extended mouse integration protocol
2026-07-15T09:36:21.362701-04:00 WarpnixOS kernel: vmwgfx 0000:00:02.0: vgaarb: deactivate vga console
2026-07-15T09:36:21.362701-04:00 WarpnixOS kernel: Console: switching to colour dummy device 80x25
2026-07-15T09:36:21.362701-04:00 WarpnixOS kernel: input: VirtualBox mouse integration as /devices/pci0000:00/0000:00:04.0/input/input7
2026-07-15T09:36:21.362704-04:00 WarpnixOS kernel: vmwgfx 0000:00:02.0: [drm] FIFO at 0x00000000f0000000 size is 2048 KiB
2026-07-15T09:36:21.362704-04:00 WarpnixOS kernel: vmwgfx 0000:00:02.0: [drm] VRAM at 0x00000000e0000000 size is 131072 KiB
2026-07-15T09:36:21.362705-04:00 WarpnixOS kernel: vmwgfx 0000:00:02.0: [drm] Running on SVGA version 2.
2026-07-15T09:36:21.362705-04:00 WarpnixOS kernel: vmwgfx 0000:00:02.0: [drm] Capabilities: rect copy, cursor, cursor bypass, cursor bypass 2, alpha cursor, extended fifo, pitchlock, irq mask, gmr, traces, gmr2, screen object 2, command buffers, gbobject, 
2026-07-15T09:36:21.362705-04:00 WarpnixOS kernel: vmwgfx 0000:00:02.0: [drm] *ERROR* vmwgfx seems to be running on an unsupported hypervisor.
2026-07-15T09:36:21.362705-04:00 WarpnixOS kernel: vmwgfx 0000:00:02.0: [drm] *ERROR* This configuration is likely broken.
2026-07-15T09:36:21.362786-04:00 WarpnixOS kernel: vmwgfx 0000:00:02.0: [drm] *ERROR* Please switch to a supported graphics device to avoid problems.
2026-07-15T09:36:21.362787-04:00 WarpnixOS kernel: vmwgfx 0000:00:02.0: [drm] DMA map mode: Caching DMA mappings.
2026-07-15T09:36:21.362787-04:00 WarpnixOS kernel: vmwgfx 0000:00:02.0: [drm] Legacy memory limits: VRAM = 131072 KiB, FIFO = 2048 KiB, surface = 393216 KiB
2026-07-15T09:36:21.362787-04:00 WarpnixOS kernel: vmwgfx 0000:00:02.0: [drm] MOB limits: max mob size = 131072 KiB, max mob pages = 32768
2026-07-15T09:36:21.362787-04:00 WarpnixOS kernel: vmwgfx 0000:00:02.0: [drm] Max GMR ids is 8192
2026-07-15T09:36:21.362787-04:00 WarpnixOS kernel: vmwgfx 0000:00:02.0: [drm] Max number of GMR pages is 1048576
2026-07-15T09:36:21.362787-04:00 WarpnixOS kernel: vmwgfx 0000:00:02.0: [drm] Maximum display memory size is 131072 KiB
2026-07-15T09:36:21.362791-04:00 WarpnixOS kernel: vmwgfx 0000:00:02.0: [drm] Screen Target display unit initialized
2026-07-15T09:36:21.362791-04:00 WarpnixOS kernel: vmwgfx 0000:00:02.0: [drm] Fifo max 0x00200000 min 0x00001000 cap 0x00000355
2026-07-15T09:36:21.362791-04:00 WarpnixOS kernel: vmwgfx 0000:00:02.0: [drm] Using command buffers with DMA pool.
2026-07-15T09:36:21.362791-04:00 WarpnixOS kernel: vmwgfx 0000:00:02.0: [drm] Available shader model: Legacy.
2026-07-15T09:36:21.362792-04:00 WarpnixOS kernel: vboxguest: Successfully loaded version 7.1.16 r172425
2026-07-15T09:36:21.362792-04:00 WarpnixOS kernel: vboxguest: misc device minor 262, IRQ 20, I/O port d040, MMIO at 00000000f0400000 (size 0x400000)
2026-07-15T09:36:21.362795-04:00 WarpnixOS kernel: vboxguest: Successfully loaded version 7.1.16 r172425 (interface 0x00010004)
2026-07-15T09:36:21.362795-04:00 WarpnixOS kernel: ------------[ cut here ]------------
2026-07-15T09:36:21.362795-04:00 WarpnixOS kernel: WARNING: kernel/rcu/tree_plugin.h:823 at rcu_sched_clock_irq+0x390/0x3a0, CPU#6: (udev-worker)/399
2026-07-15T09:36:21.362795-04:00 WarpnixOS kernel: Modules linked in: snd_rawmidi(+) snd_seq snd_seq_device snd_timer vmwgfx(+) snd drm_ttm_helper i2c_piix4 joydev vboxguest(OE) ttm soundcore i2c_smbus input_leds mac_hid sch_fq_codel parport_pc ppdev lp parport msr efi_pstore nfnetlink dmi_sysfs autofs4 btrfs libblake2b xor raid6_pq hid_generic usbhid hid psmouse video ahci vga16fb e1000 wmi ghash_clmulni_intel serio_raw pata_acpi vgastate libahci aesni_intel
2026-07-15T09:36:21.362796-04:00 WarpnixOS kernel: CPU: 6 UID: 0 PID: 399 Comm: (udev-worker) Tainted: G           OE       7.0.0-22-generic #22-Ubuntu PREEMPT(lazy) 
2026-07-15T09:36:21.362796-04:00 WarpnixOS kernel: Tainted: [O]=OOT_MODULE, [E]=UNSIGNED_MODULE
2026-07-15T09:36:21.362799-04:00 WarpnixOS kernel: Hardware name: innotek GmbH VirtualBox/VirtualBox, BIOS VirtualBox 12/01/2006
2026-07-15T09:36:21.362799-04:00 WarpnixOS kernel: RIP: 0010:rcu_sched_clock_irq+0x390/0x3a0
2026-07-15T09:36:21.362799-04:00 WarpnixOS kernel: Code: 02 8b 80 68 d4 a2 b4 a8 04 0f 84 a3 fe ff ff e9 8d fe ff ff 48 8b 03 a8 10 75 ca be 04 00 00 00 48 89 df e8 b2 37 f5 ff eb bb <0f> 0b e9 f7 fc ff ff 66 0f 1f 84 00 00 00 00 00 90 90 90 90 90 90
2026-07-15T09:36:21.362799-04:00 WarpnixOS kernel: RSP: 0018:ffffcde400224e88 EFLAGS: 00010086
2026-07-15T09:36:21.362800-04:00 WarpnixOS kernel: RAX: 00000000ffffffff RBX: ffff8b064016aa80 RCX: 0000000000000000
2026-07-15T09:36:21.362800-04:00 WarpnixOS kernel: RDX: 0000000000000000 RSI: 0000000000000000 RDI: 0000000000000000
2026-07-15T09:36:21.362803-04:00 WarpnixOS kernel: RBP: ffffcde400224ea8 R08: 0000000000000000 R09: 0000000000000000
2026-07-15T09:36:21.362803-04:00 WarpnixOS kernel: R10: 0000000000000000 R11: 0000000000000000 R12: 0000000000000000
2026-07-15T09:36:21.362803-04:00 WarpnixOS kernel: R13: 00000001a0b267af R14: ffffffffb1b8e150 R15: ffff8b0853d21ac0
2026-07-15T09:36:21.362803-04:00 WarpnixOS kernel: FS:  0000723c10702c80(0000) GS:ffff8b089f300000(0000) knlGS:0000000000000000
2026-07-15T09:36:21.362804-04:00 WarpnixOS kernel: CS:  0010 DS: 0000 ES: 0000 CR0: 0000000080050033
2026-07-15T09:36:21.362804-04:00 WarpnixOS kernel: CR2: 000072f669e5c560 CR3: 000000011aa18000 CR4: 00000000000506f0
2026-07-15T09:36:21.362807-04:00 WarpnixOS kernel: Call Trace:
2026-07-15T09:36:21.362807-04:00 WarpnixOS kernel:  <IRQ>
2026-07-15T09:36:21.362807-04:00 WarpnixOS kernel:  ? account_process_tick+0x4e/0x160
2026-07-15T09:36:21.362807-04:00 WarpnixOS kernel:  update_process_times+0x91/0xe0
2026-07-15T09:36:21.362808-04:00 WarpnixOS kernel:  tick_nohz_handler+0x96/0x1a0
2026-07-15T09:36:21.362808-04:00 WarpnixOS kernel:  __hrtimer_run_queues+0x10c/0x270
2026-07-15T09:36:21.362811-04:00 WarpnixOS kernel:  ? srso_alias_return_thunk+0x5/0xfbef5
2026-07-15T09:36:21.362811-04:00 WarpnixOS kernel:  hrtimer_interrupt+0x104/0x250
2026-07-15T09:36:21.362811-04:00 WarpnixOS kernel:  __sysvec_apic_timer_interrupt+0x58/0x150
2026-07-15T09:36:21.362811-04:00 WarpnixOS kernel:  ? srso_alias_return_thunk+0x5/0xfbef5
2026-07-15T09:36:21.362811-04:00 WarpnixOS kernel:  sysvec_apic_timer_interrupt+0x9a/0xd0
2026-07-15T09:36:21.362812-04:00 WarpnixOS kernel:  </IRQ>
2026-07-15T09:36:21.362812-04:00 WarpnixOS kernel:  <TASK>
2026-07-15T09:36:21.362815-04:00 WarpnixOS kernel:  asm_sysvec_apic_timer_interrupt+0x1b/0x20
2026-07-15T09:36:21.362815-04:00 WarpnixOS kernel: RIP: 0010:down_read+0x4f/0xd0
2026-07-15T09:36:21.362815-04:00 WarpnixOS kernel: Code: c6 00 01 00 00 78 52 48 b8 07 00 00 00 00 00 00 80 48 85 c6 74 2a ba 02 00 00 00 48 89 df e8 08 fa ff ff 65 ff 0d e1 2f cf 01 <74> 5f 48 8b 5d f8 c9 31 c0 31 d2 31 c9 31 f6 31 ff e9 a6 f0 9d fe
2026-07-15T09:36:21.362815-04:00 WarpnixOS kernel: RSP: 0018:ffffcde400a9b898 EFLAGS: 00000286
2026-07-15T09:36:21.362816-04:00 WarpnixOS kernel: RAX: ffff8b06403bc768 RBX: ffff8b06403bc768 RCX: 0000000000000000
2026-07-15T09:36:21.362816-04:00 WarpnixOS kernel: RDX: 0000000000000000 RSI: 0000000000000000 RDI: 0000000000000000
2026-07-15T09:36:21.362819-04:00 WarpnixOS kernel: RBP: ffffcde400a9b8a0 R08: 0000000000000000 R09: 0000000000000000
2026-07-15T09:36:21.362819-04:00 WarpnixOS kernel: R10: 0000000000000000 R11: 0000000000000000 R12: ffff8b0640d69330
2026-07-15T09:36:21.362819-04:00 WarpnixOS kernel: R13: ffff8b06403bc768 R14: ffffcde400a9b948 R15: 0000000000000000
2026-07-15T09:36:21.362819-04:00 WarpnixOS kernel:  ? down_read+0x48/0xd0
2026-07-15T09:36:21.362820-04:00 WarpnixOS kernel:  kernfs_dop_revalidate+0x58/0x1a0
2026-07-15T09:36:21.362820-04:00 WarpnixOS kernel:  lookup_fast+0x115/0x170
2026-07-15T09:36:21.362823-04:00 WarpnixOS kernel:  path_lookupat+0xf9/0x2b0
2026-07-15T09:36:21.362823-04:00 WarpnixOS kernel:  ? srso_alias_return_thunk+0x5/0xfbef5
2026-07-15T09:36:21.362823-04:00 WarpnixOS kernel:  path_openat+0x1e1/0x290
2026-07-15T09:36:21.362823-04:00 WarpnixOS kernel:  do_file_open+0xdf/0x1a0
2026-07-15T09:36:21.362824-04:00 WarpnixOS kernel:  do_sys_openat2+0x7a/0xe0
2026-07-15T09:36:21.362824-04:00 WarpnixOS kernel:  __x64_sys_openat+0x5f/0xa0
2026-07-15T09:36:21.362824-04:00 WarpnixOS kernel:  x64_sys_call+0x1f4c/0x2390
2026-07-15T09:36:21.362827-04:00 WarpnixOS kernel:  do_syscall_64+0x115/0x5a0
2026-07-15T09:36:21.362827-04:00 WarpnixOS kernel:  ? srso_alias_return_thunk+0x5/0xfbef5
2026-07-15T09:36:21.362827-04:00 WarpnixOS kernel:  ? do_file_open+0xdf/0x1a0
2026-07-15T09:36:21.362827-04:00 WarpnixOS kernel:  ? srso_alias_return_thunk+0x5/0xfbef5
2026-07-15T09:36:21.362828-04:00 WarpnixOS kernel:  ? do_dentry_open+0x58/0x4b0
2026-07-15T09:36:21.362828-04:00 WarpnixOS kernel:  ? srso_alias_return_thunk+0x5/0xfbef5
2026-07-15T09:36:21.362831-04:00 WarpnixOS kernel:  ? _copy_to_user+0x31/0x60
2026-07-15T09:36:21.362831-04:00 WarpnixOS kernel:  ? srso_alias_return_thunk+0x5/0xfbef5
2026-07-15T09:36:21.362831-04:00 WarpnixOS kernel:  ? do_statfs_native+0xa1/0xd0
2026-07-15T09:36:21.362831-04:00 WarpnixOS kernel:  ? srso_alias_return_thunk+0x5/0xfbef5
2026-07-15T09:36:21.362832-04:00 WarpnixOS kernel:  ? refill_obj_stock+0x149/0x270
2026-07-15T09:36:21.362832-04:00 WarpnixOS kernel:  ? srso_alias_return_thunk+0x5/0xfbef5
2026-07-15T09:36:21.362835-04:00 WarpnixOS kernel:  ? __memcg_slab_free_hook+0x113/0x180
2026-07-15T09:36:21.362835-04:00 WarpnixOS kernel:  ? srso_alias_return_thunk+0x5/0xfbef5
2026-07-15T09:36:21.362835-04:00 WarpnixOS kernel:  ? kmem_cache_free+0x266/0x3f0
2026-07-15T09:36:21.362835-04:00 WarpnixOS kernel:  ? __fput+0x1a2/0x2d0
2026-07-15T09:36:21.362836-04:00 WarpnixOS kernel:  ? srso_alias_return_thunk+0x5/0xfbef5
2026-07-15T09:36:21.362836-04:00 WarpnixOS kernel:  ? __fput+0x1a2/0x2d0
2026-07-15T09:36:21.362836-04:00 WarpnixOS kernel:  ? srso_alias_return_thunk+0x5/0xfbef5
2026-07-15T09:36:21.362839-04:00 WarpnixOS kernel:  ? fput_close_sync+0x40/0xc0
2026-07-15T09:36:21.362839-04:00 WarpnixOS kernel:  ? srso_alias_return_thunk+0x5/0xfbef5
2026-07-15T09:36:21.362839-04:00 WarpnixOS kernel:  ? __x64_sys_close+0x3e/0x90
2026-07-15T09:36:21.362840-04:00 WarpnixOS kernel:  ? srso_alias_return_thunk+0x5/0xfbef5
2026-07-15T09:36:21.362840-04:00 WarpnixOS kernel:  ? arch_exit_to_user_mode_prepare.isra.0+0xd/0xe0
2026-07-15T09:36:21.362840-04:00 WarpnixOS kernel:  ? srso_alias_return_thunk+0x5/0xfbef5
2026-07-15T09:36:21.362848-04:00 WarpnixOS kernel:  ? do_syscall_64+0x150/0x5a0
2026-07-15T09:36:21.362848-04:00 WarpnixOS kernel:  ? srso_alias_return_thunk+0x5/0xfbef5
2026-07-15T09:36:21.362848-04:00 WarpnixOS kernel:  ? __do_sys_fstatfs+0x73/0x80
2026-07-15T09:36:21.362848-04:00 WarpnixOS kernel:  ? srso_alias_return_thunk+0x5/0xfbef5
2026-07-15T09:36:21.362848-04:00 WarpnixOS kernel:  ? srso_alias_return_thunk+0x5/0xfbef5
2026-07-15T09:36:21.362849-04:00 WarpnixOS kernel:  ? arch_exit_to_user_mode_prepare.isra.0+0xd/0xe0
2026-07-15T09:36:21.362853-04:00 WarpnixOS kernel:  ? srso_alias_return_thunk+0x5/0xfbef5
2026-07-15T09:36:21.362853-04:00 WarpnixOS kernel:  ? do_syscall_64+0x150/0x5a0
2026-07-15T09:36:21.362853-04:00 WarpnixOS kernel:  ? arch_exit_to_user_mode_prepare.isra.0+0xd/0xe0
2026-07-15T09:36:21.362853-04:00 WarpnixOS kernel:  ? srso_alias_return_thunk+0x5/0xfbef5
2026-07-15T09:36:21.362853-04:00 WarpnixOS kernel:  ? do_syscall_64+0x150/0x5a0
2026-07-15T09:36:21.362853-04:00 WarpnixOS kernel:  ? srso_alias_return_thunk+0x5/0xfbef5
2026-07-15T09:36:21.362854-04:00 WarpnixOS kernel:  ? exc_page_fault+0x94/0x1e0
2026-07-15T09:36:21.362857-04:00 WarpnixOS kernel:  ? srso_alias_return_thunk+0x5/0xfbef5
2026-07-15T09:36:21.362857-04:00 WarpnixOS kernel:  entry_SYSCALL_64_after_hwframe+0x76/0x7e
2026-07-15T09:36:21.362857-04:00 WarpnixOS kernel: RIP: 0033:0x723c0fea06c6
2026-07-15T09:36:21.362857-04:00 WarpnixOS kernel: Code: 47 ba 04 00 00 00 48 8b 05 3f 17 17 00 64 89 10 48 c7 c2 ff ff ff ff c9 48 89 d0 c3 0f 1f 84 00 00 00 00 00 48 8b 45 10 0f 05 <48> 89 c2 48 3d 00 f0 ff ff 77 0f c9 48 89 d0 c3 66 2e 0f 1f 84 00
2026-07-15T09:36:21.362857-04:00 WarpnixOS kernel: RSP: 002b:00007ffd40c36ee0 EFLAGS: 00000202 ORIG_RAX: 0000000000000101
2026-07-15T09:36:21.362857-04:00 WarpnixOS kernel: RAX: ffffffffffffffda RBX: 000058d8d61eb6c0 RCX: 0000723c0fea06c6
2026-07-15T09:36:21.362860-04:00 WarpnixOS kernel: RDX: 00000000002a0000 RSI: 000058d8d61eb6c0 RDI: 0000000000000030
2026-07-15T09:36:21.362861-04:00 WarpnixOS kernel: RBP: 00007ffd40c36ef0 R08: 0000000000000000 R09: 0000000000000000
2026-07-15T09:36:21.362861-04:00 WarpnixOS kernel: R10: 0000000000000000 R11: 0000000000000202 R12: 0000000000000004
2026-07-15T09:36:21.362861-04:00 WarpnixOS kernel: R13: 0000000000000030 R14: 0000000000000030 R15: 0000000000000000
2026-07-15T09:36:21.362861-04:00 WarpnixOS kernel:  </TASK>
2026-07-15T09:36:21.362861-04:00 WarpnixOS kernel: ---[ end trace 0000000000000000 ]---
2026-07-15T09:36:21.362873-04:00 WarpnixOS kernel: [drm] Initialized vmwgfx 2.21.0 for 0000:00:02.0 on minor 0
2026-07-15T09:36:21.362873-04:00 WarpnixOS kernel: fbcon: vmwgfxdrmfb (fb0) is primary device
2026-07-15T09:36:21.362873-04:00 WarpnixOS kernel: Console: switching to colour frame buffer device 160x50
2026-07-15T09:36:21.362873-04:00 WarpnixOS kernel: vmwgfx 0000:00:02.0: [drm] fb0: vmwgfxdrmfb frame buffer device
2026-07-15T09:36:21.362873-04:00 WarpnixOS kernel: intel_rapl_common: Found RAPL domain package
2026-07-15T09:36:21.362874-04:00 WarpnixOS kernel: intel_rapl_common: Found RAPL domain core
2026-07-15T09:36:21.362874-04:00 WarpnixOS kernel: snd_intel8x0 0000:00:05.0: allow list rate for 1028:0177 is 48000
2026-07-15T09:36:21.362877-04:00 WarpnixOS kernel: audit: type=1400 audit(1784122581.106:2): apparmor="STATUS" operation="profile_load" profile="unconfined" name="balena-etcher" pid=582 comm="apparmor_parser"
2026-07-15T09:36:21.362877-04:00 WarpnixOS kernel: audit: type=1400 audit(1784122581.106:3): apparmor="STATUS" operation="profile_load" profile="unconfined" name="Discord" pid=575 comm="apparmor_parser"
2026-07-15T09:36:21.362877-04:00 WarpnixOS kernel: audit: type=1400 audit(1784122581.106:4): apparmor="STATUS" operation="profile_load" profile="unconfined" name="QtWebEngineProcess" pid=577 comm="apparmor_parser"
2026-07-15T09:36:21.362877-04:00 WarpnixOS kernel: audit: type=1400 audit(1784122581.106:5): apparmor="STATUS" operation="profile_load" profile="unconfined" name=4D6F6E676F444220436F6D70617373 pid=576 comm="apparmor_parser"
2026-07-15T09:36:21.362878-04:00 WarpnixOS kernel: audit: type=1400 audit(1784122581.107:6): apparmor="STATUS" operation="profile_load" profile="unconfined" name="1password" pid=574 comm="apparmor_parser"
2026-07-15T09:36:21.362881-04:00 WarpnixOS kernel: audit: type=1400 audit(1784122581.109:7): apparmor="STATUS" operation="profile_load" profile="unconfined" name="buildah" pid=587 comm="apparmor_parser"
2026-07-15T09:36:21.362881-04:00 WarpnixOS kernel: audit: type=1400 audit(1784122581.109:8): apparmor="STATUS" operation="profile_load" profile="unconfined" name="brave" pid=585 comm="apparmor_parser"
2026-07-15T09:36:21.362881-04:00 WarpnixOS kernel: audit: type=1400 audit(1784122581.109:9): apparmor="STATUS" operation="profile_load" profile="unconfined" name="babeld" pid=581 comm="apparmor_parser"
2026-07-15T09:36:21.362881-04:00 WarpnixOS kernel: audit: type=1400 audit(1784122581.109:10): apparmor="STATUS" operation="profile_load" profile="unconfined" name="bfdd" pid=583 comm="apparmor_parser"
2026-07-15T09:36:21.362882-04:00 WarpnixOS kernel: audit: type=1400 audit(1784122581.110:11): apparmor="STATUS" operation="profile_load" profile="unconfined" name="brave-browser-stable" pid=586 comm="apparmor_parser"
2026-07-15T09:36:21.548593-04:00 WarpnixOS kernel: NET: Registered PF_QIPCRTR protocol family
2026-07-15T09:36:22.175233-04:00 WarpnixOS kernel: 13:36:22.174153 main     VBoxService 7.1.16 r172425 (verbosity: 0) linux.amd64 (Jan 27 2026 11:51:23) release log
2026-07-15T09:36:22.175242-04:00 WarpnixOS kernel: 13:36:22.174154 main     Log opened 2026-07-15T13:36:22.174151000Z
2026-07-15T09:36:22.175242-04:00 WarpnixOS kernel: 13:36:22.174226 main     OS Product: Linux
2026-07-15T09:36:22.175243-04:00 WarpnixOS kernel: 13:36:22.174239 main     OS Release: 7.0.0-22-generic
2026-07-15T09:36:22.175243-04:00 WarpnixOS kernel: 13:36:22.174269 main     OS Version: #22-Ubuntu SMP PREEMPT_DYNAMIC Mon May 25 15:54:34 UTC 2026
2026-07-15T09:36:22.175244-04:00 WarpnixOS kernel: 13:36:22.174294 main     Executable: /opt/VBoxGuestAdditions-7.1.16/sbin/VBoxService
2026-07-15T09:36:22.175244-04:00 WarpnixOS kernel: 13:36:22.174294 main     Process ID: 1226
2026-07-15T09:36:22.175244-04:00 WarpnixOS kernel: 13:36:22.174295 main     Package type: LINUX_64BITS_GENERIC
2026-07-15T09:36:22.176601-04:00 WarpnixOS kernel: 13:36:22.176235 main     7.1.16 r172425 started. Verbose level = 0
2026-07-15T09:36:22.177585-04:00 WarpnixOS kernel: 13:36:22.176891 main     vbglR3GuestCtrlDetectPeekGetCancelSupport: Supported (#1)
2026-07-15T09:36:22.185684-04:00 WarpnixOS kernel: vboxsf: g_fHostFeatures=0x8000000f g_fSfFeatures=0x1 g_uSfLastFunction=29
2026-07-15T09:36:22.185699-04:00 WarpnixOS kernel: vboxsf: Successfully loaded version 7.1.16 r172425
2026-07-15T09:36:22.185700-04:00 WarpnixOS kernel: vboxsf: Successfully loaded version 7.1.16 r172425 on 7.0.0-22-generic (LINUX_VERSION_CODE=0x70000)
2026-07-15T09:36:22.185700-04:00 WarpnixOS kernel: 13:36:22.185179 automount vbsvcAutomounterMountIt: Successfully mounted 'Desktop' on '/media/shared'
2026-07-15T09:36:23.633597-04:00 WarpnixOS kernel: e1000: enp0s3 NIC Link is Up 1000 Mbps Full Duplex, Flow Control: RX
2026-07-15T09:36:25.192588-04:00 WarpnixOS kernel: ppdev0: no associated port!
2026-07-15T09:37:17.158341-04:00 WarpnixOS kernel: kauditd_printk_skb: 191 callbacks suppressed
2026-07-15T09:37:17.158354-04:00 WarpnixOS kernel: audit: type=1400 audit(1784122637.156:203): apparmor="STATUS" operation="profile_remove" profile="unconfined" name="brave-browser-stable" pid=3574 comm="apparmor_parser"
2026-07-15T09:37:24.011331-04:00 WarpnixOS kernel: clocksource: Long readout interval, skipping watchdog check: cs_nsec: 1096396894 wd_nsec: 1096396112
2026-07-16T18:32:17.913758-04:00 WarpnixOS kernel: Linux version 7.0.0-22-generic (buildd@lcy02-amd64-061) (x86_64-linux-gnu-gcc (Ubuntu 15.2.0-16ubuntu1) 15.2.0, GNU ld (GNU Binutils for Ubuntu) 2.46) #22-Ubuntu SMP PREEMPT_DYNAMIC Mon May 25 15:54:34 UTC 2026 (Ubuntu 7.0.0-22.22-generic 7.0.0)
2026-07-16T18:32:17.913759-04:00 WarpnixOS kernel: Command line: BOOT_IMAGE=/boot/vmlinuz-7.0.0-22-generic root=UUID=d28f9adf-16f0-4a19-9b08-4f5bead6a937 ro quiet splash
2026-07-16T18:32:17.913762-04:00 WarpnixOS kernel: KERNEL supported cpus:
2026-07-16T18:32:17.913762-04:00 WarpnixOS kernel:   Intel GenuineIntel
2026-07-16T18:32:17.913762-04:00 WarpnixOS kernel:   AMD AuthenticAMD
2026-07-16T18:32:17.913762-04:00 WarpnixOS kernel:   Hygon HygonGenuine
2026-07-16T18:32:17.913762-04:00 WarpnixOS kernel:   Centaur CentaurHauls
2026-07-16T18:32:17.913763-04:00 WarpnixOS kernel:   zhaoxin   Shanghai  
2026-07-16T18:32:17.913769-04:00 WarpnixOS kernel: [Firmware Bug]: TSC doesn't count with P0 frequency!
2026-07-16T18:32:17.913769-04:00 WarpnixOS kernel: BIOS-provided physical RAM map:
2026-07-16T18:32:17.913770-04:00 WarpnixOS kernel: BIOS-e820: [mem 0x0000000000000000-0x000000000009fbff]  System RAM
2026-07-16T18:32:17.913770-04:00 WarpnixOS kernel: BIOS-e820: [mem 0x000000000009fc00-0x000000000009ffff]  device reserved
2026-07-16T18:32:17.913770-04:00 WarpnixOS kernel: BIOS-e820: [gap 0x00000000000a0000-0x00000000000effff]
2026-07-16T18:32:17.913770-04:00 WarpnixOS kernel: BIOS-e820: [mem 0x00000000000f0000-0x00000000000fffff]  device reserved
2026-07-16T18:32:17.913770-04:00 WarpnixOS kernel: BIOS-e820: [mem 0x0000000000100000-0x00000000dffeffff]  System RAM
2026-07-16T18:32:17.913772-04:00 WarpnixOS kernel: BIOS-e820: [mem 0x00000000dfff0000-0x00000000dfffffff]  ACPI data
2026-07-16T18:32:17.913772-04:00 WarpnixOS kernel: BIOS-e820: [gap 0x00000000e0000000-0x00000000febfffff]
2026-07-16T18:32:17.913772-04:00 WarpnixOS kernel: BIOS-e820: [mem 0x00000000fec00000-0x00000000fec00fff]  device reserved
2026-07-16T18:32:17.913773-04:00 WarpnixOS kernel: BIOS-e820: [gap 0x00000000fec01000-0x00000000fedfffff]
2026-07-16T18:32:17.913773-04:00 WarpnixOS kernel: BIOS-e820: [mem 0x00000000fee00000-0x00000000fee00fff]  device reserved
2026-07-16T18:32:17.913773-04:00 WarpnixOS kernel: BIOS-e820: [gap 0x00000000fee01000-0x00000000fffbffff]
2026-07-16T18:32:17.913774-04:00 WarpnixOS kernel: BIOS-e820: [mem 0x00000000fffc0000-0x00000000ffffffff]  device reserved
2026-07-16T18:32:17.913775-04:00 WarpnixOS kernel: BIOS-e820: [mem 0x0000000100000000-0x000000031fffffff]  System RAM
2026-07-16T18:32:17.913775-04:00 WarpnixOS kernel: NX (Execute Disable) protection: active
2026-07-16T18:32:17.913775-04:00 WarpnixOS kernel: APIC: Static calls initialized
2026-07-16T18:32:17.913775-04:00 WarpnixOS kernel: SMBIOS 2.5 present.
2026-07-16T18:32:17.913775-04:00 WarpnixOS kernel: DMI: innotek GmbH VirtualBox/VirtualBox, BIOS VirtualBox 12/01/2006
2026-07-16T18:32:17.913777-04:00 WarpnixOS kernel: DMI: Memory slots populated: 0/0
2026-07-16T18:32:17.913777-04:00 WarpnixOS kernel: Hypervisor detected: KVM
2026-07-16T18:32:17.913777-04:00 WarpnixOS kernel: last_pfn = 0xe0000 max_arch_pfn = 0x400000000
2026-07-16T18:32:17.913778-04:00 WarpnixOS kernel: kvm-clock: Using msrs 4b564d01 and 4b564d00
2026-07-16T18:32:17.913778-04:00 WarpnixOS kernel: kvm-clock: using sched offset of 35071819530 cycles
2026-07-16T18:32:17.913778-04:00 WarpnixOS kernel: clocksource: kvm-clock: mask: 0xffffffffffffffff max_cycles: 0x1cd42e4dffb, max_idle_ns: 881590591483 ns
2026-07-16T18:32:17.913778-04:00 WarpnixOS kernel: tsc: Detected 4192.116 MHz processor
2026-07-16T18:32:17.913780-04:00 WarpnixOS kernel: e820: update [mem 0x00000000-0x00000fff] System RAM ==> device reserved
2026-07-16T18:32:17.913781-04:00 WarpnixOS kernel: e820: remove [mem 0x000a0000-0x000fffff] System RAM
2026-07-16T18:32:17.913781-04:00 WarpnixOS kernel: last_pfn = 0x320000 max_arch_pfn = 0x400000000
2026-07-16T18:32:17.913781-04:00 WarpnixOS kernel: total RAM covered: 12288M
2026-07-16T18:32:17.913781-04:00 WarpnixOS kernel: Found optimal setting for mtrr clean up
2026-07-16T18:32:17.913781-04:00 WarpnixOS kernel:  gran_size: 64K 	chunk_size: 64K 	num_reg: 6  	lose cover RAM: 0G
2026-07-16T18:32:17.913783-04:00 WarpnixOS kernel: MTRR map: 5 entries (3 fixed + 2 variable; max 35), built from 16 variable MTRRs
2026-07-16T18:32:17.913783-04:00 WarpnixOS kernel: x86/PAT: Configuration [0-7]: WB  WC  UC- UC  WB  WP  UC- WT  
2026-07-16T18:32:17.913783-04:00 WarpnixOS kernel: e820: update [mem 0xe0000000-0xffffffff] System RAM ==> device reserved
2026-07-16T18:32:17.913784-04:00 WarpnixOS kernel: last_pfn = 0xe0000 max_arch_pfn = 0x400000000
2026-07-16T18:32:17.913784-04:00 WarpnixOS kernel: found SMP MP-table at [mem 0x0009fbf0-0x0009fbff]
2026-07-16T18:32:17.913785-04:00 WarpnixOS kernel: RAMDISK: [mem 0x1e4f3000-0x2b270fff]
2026-07-16T18:32:17.913787-04:00 WarpnixOS kernel: ACPI: Early table checksum verification disabled
2026-07-16T18:32:17.913787-04:00 WarpnixOS kernel: ACPI: RSDP 0x00000000000E0000 000024 (v02 VBOX  )
2026-07-16T18:32:17.913787-04:00 WarpnixOS kernel: ACPI: XSDT 0x00000000DFFF0030 00003C (v01 VBOX   VBOXXSDT 00000001 ASL  00000061)
2026-07-16T18:32:17.913787-04:00 WarpnixOS kernel: ACPI: FACP 0x00000000DFFF00F0 0000F4 (v04 VBOX   VBOXFACP 00000001 ASL  00000061)
2026-07-16T18:32:17.913787-04:00 WarpnixOS kernel: ACPI: DSDT 0x00000000DFFF0640 002353 (v02 VBOX   VBOXBIOS 00000002 INTL 20230628)
2026-07-16T18:32:17.913787-04:00 WarpnixOS kernel: ACPI: FACS 0x00000000DFFF0200 000040
2026-07-16T18:32:17.913788-04:00 WarpnixOS kernel: ACPI: FACS 0x00000000DFFF0200 000040
2026-07-16T18:32:17.913790-04:00 WarpnixOS kernel: ACPI: APIC 0x00000000DFFF0240 00008C (v02 VBOX   VBOXAPIC 00000001 ASL  00000061)
2026-07-16T18:32:17.913790-04:00 WarpnixOS kernel: ACPI: SSDT 0x00000000DFFF02D0 00036C (v01 VBOX   VBOXCPUT 00000002 INTL 20230628)
2026-07-16T18:32:17.913790-04:00 WarpnixOS kernel: ACPI: Reserving FACP table memory at [mem 0xdfff00f0-0xdfff01e3]
2026-07-16T18:32:17.913790-04:00 WarpnixOS kernel: ACPI: Reserving DSDT table memory at [mem 0xdfff0640-0xdfff2992]
2026-07-16T18:32:17.913791-04:00 WarpnixOS kernel: ACPI: Reserving FACS table memory at [mem 0xdfff0200-0xdfff023f]
2026-07-16T18:32:17.913791-04:00 WarpnixOS kernel: ACPI: Reserving FACS table memory at [mem 0xdfff0200-0xdfff023f]
2026-07-16T18:32:17.913793-04:00 WarpnixOS kernel: ACPI: Reserving APIC table memory at [mem 0xdfff0240-0xdfff02cb]
2026-07-16T18:32:17.913793-04:00 WarpnixOS kernel: ACPI: Reserving SSDT table memory at [mem 0xdfff02d0-0xdfff063b]
2026-07-16T18:32:17.913793-04:00 WarpnixOS kernel: No NUMA configuration found
2026-07-16T18:32:17.913793-04:00 WarpnixOS kernel: Faking a node at [mem 0x0000000000000000-0x000000031fffffff]
2026-07-16T18:32:17.913793-04:00 WarpnixOS kernel: NODE_DATA(0) allocated [mem 0x31ffcd280-0x31fff7fff]
2026-07-16T18:32:17.913794-04:00 WarpnixOS kernel: ACPI: PM-Timer IO Port: 0x4008
2026-07-16T18:32:17.913795-04:00 WarpnixOS kernel: IOAPIC[0]: apic_id 8, version 32, address 0xfec00000, GSI 0-23
2026-07-16T18:32:17.913797-04:00 WarpnixOS kernel: ACPI: INT_SRC_OVR (bus 0 bus_irq 0 global_irq 2 dfl dfl)
2026-07-16T18:32:17.913797-04:00 WarpnixOS kernel: ACPI: INT_SRC_OVR (bus 0 bus_irq 9 global_irq 9 low level)
2026-07-16T18:32:17.913798-04:00 WarpnixOS kernel: ACPI: Using ACPI (MADT) for SMP configuration information
2026-07-16T18:32:17.913798-04:00 WarpnixOS kernel: CPU topo: Max. logical packages:   1
2026-07-16T18:32:17.913798-04:00 WarpnixOS kernel: CPU topo: Max. logical nodes:      1
2026-07-16T18:32:17.913798-04:00 WarpnixOS kernel: CPU topo: Num. nodes per package:  1
2026-07-16T18:32:17.913800-04:00 WarpnixOS kernel: CPU topo: Max. logical dies:       1
2026-07-16T18:32:17.913800-04:00 WarpnixOS kernel: CPU topo: Max. dies per package:   1
2026-07-16T18:32:17.913800-04:00 WarpnixOS kernel: CPU topo: Max. threads per core:   1
2026-07-16T18:32:17.913801-04:00 WarpnixOS kernel: CPU topo: Num. cores per package:     8
2026-07-16T18:32:17.913801-04:00 WarpnixOS kernel: CPU topo: Num. threads per package:   8
2026-07-16T18:32:17.913801-04:00 WarpnixOS kernel: CPU topo: Allowing 8 present CPUs plus 0 hotplug CPUs
2026-07-16T18:32:17.913802-04:00 WarpnixOS kernel: PM: hibernation: Registered nosave memory: [mem 0x00000000-0x00000fff]
2026-07-16T18:32:17.913803-04:00 WarpnixOS kernel: PM: hibernation: Registered nosave memory: [mem 0x0009f000-0x000fffff]
2026-07-16T18:32:17.913803-04:00 WarpnixOS kernel: PM: hibernation: Registered nosave memory: [mem 0xdfff0000-0xffffffff]
2026-07-16T18:32:17.913803-04:00 WarpnixOS kernel: [gap 0xe0000000-0xfebfffff] available for PCI devices
2026-07-16T18:32:17.913804-04:00 WarpnixOS kernel: Booting paravirtualized kernel on KVM
2026-07-16T18:32:17.913805-04:00 WarpnixOS kernel: clocksource: refined-jiffies: mask: 0xffffffff max_cycles: 0xffffffff, max_idle_ns: 1910969940391419 ns
2026-07-16T18:32:17.913806-04:00 WarpnixOS kernel: Zone ranges:
2026-07-16T18:32:17.913806-04:00 WarpnixOS kernel:   DMA      [mem 0x0000000000001000-0x0000000000ffffff]
2026-07-16T18:32:17.913807-04:00 WarpnixOS kernel:   DMA32    [mem 0x0000000001000000-0x00000000ffffffff]
2026-07-16T18:32:17.913807-04:00 WarpnixOS kernel:   Normal   [mem 0x0000000100000000-0x000000031fffffff]
2026-07-16T18:32:17.913807-04:00 WarpnixOS kernel:   Device   empty
2026-07-16T18:32:17.913807-04:00 WarpnixOS kernel: Movable zone start for each node
2026-07-16T18:32:17.913807-04:00 WarpnixOS kernel: Early memory node ranges
2026-07-16T18:32:17.913809-04:00 WarpnixOS kernel:   node   0: [mem 0x0000000000001000-0x000000000009efff]
2026-07-16T18:32:17.913809-04:00 WarpnixOS kernel:   node   0: [mem 0x0000000000100000-0x00000000dffeffff]
2026-07-16T18:32:17.913810-04:00 WarpnixOS kernel:   node   0: [mem 0x0000000100000000-0x000000031fffffff]
2026-07-16T18:32:17.913810-04:00 WarpnixOS kernel: Initmem setup node 0 [mem 0x0000000000001000-0x000000031fffffff]
2026-07-16T18:32:17.913810-04:00 WarpnixOS kernel: On node 0, zone DMA: 1 pages in unavailable ranges
2026-07-16T18:32:17.913810-04:00 WarpnixOS kernel: On node 0, zone DMA: 97 pages in unavailable ranges
2026-07-16T18:32:17.913813-04:00 WarpnixOS kernel: On node 0, zone Normal: 16 pages in unavailable ranges
2026-07-16T18:32:17.913813-04:00 WarpnixOS kernel: setup_percpu: NR_CPUS:8192 nr_cpumask_bits:8 nr_cpu_ids:8 nr_node_ids:1
2026-07-16T18:32:17.913813-04:00 WarpnixOS kernel: percpu: Embedded 85 pages/cpu s225280 r8192 d114688 u524288
2026-07-16T18:32:17.913813-04:00 WarpnixOS kernel: pcpu-alloc: s225280 r8192 d114688 u524288 alloc=1*2097152
2026-07-16T18:32:17.913813-04:00 WarpnixOS kernel: pcpu-alloc: [0] 0 1 2 3 [0] 4 5 6 7 
2026-07-16T18:32:17.913813-04:00 WarpnixOS kernel: kvm-guest: PV spinlocks enabled
2026-07-16T18:32:17.913815-04:00 WarpnixOS kernel: PV qspinlock hash table entries: 256 (order: 0, 4096 bytes, linear)
2026-07-16T18:32:17.913815-04:00 WarpnixOS kernel: Kernel command line: BOOT_IMAGE=/boot/vmlinuz-7.0.0-22-generic root=UUID=d28f9adf-16f0-4a19-9b08-4f5bead6a937 ro quiet splash
2026-07-16T18:32:17.913816-04:00 WarpnixOS kernel: Unknown kernel command line parameters "splash", will be passed to user space.
2026-07-16T18:32:17.913816-04:00 WarpnixOS kernel: random: crng init done
2026-07-16T18:32:17.913816-04:00 WarpnixOS kernel: printk: log buffer data + meta data: 262144 + 1114112 = 1376256 bytes
2026-07-16T18:32:17.913816-04:00 WarpnixOS kernel: Dentry cache hash table entries: 2097152 (order: 12, 16777216 bytes, linear)
2026-07-16T18:32:17.913863-04:00 WarpnixOS kernel: Inode-cache hash table entries: 1048576 (order: 11, 8388608 bytes, linear)
2026-07-16T18:32:17.913865-04:00 WarpnixOS kernel: software IO TLB: area num 8.
2026-07-16T18:32:17.913865-04:00 WarpnixOS kernel: Fallback order for Node 0: 0 
2026-07-16T18:32:17.913865-04:00 WarpnixOS kernel: Built 1 zonelists, mobility grouping on.  Total pages: 3145614
2026-07-16T18:32:17.913866-04:00 WarpnixOS kernel: Policy zone: Normal
2026-07-16T18:32:17.913866-04:00 WarpnixOS kernel: mem auto-init: stack:all(zero), heap alloc:on, heap free:off
2026-07-16T18:32:17.913866-04:00 WarpnixOS kernel: SLUB: HWalign=64, Order=0-3, MinObjects=0, CPUs=8, Nodes=1
2026-07-16T18:32:17.913868-04:00 WarpnixOS kernel: ftrace: allocating 63887 entries in 252 pages
2026-07-16T18:32:17.913868-04:00 WarpnixOS kernel: ftrace: allocated 252 pages with 6 groups
2026-07-16T18:32:17.913868-04:00 WarpnixOS kernel: Dynamic Preempt: lazy
2026-07-16T18:32:17.913868-04:00 WarpnixOS kernel: rcu: Preemptible hierarchical RCU implementation.
2026-07-16T18:32:17.913868-04:00 WarpnixOS kernel: rcu: 	RCU restricting CPUs from NR_CPUS=8192 to nr_cpu_ids=8.
2026-07-16T18:32:17.913869-04:00 WarpnixOS kernel: 	Trampoline variant of Tasks RCU enabled.
2026-07-16T18:32:17.913870-04:00 WarpnixOS kernel: 	Rude variant of Tasks RCU enabled.
2026-07-16T18:32:17.913870-04:00 WarpnixOS kernel: 	Tracing variant of Tasks RCU enabled.
2026-07-16T18:32:17.913871-04:00 WarpnixOS kernel: rcu: RCU calculated value of scheduler-enlistment delay is 100 jiffies.
2026-07-16T18:32:17.913871-04:00 WarpnixOS kernel: rcu: Adjusting geometry for rcu_fanout_leaf=16, nr_cpu_ids=8
2026-07-16T18:32:17.913871-04:00 WarpnixOS kernel: RCU Tasks: Setting shift to 3 and lim to 1 rcu_task_cb_adjust=1 rcu_task_cpu_ids=8.
2026-07-16T18:32:17.913871-04:00 WarpnixOS kernel: RCU Tasks Rude: Setting shift to 3 and lim to 1 rcu_task_cb_adjust=1 rcu_task_cpu_ids=8.
2026-07-16T18:32:17.913871-04:00 WarpnixOS kernel: NR_IRQS: 524544, nr_irqs: 488, preallocated irqs: 16
2026-07-16T18:32:17.913873-04:00 WarpnixOS kernel: rcu: srcu_init: Setting srcu_struct sizes based on contention.
2026-07-16T18:32:17.913873-04:00 WarpnixOS kernel: Console: colour VGA+ 80x25
2026-07-16T18:32:17.913873-04:00 WarpnixOS kernel: printk: legacy console [tty0] enabled
2026-07-16T18:32:17.913873-04:00 WarpnixOS kernel: ACPI: Core revision 20251212
2026-07-16T18:32:17.913873-04:00 WarpnixOS kernel: APIC: Switch to symmetric I/O mode setup
2026-07-16T18:32:17.913874-04:00 WarpnixOS kernel: x2apic enabled
2026-07-16T18:32:17.913876-04:00 WarpnixOS kernel: APIC: Switched APIC routing to: physical x2apic
2026-07-16T18:32:17.913876-04:00 WarpnixOS kernel: ..TIMER: vector=0x30 apic1=0 pin1=2 apic2=-1 pin2=-1
2026-07-16T18:32:17.913876-04:00 WarpnixOS kernel: clocksource: tsc-early: mask: 0xffffffffffffffff max_cycles: 0x3c6d497a92b, max_idle_ns: 440795353753 ns
2026-07-16T18:32:17.913877-04:00 WarpnixOS kernel: Calibrating delay loop (skipped) preset value.. 8384.23 BogoMIPS (lpj=4192116)
2026-07-16T18:32:17.913877-04:00 WarpnixOS kernel: Last level iTLB entries: 4KB 512, 2MB 512, 4MB 256
2026-07-16T18:32:17.913877-04:00 WarpnixOS kernel: Last level dTLB entries: 4KB 3072, 2MB 3072, 4MB 1536, 1GB 0
2026-07-16T18:32:17.913879-04:00 WarpnixOS kernel: mitigations: Enabled attack vectors: user_kernel, user_user, guest_host, guest_guest, SMT mitigations: auto
2026-07-16T18:32:17.913879-04:00 WarpnixOS kernel: Speculative Return Stack Overflow: IBPB-extending microcode not applied!
2026-07-16T18:32:17.913879-04:00 WarpnixOS kernel: Speculative Return Stack Overflow: WARNING: See https://kernel.org/doc/html/latest/admin-guide/hw-vuln/srso.html for mitigation options.
2026-07-16T18:32:17.913880-04:00 WarpnixOS kernel: Transient Scheduler Attacks: Vulnerable: No microcode
2026-07-16T18:32:17.913880-04:00 WarpnixOS kernel: Spectre V2 : Mitigation: Retpolines
2026-07-16T18:32:17.913880-04:00 WarpnixOS kernel: Speculative Return Stack Overflow: Vulnerable: Safe RET, no microcode
2026-07-16T18:32:17.913882-04:00 WarpnixOS kernel: Spectre V1 : Mitigation: usercopy/swapgs barriers and __user pointer sanitization
2026-07-16T18:32:17.913882-04:00 WarpnixOS kernel: Spectre V2 : Spectre v2 / SpectreRSB: Filling RSB on context switch and VMEXIT
2026-07-16T18:32:17.913882-04:00 WarpnixOS kernel: Spectre V2 : mitigation: Enabling conditional Indirect Branch Prediction Barrier
2026-07-16T18:32:17.913882-04:00 WarpnixOS kernel: active return thunk: srso_alias_return_thunk
2026-07-16T18:32:17.913882-04:00 WarpnixOS kernel: x86/fpu: Supporting XSAVE feature 0x001: 'x87 floating point registers'
2026-07-16T18:32:17.913882-04:00 WarpnixOS kernel: x86/fpu: Supporting XSAVE feature 0x002: 'SSE registers'
2026-07-16T18:32:17.913883-04:00 WarpnixOS kernel: x86/fpu: Supporting XSAVE feature 0x004: 'AVX registers'
2026-07-16T18:32:17.913884-04:00 WarpnixOS kernel: x86/fpu: xstate_offset[2]:  576, xstate_sizes[2]:  256
2026-07-16T18:32:17.913889-04:00 WarpnixOS kernel: x86/fpu: Enabled xstate features 0x7, context size is 832 bytes, using 'standard' format.
2026-07-16T18:32:17.913889-04:00 WarpnixOS kernel: Freeing SMP alternatives memory: 56K
2026-07-16T18:32:17.913890-04:00 WarpnixOS kernel: pid_max: default: 32768 minimum: 301
2026-07-16T18:32:17.913890-04:00 WarpnixOS kernel: landlock: Up and running.
2026-07-16T18:32:17.913890-04:00 WarpnixOS kernel: Yama: becoming mindful.
2026-07-16T18:32:17.913892-04:00 WarpnixOS kernel: AppArmor: AppArmor initialized
2026-07-16T18:32:17.913892-04:00 WarpnixOS kernel: AppArmor: AppArmor secmark mediation reserved: ready to be enabled
2026-07-16T18:32:17.913892-04:00 WarpnixOS kernel: Mount-cache hash table entries: 32768 (order: 6, 262144 bytes, linear)
2026-07-16T18:32:17.913892-04:00 WarpnixOS kernel: Mountpoint-cache hash table entries: 32768 (order: 6, 262144 bytes, linear)
2026-07-16T18:32:17.913893-04:00 WarpnixOS kernel: VFS: Finished mounting rootfs on nullfs
2026-07-16T18:32:17.913893-04:00 WarpnixOS kernel: APIC calibration not consistent with PM-Timer: 108ms instead of 100ms
2026-07-16T18:32:17.913893-04:00 WarpnixOS kernel: APIC delta adjusted to PM-Timer: 6295116 (6810116)
2026-07-16T18:32:17.913895-04:00 WarpnixOS kernel: smpboot: CPU0: AMD Ryzen 7 7800X3D 8-Core Processor (family: 0x19, model: 0x61, stepping: 0x2)
2026-07-16T18:32:17.913895-04:00 WarpnixOS kernel: Performance Events: PMU not available due to virtualization, using software events only.
2026-07-16T18:32:17.913895-04:00 WarpnixOS kernel: signal: max sigframe size: 1776
2026-07-16T18:32:17.913895-04:00 WarpnixOS kernel: rcu: Hierarchical SRCU implementation.
2026-07-16T18:32:17.913895-04:00 WarpnixOS kernel: rcu: 	Max phase no-delay instances is 400.
2026-07-16T18:32:17.913895-04:00 WarpnixOS kernel: Timer migration: 1 hierarchy levels; 8 children per group; 1 crossnode level
2026-07-16T18:32:17.913897-04:00 WarpnixOS kernel: NMI watchdog: Perf NMI watchdog permanently disabled
2026-07-16T18:32:17.913897-04:00 WarpnixOS kernel: smp: Bringing up secondary CPUs ...
2026-07-16T18:32:17.913897-04:00 WarpnixOS kernel: smpboot: x86: Booting SMP configuration:
2026-07-16T18:32:17.913898-04:00 WarpnixOS kernel: .... node  #0, CPUs:      #1 #2 #3 #4 #5 #6 #7
2026-07-16T18:32:17.913898-04:00 WarpnixOS kernel: smp: Brought up 1 node, 8 CPUs
2026-07-16T18:32:17.913898-04:00 WarpnixOS kernel: smpboot: Total of 8 processors activated (67073.85 BogoMIPS)
2026-07-16T18:32:17.913900-04:00 WarpnixOS kernel: Memory: 9949612K/12582456K available (23771K kernel code, 4949K rwdata, 16748K rodata, 5292K init, 5860K bss, 2623328K reserved, 0K cma-reserved)
2026-07-16T18:32:17.913900-04:00 WarpnixOS kernel: devtmpfs: initialized
2026-07-16T18:32:17.913900-04:00 WarpnixOS kernel: x86/mm: Memory block size: 128MB
2026-07-16T18:32:17.913900-04:00 WarpnixOS kernel: clocksource: jiffies: mask: 0xffffffff max_cycles: 0xffffffff, max_idle_ns: 1911260446275000 ns
2026-07-16T18:32:17.913900-04:00 WarpnixOS kernel: posixtimers hash table entries: 4096 (order: 4, 65536 bytes, linear)
2026-07-16T18:32:17.913900-04:00 WarpnixOS kernel: futex hash table entries: 2048 (131072 bytes on 1 NUMA nodes, total 128 KiB, linear).
2026-07-16T18:32:17.913901-04:00 WarpnixOS kernel: PM: RTC time: 22:32:08, date: 2026-07-16
2026-07-16T18:32:17.913905-04:00 WarpnixOS kernel: NET: Registered PF_NETLINK/PF_ROUTE protocol family
2026-07-16T18:32:17.913905-04:00 WarpnixOS kernel: DMA: preallocated 2048 KiB GFP_KERNEL pool for atomic allocations
2026-07-16T18:32:17.913905-04:00 WarpnixOS kernel: DMA: preallocated 2048 KiB GFP_KERNEL|GFP_DMA pool for atomic allocations
2026-07-16T18:32:17.913905-04:00 WarpnixOS kernel: DMA: preallocated 2048 KiB GFP_KERNEL|GFP_DMA32 pool for atomic allocations
2026-07-16T18:32:17.913905-04:00 WarpnixOS kernel: audit: initializing netlink subsys (disabled)
2026-07-16T18:32:17.913905-04:00 WarpnixOS kernel: audit: type=2000 audit(1784241164.722:1): state=initialized audit_enabled=0 res=1
2026-07-16T18:32:17.913907-04:00 WarpnixOS kernel: thermal_sys: Registered thermal governor 'fair_share'
2026-07-16T18:32:17.913907-04:00 WarpnixOS kernel: thermal_sys: Registered thermal governor 'bang_bang'
2026-07-16T18:32:17.913907-04:00 WarpnixOS kernel: thermal_sys: Registered thermal governor 'step_wise'
2026-07-16T18:32:17.913908-04:00 WarpnixOS kernel: thermal_sys: Registered thermal governor 'user_space'
2026-07-16T18:32:17.913908-04:00 WarpnixOS kernel: thermal_sys: Registered thermal governor 'power_allocator'
2026-07-16T18:32:17.913908-04:00 WarpnixOS kernel: cpuidle: using governor ladder
2026-07-16T18:32:17.913909-04:00 WarpnixOS kernel: cpuidle: using governor menu
2026-07-16T18:32:17.913910-04:00 WarpnixOS kernel: acpiphp: ACPI Hot Plug PCI Controller Driver version: 0.5
2026-07-16T18:32:17.913910-04:00 WarpnixOS kernel: PCI: Using configuration type 1 for base access
2026-07-16T18:32:17.913910-04:00 WarpnixOS kernel: PCI: Using configuration type 1 for extended access
2026-07-16T18:32:17.913910-04:00 WarpnixOS kernel: kprobes: kprobe jump-optimization is enabled. All kprobes are optimized if possible.
2026-07-16T18:32:17.913910-04:00 WarpnixOS kernel: HugeTLB: registered 2.00 MiB page size, pre-allocated 0 pages
2026-07-16T18:32:17.913910-04:00 WarpnixOS kernel: HugeTLB: 28 KiB vmemmap can be freed for a 2.00 MiB page
2026-07-16T18:32:17.913914-04:00 WarpnixOS kernel: ACPI: Added _OSI(Module Device)
2026-07-16T18:32:17.913915-04:00 WarpnixOS kernel: ACPI: Added _OSI(Processor Device)
2026-07-16T18:32:17.913915-04:00 WarpnixOS kernel: ACPI: Added _OSI(Processor Aggregator Device)
2026-07-16T18:32:17.913915-04:00 WarpnixOS kernel: ACPI: 2 ACPI AML tables successfully acquired and loaded
2026-07-16T18:32:17.913915-04:00 WarpnixOS kernel: ACPI: \_SB_: platform _OSC: OS support mask [006e7eff]
2026-07-16T18:32:17.913915-04:00 WarpnixOS kernel: ACPI: Interpreter enabled
2026-07-16T18:32:17.913919-04:00 WarpnixOS kernel: ACPI: PM: (supports S0 S5)
2026-07-16T18:32:17.913919-04:00 WarpnixOS kernel: ACPI: Using IOAPIC for interrupt routing
2026-07-16T18:32:17.913919-04:00 WarpnixOS kernel: PCI: Using host bridge windows from ACPI; if necessary, use "pci=nocrs" and report a bug
2026-07-16T18:32:17.913919-04:00 WarpnixOS kernel: PCI: Using E820 reservations for host bridge windows
2026-07-16T18:32:17.913919-04:00 WarpnixOS kernel: ACPI: Enabled 2 GPEs in block 00 to 07
2026-07-16T18:32:17.913920-04:00 WarpnixOS kernel: ACPI: PCI Root Bridge [PCI0] (domain 0000 [bus 00-ff])
2026-07-16T18:32:17.913967-04:00 WarpnixOS kernel: acpi PNP0A03:00: _OSC: OS supports [ExtendedConfig ASPM ClockPM Segments MSI EDR HPX-Type3]
2026-07-16T18:32:17.913970-04:00 WarpnixOS kernel: acpi PNP0A03:00: _OSC: platform does not support [PCIeCapability LTR DPC]
2026-07-16T18:32:17.913971-04:00 WarpnixOS kernel: acpi PNP0A03:00: _OSC: not requesting control; platform does not support [PCIeCapability]
2026-07-16T18:32:17.913971-04:00 WarpnixOS kernel: acpi PNP0A03:00: _OSC: OS requested [PCIeHotplug SHPCHotplug PME AER PCIeCapability LTR DPC]
2026-07-16T18:32:17.913971-04:00 WarpnixOS kernel: acpi PNP0A03:00: _OSC: platform willing to grant [PCIeHotplug SHPCHotplug PME AER]
2026-07-16T18:32:17.913971-04:00 WarpnixOS kernel: acpi PNP0A03:00: _OSC: platform retains control of PCIe features (AE_SUPPORT)
2026-07-16T18:32:17.913971-04:00 WarpnixOS kernel: PCI host bridge to bus 0000:00
2026-07-16T18:32:17.913974-04:00 WarpnixOS kernel: pci_bus 0000:00: root bus resource [io  0x0000-0x0cf7 window]
2026-07-16T18:32:17.913974-04:00 WarpnixOS kernel: pci_bus 0000:00: root bus resource [io  0x0d00-0xffff window]
2026-07-16T18:32:17.913975-04:00 WarpnixOS kernel: pci_bus 0000:00: root bus resource [mem 0x000a0000-0x000bffff window]
2026-07-16T18:32:17.913975-04:00 WarpnixOS kernel: pci_bus 0000:00: root bus resource [mem 0xe0000000-0xfdffffff window]
2026-07-16T18:32:17.913975-04:00 WarpnixOS kernel: pci_bus 0000:00: root bus resource [bus 00-ff]
2026-07-16T18:32:17.913975-04:00 WarpnixOS kernel: pci 0000:00:00.0: [8086:1237] type 00 class 0x060000 conventional PCI endpoint
2026-07-16T18:32:17.913978-04:00 WarpnixOS kernel: pci 0000:00:01.0: [8086:7000] type 00 class 0x060100 conventional PCI endpoint
2026-07-16T18:32:17.913978-04:00 WarpnixOS kernel: pci 0000:00:01.1: [8086:7111] type 00 class 0x01018a conventional PCI endpoint
2026-07-16T18:32:17.913979-04:00 WarpnixOS kernel: pci 0000:00:01.1: BAR 4 [io  0xd000-0xd00f]
2026-07-16T18:32:17.913980-04:00 WarpnixOS kernel: pci 0000:00:01.1: BAR 0 [io  0x01f0-0x01f7]: legacy IDE quirk
2026-07-16T18:32:17.913980-04:00 WarpnixOS kernel: pci 0000:00:01.1: BAR 1 [io  0x03f6]: legacy IDE quirk
2026-07-16T18:32:17.913980-04:00 WarpnixOS kernel: pci 0000:00:01.1: BAR 2 [io  0x0170-0x0177]: legacy IDE quirk
2026-07-16T18:32:17.913980-04:00 WarpnixOS kernel: pci 0000:00:01.1: BAR 3 [io  0x0376]: legacy IDE quirk
2026-07-16T18:32:17.913983-04:00 WarpnixOS kernel: pci 0000:00:02.0: [15ad:0405] type 00 class 0x030000 conventional PCI endpoint
2026-07-16T18:32:17.913983-04:00 WarpnixOS kernel: pci 0000:00:02.0: BAR 0 [io  0xd010-0xd01f]
2026-07-16T18:32:17.913984-04:00 WarpnixOS kernel: pci 0000:00:02.0: BAR 1 [mem 0xe0000000-0xe7ffffff pref]
2026-07-16T18:32:17.913984-04:00 WarpnixOS kernel: pci 0000:00:02.0: BAR 2 [mem 0xf0000000-0xf01fffff]
2026-07-16T18:32:17.913984-04:00 WarpnixOS kernel: pci 0000:00:02.0: Video device with shadowed ROM at [mem 0x000c0000-0x000dffff]
2026-07-16T18:32:17.913984-04:00 WarpnixOS kernel: pci 0000:00:03.0: [8086:100e] type 00 class 0x020000 conventional PCI endpoint
2026-07-16T18:32:17.913987-04:00 WarpnixOS kernel: pci 0000:00:03.0: BAR 0 [mem 0xf0200000-0xf021ffff]
2026-07-16T18:32:17.913987-04:00 WarpnixOS kernel: pci 0000:00:03.0: BAR 2 [io  0xd020-0xd027]
2026-07-16T18:32:17.913987-04:00 WarpnixOS kernel: pci 0000:00:04.0: [80ee:cafe] type 00 class 0x088000 conventional PCI endpoint
2026-07-16T18:32:17.913988-04:00 WarpnixOS kernel: pci 0000:00:04.0: BAR 0 [io  0xd040-0xd05f]
2026-07-16T18:32:17.913988-04:00 WarpnixOS kernel: pci 0000:00:04.0: BAR 1 [mem 0xf0400000-0xf07fffff]
2026-07-16T18:32:17.913988-04:00 WarpnixOS kernel: pci 0000:00:04.0: BAR 2 [mem 0xf0800000-0xf0803fff pref]
2026-07-16T18:32:17.913988-04:00 WarpnixOS kernel: pci 0000:00:05.0: [8086:2415] type 00 class 0x040100 conventional PCI endpoint
2026-07-16T18:32:17.913991-04:00 WarpnixOS kernel: pci 0000:00:05.0: BAR 0 [io  0xd100-0xd1ff]
2026-07-16T18:32:17.913991-04:00 WarpnixOS kernel: pci 0000:00:05.0: BAR 1 [io  0xd200-0xd23f]
2026-07-16T18:32:17.913992-04:00 WarpnixOS kernel: pci 0000:00:06.0: [106b:003f] type 00 class 0x0c0310 conventional PCI endpoint
2026-07-16T18:32:17.913992-04:00 WarpnixOS kernel: pci 0000:00:06.0: BAR 0 [mem 0xf0804000-0xf0804fff]
2026-07-16T18:32:17.913992-04:00 WarpnixOS kernel: pci 0000:00:07.0: [8086:7113] type 00 class 0x068000 conventional PCI endpoint
2026-07-16T18:32:17.913992-04:00 WarpnixOS kernel: pci 0000:00:07.0: quirk: [io  0x4000-0x403f] claimed by PIIX4 ACPI
2026-07-16T18:32:17.913995-04:00 WarpnixOS kernel: pci 0000:00:07.0: quirk: [io  0x4100-0x410f] claimed by PIIX4 SMB
2026-07-16T18:32:17.913995-04:00 WarpnixOS kernel: pci 0000:00:0b.0: [8086:265c] type 00 class 0x0c0320 conventional PCI endpoint
2026-07-16T18:32:17.913996-04:00 WarpnixOS kernel: pci 0000:00:0b.0: BAR 0 [mem 0xf0805000-0xf0805fff]
2026-07-16T18:32:17.913996-04:00 WarpnixOS kernel: pci 0000:00:0d.0: [8086:2829] type 00 class 0x010601 conventional PCI endpoint
2026-07-16T18:32:17.913996-04:00 WarpnixOS kernel: pci 0000:00:0d.0: BAR 0 [io  0xd240-0xd247]
2026-07-16T18:32:17.913996-04:00 WarpnixOS kernel: pci 0000:00:0d.0: BAR 1 [io  0xd248-0xd24b]
2026-07-16T18:32:17.913999-04:00 WarpnixOS kernel: pci 0000:00:0d.0: BAR 2 [io  0xd250-0xd257]
2026-07-16T18:32:17.913999-04:00 WarpnixOS kernel: pci 0000:00:0d.0: BAR 3 [io  0xd258-0xd25b]
2026-07-16T18:32:17.913999-04:00 WarpnixOS kernel: pci 0000:00:0d.0: BAR 4 [io  0xd260-0xd26f]
2026-07-16T18:32:17.914000-04:00 WarpnixOS kernel: pci 0000:00:0d.0: BAR 5 [mem 0xf0806000-0xf0807fff]
2026-07-16T18:32:17.914000-04:00 WarpnixOS kernel: ACPI: PCI: Interrupt link LNKA configured for IRQ 11
2026-07-16T18:32:17.914000-04:00 WarpnixOS kernel: ACPI: PCI: Interrupt link LNKB configured for IRQ 10
2026-07-16T18:32:17.914000-04:00 WarpnixOS kernel: ACPI: PCI: Interrupt link LNKC configured for IRQ 9
2026-07-16T18:32:17.914003-04:00 WarpnixOS kernel: ACPI: PCI: Interrupt link LNKD configured for IRQ 11
2026-07-16T18:32:17.914003-04:00 WarpnixOS kernel: iommu: Default domain type: Translated
2026-07-16T18:32:17.914004-04:00 WarpnixOS kernel: iommu: DMA domain TLB invalidation policy: lazy mode
2026-07-16T18:32:17.914004-04:00 WarpnixOS kernel: SCSI subsystem initialized
2026-07-16T18:32:17.914004-04:00 WarpnixOS kernel: libata version 3.00 loaded.
2026-07-16T18:32:17.914004-04:00 WarpnixOS kernel: ACPI: bus type USB registered
2026-07-16T18:32:17.914007-04:00 WarpnixOS kernel: usbcore: registered new interface driver usbfs
2026-07-16T18:32:17.914012-04:00 WarpnixOS kernel: usbcore: registered new interface driver hub
2026-07-16T18:32:17.914012-04:00 WarpnixOS kernel: usbcore: registered new device driver usb
2026-07-16T18:32:17.914012-04:00 WarpnixOS kernel: pps_core: LinuxPPS API ver. 1 registered
2026-07-16T18:32:17.914012-04:00 WarpnixOS kernel: pps_core: Software ver. 5.3.6 - Copyright 2005-2007 Rodolfo Giometti <giometti@linux.it>
2026-07-16T18:32:17.914013-04:00 WarpnixOS kernel: PTP clock support registered
2026-07-16T18:32:17.914013-04:00 WarpnixOS kernel: EDAC MC: Ver: 3.0.0
2026-07-16T18:32:17.914016-04:00 WarpnixOS kernel: NetLabel: Initializing
2026-07-16T18:32:17.914016-04:00 WarpnixOS kernel: NetLabel:  domain hash size = 128
2026-07-16T18:32:17.914017-04:00 WarpnixOS kernel: NetLabel:  protocols = UNLABELED CIPSOv4 CALIPSO
2026-07-16T18:32:17.914017-04:00 WarpnixOS kernel: NetLabel:  unlabeled traffic allowed by default
2026-07-16T18:32:17.914017-04:00 WarpnixOS kernel: mctp: management component transport protocol core
2026-07-16T18:32:17.914017-04:00 WarpnixOS kernel: NET: Registered PF_MCTP protocol family
2026-07-16T18:32:17.914021-04:00 WarpnixOS kernel: PCI: Using ACPI for IRQ routing
2026-07-16T18:32:17.914021-04:00 WarpnixOS kernel: PCI: pci_cache_line_size set to 64 bytes
2026-07-16T18:32:17.914021-04:00 WarpnixOS kernel: e820: register RAM buffer resource [mem 0x0009fc00-0x0009ffff]
2026-07-16T18:32:17.914022-04:00 WarpnixOS kernel: e820: register RAM buffer resource [mem 0xdfff0000-0xdfffffff]
2026-07-16T18:32:17.914022-04:00 WarpnixOS kernel: pci 0000:00:02.0: vgaarb: setting as boot VGA device
2026-07-16T18:32:17.914022-04:00 WarpnixOS kernel: pci 0000:00:02.0: vgaarb: bridge control possible
2026-07-16T18:32:17.914025-04:00 WarpnixOS kernel: pci 0000:00:02.0: vgaarb: VGA device added: decodes=io+mem,owns=io+mem,locks=none
2026-07-16T18:32:17.914025-04:00 WarpnixOS kernel: vgaarb: loaded
2026-07-16T18:32:17.914025-04:00 WarpnixOS kernel: clocksource: Switched to clocksource kvm-clock
2026-07-16T18:32:17.914026-04:00 WarpnixOS kernel: VFS: Disk quotas dquot_6.6.0
2026-07-16T18:32:17.914026-04:00 WarpnixOS kernel: VFS: Dquot-cache hash table entries: 512 (order 0, 4096 bytes)
2026-07-16T18:32:17.914026-04:00 WarpnixOS kernel: AppArmor: AppArmor Filesystem Enabled
2026-07-16T18:32:17.914026-04:00 WarpnixOS kernel: pnp: PnP ACPI init
2026-07-16T18:32:17.914029-04:00 WarpnixOS kernel: pnp: PnP ACPI: found 2 devices
2026-07-16T18:32:17.914029-04:00 WarpnixOS kernel: clocksource: acpi_pm: mask: 0xffffff max_cycles: 0xffffff, max_idle_ns: 2085701024 ns
2026-07-16T18:32:17.914029-04:00 WarpnixOS kernel: NET: Registered PF_INET protocol family
2026-07-16T18:32:17.914030-04:00 WarpnixOS kernel: IP idents hash table entries: 262144 (order: 9, 2097152 bytes, linear)
2026-07-16T18:32:17.914030-04:00 WarpnixOS kernel: tcp_listen_portaddr_hash hash table entries: 8192 (order: 5, 131072 bytes, linear)
2026-07-16T18:32:17.914030-04:00 WarpnixOS kernel: Table-perturb hash table entries: 65536 (order: 6, 262144 bytes, linear)
2026-07-16T18:32:17.914033-04:00 WarpnixOS kernel: TCP established hash table entries: 131072 (order: 8, 1048576 bytes, linear)
2026-07-16T18:32:17.914033-04:00 WarpnixOS kernel: TCP bind hash table entries: 65536 (order: 9, 2097152 bytes, linear)
2026-07-16T18:32:17.914033-04:00 WarpnixOS kernel: TCP: Hash tables configured (established 131072 bind 65536)
2026-07-16T18:32:17.914033-04:00 WarpnixOS kernel: MPTCP token hash table entries: 16384 (order: 7, 393216 bytes, linear)
2026-07-16T18:32:17.914033-04:00 WarpnixOS kernel: UDP hash table entries: 8192 (order: 7, 524288 bytes, linear)
2026-07-16T18:32:17.914034-04:00 WarpnixOS kernel: UDP-Lite hash table entries: 8192 (order: 7, 524288 bytes, linear)
2026-07-16T18:32:17.914034-04:00 WarpnixOS kernel: NET: Registered PF_UNIX/PF_LOCAL protocol family
2026-07-16T18:32:17.914037-04:00 WarpnixOS kernel: NET: Registered PF_XDP protocol family
2026-07-16T18:32:17.914037-04:00 WarpnixOS kernel: pci_bus 0000:00: resource 4 [io  0x0000-0x0cf7 window]
2026-07-16T18:32:17.914038-04:00 WarpnixOS kernel: pci_bus 0000:00: resource 5 [io  0x0d00-0xffff window]
2026-07-16T18:32:17.914038-04:00 WarpnixOS kernel: pci_bus 0000:00: resource 6 [mem 0x000a0000-0x000bffff window]
2026-07-16T18:32:17.914038-04:00 WarpnixOS kernel: pci_bus 0000:00: resource 7 [mem 0xe0000000-0xfdffffff window]
2026-07-16T18:32:17.914038-04:00 WarpnixOS kernel: pci 0000:00:00.0: Limiting direct PCI/PCI transfers
2026-07-16T18:32:17.914041-04:00 WarpnixOS kernel: PCI: CLS 0 bytes, default 64
2026-07-16T18:32:17.914041-04:00 WarpnixOS kernel: PCI-DMA: Using software bounce buffering for IO (SWIOTLB)
2026-07-16T18:32:17.914042-04:00 WarpnixOS kernel: software IO TLB: mapped [mem 0x00000000dbff0000-0x00000000dfff0000] (64MB)
2026-07-16T18:32:17.914042-04:00 WarpnixOS kernel: clocksource: tsc: mask: 0xffffffffffffffff max_cycles: 0x3c6d497a92b, max_idle_ns: 440795353753 ns
2026-07-16T18:32:17.914042-04:00 WarpnixOS kernel: Trying to unpack rootfs image as initramfs...
2026-07-16T18:32:17.914042-04:00 WarpnixOS kernel: clocksource: Switched to clocksource tsc
2026-07-16T18:32:17.914094-04:00 WarpnixOS kernel: platform rtc_cmos: registered platform RTC device (no PNP device found)
2026-07-16T18:32:17.914094-04:00 WarpnixOS kernel: Initialise system trusted keyrings
2026-07-16T18:32:17.914094-04:00 WarpnixOS kernel: Key type blacklist registered
2026-07-16T18:32:17.914094-04:00 WarpnixOS kernel: workingset: timestamp_bits=36 max_order=22 bucket_order=0
2026-07-16T18:32:17.914095-04:00 WarpnixOS kernel: squashfs: version 4.0 (2009/01/31) Phillip Lougher
2026-07-16T18:32:17.914095-04:00 WarpnixOS kernel: fuse: init (API version 7.45)
2026-07-16T18:32:17.914095-04:00 WarpnixOS kernel: integrity: Platform Keyring initialized
2026-07-16T18:32:17.914098-04:00 WarpnixOS kernel: integrity: Machine keyring initialized
2026-07-16T18:32:17.914098-04:00 WarpnixOS kernel: Key type asymmetric registered
2026-07-16T18:32:17.914098-04:00 WarpnixOS kernel: Asymmetric key parser 'x509' registered
2026-07-16T18:32:17.914099-04:00 WarpnixOS kernel: Block layer SCSI generic (bsg) driver version 0.4 loaded (major 242)
2026-07-16T18:32:17.914099-04:00 WarpnixOS kernel: io scheduler mq-deadline registered
2026-07-16T18:32:17.914099-04:00 WarpnixOS kernel: ledtrig-cpu: registered to indicate activity on CPUs
2026-07-16T18:32:17.914102-04:00 WarpnixOS kernel: ACPI: AC: AC Adapter [AC] (on-line)
2026-07-16T18:32:17.914102-04:00 WarpnixOS kernel: input: Power Button as /devices/platform/LNXPWRBN:00/input/input0
2026-07-16T18:32:17.914103-04:00 WarpnixOS kernel: ACPI: button: Power Button [PWRF]
2026-07-16T18:32:17.914103-04:00 WarpnixOS kernel: input: Sleep Button as /devices/platform/LNXSLPBN:00/input/input1
2026-07-16T18:32:17.914103-04:00 WarpnixOS kernel: ACPI: button: Sleep Button [SLPF]
2026-07-16T18:32:17.914103-04:00 WarpnixOS kernel: Serial: 8250/16550 driver, 32 ports, IRQ sharing enabled
2026-07-16T18:32:17.914103-04:00 WarpnixOS kernel: Linux agpgart interface v0.103
2026-07-16T18:32:17.914106-04:00 WarpnixOS kernel: loop: module loaded
2026-07-16T18:32:17.914107-04:00 WarpnixOS kernel: scsi host0: ata_piix
2026-07-16T18:32:17.914107-04:00 WarpnixOS kernel: scsi host1: ata_piix
2026-07-16T18:32:17.914107-04:00 WarpnixOS kernel: ata1: PATA max UDMA/33 cmd 0x1f0 ctl 0x3f6 bmdma 0xd000 irq 14 lpm-pol 0
2026-07-16T18:32:17.914107-04:00 WarpnixOS kernel: ata2: PATA max UDMA/33 cmd 0x170 ctl 0x376 bmdma 0xd008 irq 15 lpm-pol 0
2026-07-16T18:32:17.914107-04:00 WarpnixOS kernel: ACPI: bus type drm_connector registered
2026-07-16T18:32:17.914110-04:00 WarpnixOS kernel: tun: Universal TUN/TAP device driver, 1.6
2026-07-16T18:32:17.914111-04:00 WarpnixOS kernel: PPP generic driver version 2.4.2
2026-07-16T18:32:17.914111-04:00 WarpnixOS kernel: ohci-pci 0000:00:06.0: OHCI PCI host controller
2026-07-16T18:32:17.914111-04:00 WarpnixOS kernel: ohci-pci 0000:00:06.0: new USB bus registered, assigned bus number 1
2026-07-16T18:32:17.914111-04:00 WarpnixOS kernel: ohci-pci 0000:00:06.0: irq 22, io mem 0xf0804000
2026-07-16T18:32:17.914111-04:00 WarpnixOS kernel: Freeing initrd memory: 210424K
2026-07-16T18:32:17.914114-04:00 WarpnixOS kernel: usb usb1: New USB device found, idVendor=1d6b, idProduct=0001, bcdDevice= 7.00
2026-07-16T18:32:17.914114-04:00 WarpnixOS kernel: usb usb1: New USB device strings: Mfr=3, Product=2, SerialNumber=1
2026-07-16T18:32:17.914115-04:00 WarpnixOS kernel: usb usb1: Product: OHCI PCI host controller
2026-07-16T18:32:17.914115-04:00 WarpnixOS kernel: usb usb1: Manufacturer: Linux 7.0.0-22-generic ohci_hcd
2026-07-16T18:32:17.914115-04:00 WarpnixOS kernel: usb usb1: SerialNumber: 0000:00:06.0
2026-07-16T18:32:17.914115-04:00 WarpnixOS kernel: hub 1-0:1.0: USB hub found
2026-07-16T18:32:17.914115-04:00 WarpnixOS kernel: hub 1-0:1.0: 12 ports detected
2026-07-16T18:32:17.914118-04:00 WarpnixOS kernel: i8042: PNP: PS/2 Controller [PNP0303:PS2K,PNP0f03:PS2M] at 0x60,0x64 irq 1,12
2026-07-16T18:32:17.914118-04:00 WarpnixOS kernel: ehci-pci 0000:00:0b.0: EHCI Host Controller
2026-07-16T18:32:17.914119-04:00 WarpnixOS kernel: ehci-pci 0000:00:0b.0: new USB bus registered, assigned bus number 2
2026-07-16T18:32:17.914119-04:00 WarpnixOS kernel: serio: i8042 KBD port at 0x60,0x64 irq 1
2026-07-16T18:32:17.914119-04:00 WarpnixOS kernel: serio: i8042 AUX port at 0x60,0x64 irq 12
2026-07-16T18:32:17.914119-04:00 WarpnixOS kernel: ehci-pci 0000:00:0b.0: irq 19, io mem 0xf0805000
2026-07-16T18:32:17.914122-04:00 WarpnixOS kernel: mousedev: PS/2 mouse device common for all mice
2026-07-16T18:32:17.914122-04:00 WarpnixOS kernel: input: AT Translated Set 2 keyboard as /devices/platform/i8042/serio0/input/input2
2026-07-16T18:32:17.914122-04:00 WarpnixOS kernel: rtc_cmos rtc_cmos: registered as rtc0
2026-07-16T18:32:17.914123-04:00 WarpnixOS kernel: rtc_cmos rtc_cmos: setting system clock to 2026-07-16T22:32:08 UTC (1784241128)
2026-07-16T18:32:17.914123-04:00 WarpnixOS kernel: rtc_cmos rtc_cmos: alarms up to one day, 114 bytes nvram
2026-07-16T18:32:17.914123-04:00 WarpnixOS kernel: i2c_dev: i2c /dev entries driver
2026-07-16T18:32:17.914123-04:00 WarpnixOS kernel: device-mapper: core: CONFIG_IMA_DISABLE_HTABLE is disabled. Duplicate IMA measurements will not be recorded in the IMA log.
2026-07-16T18:32:17.914126-04:00 WarpnixOS kernel: device-mapper: uevent: version 1.0.3
2026-07-16T18:32:17.914127-04:00 WarpnixOS kernel: device-mapper: ioctl: 4.50.0-ioctl (2025-04-28) initialised: dm-devel@lists.linux.dev
2026-07-16T18:32:17.914127-04:00 WarpnixOS kernel: amd_pstate: The CPPC feature is supported but currently disabled by the BIOS.
2026-07-16T18:32:17.914127-04:00 WarpnixOS kernel: Please enable it if your BIOS has the CPPC option.
2026-07-16T18:32:17.914127-04:00 WarpnixOS kernel: amd_pstate: the _CPC object is not present in SBIOS or ACPI disabled
2026-07-16T18:32:17.914127-04:00 WarpnixOS kernel: drop_monitor: Initializing network drop monitor service
2026-07-16T18:32:17.914137-04:00 WarpnixOS kernel: NET: Registered PF_INET6 protocol family
2026-07-16T18:32:17.914138-04:00 WarpnixOS kernel: ehci-pci 0000:00:0b.0: USB 2.0 started, EHCI 1.00
2026-07-16T18:32:17.914138-04:00 WarpnixOS kernel: Segment Routing with IPv6
2026-07-16T18:32:17.914138-04:00 WarpnixOS kernel: usb usb2: New USB device found, idVendor=1d6b, idProduct=0002, bcdDevice= 7.00
2026-07-16T18:32:17.914138-04:00 WarpnixOS kernel: In-situ OAM (IOAM) with IPv6
2026-07-16T18:32:17.914138-04:00 WarpnixOS kernel: usb usb2: New USB device strings: Mfr=3, Product=2, SerialNumber=1
2026-07-16T18:32:17.914141-04:00 WarpnixOS kernel: usb usb2: Product: EHCI Host Controller
2026-07-16T18:32:17.914142-04:00 WarpnixOS kernel: usb usb2: Manufacturer: Linux 7.0.0-22-generic ehci_hcd
2026-07-16T18:32:17.914142-04:00 WarpnixOS kernel: usb usb2: SerialNumber: 0000:00:0b.0
2026-07-16T18:32:17.914143-04:00 WarpnixOS kernel: NET: Registered PF_PACKET protocol family
2026-07-16T18:32:17.914143-04:00 WarpnixOS kernel: Key type dns_resolver registered
2026-07-16T18:32:17.914143-04:00 WarpnixOS kernel: hub 2-0:1.0: USB hub found
2026-07-16T18:32:17.914145-04:00 WarpnixOS kernel: hub 2-0:1.0: 12 ports detected
2026-07-16T18:32:17.914147-04:00 WarpnixOS kernel: IPI shorthand broadcast: enabled
2026-07-16T18:32:17.914147-04:00 WarpnixOS kernel: sched_clock: Marking stable (744032754, 11673665)->(782749943, -27043524)
2026-07-16T18:32:17.914147-04:00 WarpnixOS kernel: registered taskstats version 1
2026-07-16T18:32:17.914147-04:00 WarpnixOS kernel: Loading compiled-in X.509 certificates
2026-07-16T18:32:17.914147-04:00 WarpnixOS kernel: Loaded X.509 cert 'Build time autogenerated kernel key: dc89478ca0cc19d49a8337465ee2fd0c98b2a3ff'
2026-07-16T18:32:17.914148-04:00 WarpnixOS kernel: Loaded X.509 cert 'Canonical Ltd. Live Patch Signing 2025 Kmod: d541cef61dc7e793b7eb7e899970a2eef0b5dc8c'
2026-07-16T18:32:17.914151-04:00 WarpnixOS kernel: Loaded X.509 cert 'Canonical Ltd. Live Patch Signing: 14df34d1a87cf37625abec039ef2bf521249b969'
2026-07-16T18:32:17.914151-04:00 WarpnixOS kernel: Loaded X.509 cert 'Canonical Ltd. Kernel Module Signing 2025 Kmod: 4627603d2357a2a3f81006370894c221175893e9'
2026-07-16T18:32:17.914164-04:00 WarpnixOS kernel: Loaded X.509 cert 'Canonical Ltd. Kernel Module Signing: 88f752e560a1e0737e31163a466ad7b70a850c19'
2026-07-16T18:32:17.914164-04:00 WarpnixOS kernel: blacklist: Loading compiled-in revocation X.509 certificates
2026-07-16T18:32:17.914164-04:00 WarpnixOS kernel: Loaded X.509 cert 'Canonical Ltd. Secure Boot Signing: 61482aa2830d0ab2ad5af10b7250da9033ddcef0'
2026-07-16T18:32:17.914164-04:00 WarpnixOS kernel: Loaded X.509 cert 'Canonical Ltd. Secure Boot Signing (2017): 242ade75ac4a15e50d50c84b0d45ff3eae707a03'
2026-07-16T18:32:17.914168-04:00 WarpnixOS kernel: Loaded X.509 cert 'Canonical Ltd. Secure Boot Signing (ESM 2018): 365188c1d374d6b07c3c8f240f8ef722433d6a8b'
2026-07-16T18:32:17.914168-04:00 WarpnixOS kernel: Loaded X.509 cert 'Canonical Ltd. Secure Boot Signing (2019): c0746fd6c5da3ae827864651ad66ae47fe24b3e8'
2026-07-16T18:32:17.914168-04:00 WarpnixOS kernel: Loaded X.509 cert 'Canonical Ltd. Secure Boot Signing (2021 v1): a8d54bbb3825cfb94fa13c9f8a594a195c107b8d'
2026-07-16T18:32:17.914168-04:00 WarpnixOS kernel: Loaded X.509 cert 'Canonical Ltd. Secure Boot Signing (2021 v2): 4cf046892d6fd3c9a5b03f98d845f90851dc6a8c'
2026-07-16T18:32:17.914168-04:00 WarpnixOS kernel: Loaded X.509 cert 'Canonical Ltd. Secure Boot Signing (2021 v3): 100437bb6de6e469b581e61cd66bce3ef4ed53af'
2026-07-16T18:32:17.914171-04:00 WarpnixOS kernel: Loaded X.509 cert 'Canonical Ltd. Secure Boot Signing (Ubuntu Core 2019): c1d57b8f6b743f23ee41f4f7ee292f06eecadfb9'
2026-07-16T18:32:17.914172-04:00 WarpnixOS kernel: Demotion targets for Node 0: null
2026-07-16T18:32:17.914172-04:00 WarpnixOS kernel: Key type .fscrypt registered
2026-07-16T18:32:17.914172-04:00 WarpnixOS kernel: Key type fscrypt-provisioning registered
2026-07-16T18:32:17.914172-04:00 WarpnixOS kernel: Key type big_key registered
2026-07-16T18:32:17.914172-04:00 WarpnixOS kernel: Key type encrypted registered
2026-07-16T18:32:17.914175-04:00 WarpnixOS kernel: AppArmor: AppArmor sha256 policy hashing enabled
2026-07-16T18:32:17.914175-04:00 WarpnixOS kernel: ima: No TPM chip found, activating TPM-bypass!
2026-07-16T18:32:17.914175-04:00 WarpnixOS kernel: Loading compiled-in module X.509 certificates
2026-07-16T18:32:17.914176-04:00 WarpnixOS kernel: Loaded X.509 cert 'Build time autogenerated kernel key: dc89478ca0cc19d49a8337465ee2fd0c98b2a3ff'
2026-07-16T18:32:17.914176-04:00 WarpnixOS kernel: ima: Allocated hash algorithm: sha256
2026-07-16T18:32:17.914176-04:00 WarpnixOS kernel: ima: No architecture policies found
2026-07-16T18:32:17.914176-04:00 WarpnixOS kernel: evm: Initialising EVM extended attributes:
2026-07-16T18:32:17.914179-04:00 WarpnixOS kernel: evm: security.selinux
2026-07-16T18:32:17.914179-04:00 WarpnixOS kernel: evm: security.SMACK64
2026-07-16T18:32:17.914179-04:00 WarpnixOS kernel: evm: security.SMACK64EXEC
2026-07-16T18:32:17.914180-04:00 WarpnixOS kernel: evm: security.SMACK64TRANSMUTE
2026-07-16T18:32:17.914180-04:00 WarpnixOS kernel: evm: security.SMACK64MMAP
2026-07-16T18:32:17.914180-04:00 WarpnixOS kernel: evm: security.apparmor
2026-07-16T18:32:17.914183-04:00 WarpnixOS kernel: evm: security.ima
2026-07-16T18:32:17.914183-04:00 WarpnixOS kernel: evm: security.capability
2026-07-16T18:32:17.914183-04:00 WarpnixOS kernel: evm: HMAC attrs: 0x1
2026-07-16T18:32:17.914183-04:00 WarpnixOS kernel: PM:   Magic number: 2:23:553
2026-07-16T18:32:17.914183-04:00 WarpnixOS kernel: tty ttyS29: hash matches
2026-07-16T18:32:17.914184-04:00 WarpnixOS kernel: port serial8250:0.28: hash matches
2026-07-16T18:32:17.914185-04:00 WarpnixOS kernel: ctrl serial8250:0: hash matches
2026-07-16T18:32:17.914187-04:00 WarpnixOS kernel: clockevents clockevent4: hash matches
2026-07-16T18:32:17.914230-04:00 WarpnixOS kernel: RAS: Correctable Errors collector initialized.
2026-07-16T18:32:17.914230-04:00 WarpnixOS kernel: clk: Disabling unused clocks
2026-07-16T18:32:17.914231-04:00 WarpnixOS kernel: PM: genpd: Disabling unused power domains
2026-07-16T18:32:17.914231-04:00 WarpnixOS kernel: Freeing unused decrypted memory: 2028K
2026-07-16T18:32:17.914231-04:00 WarpnixOS kernel: Freeing unused kernel image (initmem) memory: 5292K
2026-07-16T18:32:17.914234-04:00 WarpnixOS kernel: Write protecting the kernel read-only data: 43008k
2026-07-16T18:32:17.914235-04:00 WarpnixOS kernel: Freeing unused kernel image (text/rodata gap) memory: 804K
2026-07-16T18:32:17.914235-04:00 WarpnixOS kernel: Freeing unused kernel image (rodata/data gap) memory: 1684K
2026-07-16T18:32:17.914236-04:00 WarpnixOS kernel: x86/mm: Checked W+X mappings: passed, no W+X pages found.
2026-07-16T18:32:17.914236-04:00 WarpnixOS kernel: Run /init as init process
2026-07-16T18:32:17.914236-04:00 WarpnixOS kernel:   with arguments:
2026-07-16T18:32:17.914239-04:00 WarpnixOS kernel:     /init
2026-07-16T18:32:17.914239-04:00 WarpnixOS kernel:     splash
2026-07-16T18:32:17.914239-04:00 WarpnixOS kernel:   with environment:
2026-07-16T18:32:17.914239-04:00 WarpnixOS kernel:     HOME=/
2026-07-16T18:32:17.914240-04:00 WarpnixOS kernel:     TERM=linux
2026-07-16T18:32:17.914240-04:00 WarpnixOS kernel: usb 1-1: new full-speed USB device number 2 using ohci-pci
2026-07-16T18:32:17.914240-04:00 WarpnixOS kernel: e1000: Intel(R) PRO/1000 Network Driver
2026-07-16T18:32:17.914243-04:00 WarpnixOS kernel: e1000: Copyright (c) 1999-2006 Intel Corporation.
2026-07-16T18:32:17.914243-04:00 WarpnixOS kernel: ahci 0000:00:0d.0: SSS flag set, parallel bus scan disabled
2026-07-16T18:32:17.914243-04:00 WarpnixOS kernel: ahci 0000:00:0d.0: AHCI vers 0001.0100, 32 command slots, 3 Gbps, SATA mode
2026-07-16T18:32:17.914244-04:00 WarpnixOS kernel: ahci 0000:00:0d.0: 1/1 ports implemented (port mask 0x1)
2026-07-16T18:32:17.914244-04:00 WarpnixOS kernel: ahci 0000:00:0d.0: flags: 64bit ncq stag only ccc 
2026-07-16T18:32:17.914244-04:00 WarpnixOS kernel: ACPI: video: Video Device [GFX0] (multi-head: yes  rom: no  post: no)
2026-07-16T18:32:17.914247-04:00 WarpnixOS kernel: input: Video Bus as /devices/pci0000:00/acpi.video_bus.0/input/input4
2026-07-16T18:32:17.914248-04:00 WarpnixOS kernel: scsi host2: ahci
2026-07-16T18:32:17.914248-04:00 WarpnixOS kernel: ata3: SATA max UDMA/133 abar m8192@0xf0806000 port 0xf0806100 irq 21 lpm-pol 1
2026-07-16T18:32:17.914248-04:00 WarpnixOS kernel: input: ImExPS/2 Generic Explorer Mouse as /devices/platform/i8042/serio1/input/input5
2026-07-16T18:32:17.914248-04:00 WarpnixOS kernel: usb 1-1: New USB device found, idVendor=80ee, idProduct=0021, bcdDevice= 1.00
2026-07-16T18:32:17.914248-04:00 WarpnixOS kernel: usb 1-1: New USB device strings: Mfr=1, Product=3, SerialNumber=0
2026-07-16T18:32:17.914250-04:00 WarpnixOS kernel: usb 1-1: Product: USB Tablet
2026-07-16T18:32:17.914256-04:00 WarpnixOS kernel: usb 1-1: Manufacturer: VirtualBox
2026-07-16T18:32:17.914257-04:00 WarpnixOS kernel: e1000 0000:00:03.0 eth0: (PCI:33MHz:32-bit) 08:00:27:1e:da:2f
2026-07-16T18:32:17.914257-04:00 WarpnixOS kernel: e1000 0000:00:03.0 eth0: Intel(R) PRO/1000 Network Connection
2026-07-16T18:32:17.914257-04:00 WarpnixOS kernel: hid: raw HID events driver (C) Jiri Kosina
2026-07-16T18:32:17.914257-04:00 WarpnixOS kernel: ata3: SATA link up 3.0 Gbps (SStatus 123 SControl 300)
2026-07-16T18:32:17.914257-04:00 WarpnixOS kernel: ata3.00: ATA-6: VBOX HARDDISK, 1.0, max UDMA/133
2026-07-16T18:32:17.914260-04:00 WarpnixOS kernel: ata3.00: 83915200 sectors, multi 128: LBA48 NCQ (depth 32)
2026-07-16T18:32:17.914261-04:00 WarpnixOS kernel: ata3.00: configured for UDMA/133
2026-07-16T18:32:17.914261-04:00 WarpnixOS kernel: scsi 2:0:0:0: Direct-Access     ATA      VBOX HARDDISK    1.0  PQ: 0 ANSI: 5
2026-07-16T18:32:17.914261-04:00 WarpnixOS kernel: sd 2:0:0:0: Attached scsi generic sg0 type 0
2026-07-16T18:32:17.914261-04:00 WarpnixOS kernel: sd 2:0:0:0: [sda] 83915200 512-byte logical blocks: (43.0 GB/40.0 GiB)
2026-07-16T18:32:17.914261-04:00 WarpnixOS kernel: sd 2:0:0:0: [sda] Write Protect is off
2026-07-16T18:32:17.914264-04:00 WarpnixOS kernel: sd 2:0:0:0: [sda] Mode Sense: 00 3a 00 00
2026-07-16T18:32:17.914265-04:00 WarpnixOS kernel: sd 2:0:0:0: [sda] Write cache: enabled, read cache: enabled, doesn't support DPO or FUA
2026-07-16T18:32:17.914265-04:00 WarpnixOS kernel: sd 2:0:0:0: [sda] Preferred minimum I/O size 512 bytes
2026-07-16T18:32:17.914265-04:00 WarpnixOS kernel:  sda: sda1
2026-07-16T18:32:17.914265-04:00 WarpnixOS kernel: sd 2:0:0:0: [sda] Attached SCSI disk
2026-07-16T18:32:17.914265-04:00 WarpnixOS kernel: e1000 0000:00:03.0 enp0s3: renamed from eth0
2026-07-16T18:32:17.914265-04:00 WarpnixOS kernel: usbcore: registered new interface driver usbhid
2026-07-16T18:32:17.914268-04:00 WarpnixOS kernel: usbhid: USB HID core driver
2026-07-16T18:32:17.914269-04:00 WarpnixOS kernel: input: VirtualBox USB Tablet as /devices/pci0000:00/0000:00:06.0/usb1/1-1/1-1:1.0/0003:80EE:0021.0001/input/input6
2026-07-16T18:32:17.914269-04:00 WarpnixOS kernel: hid-generic 0003:80EE:0021.0001: input,hidraw0: USB HID v1.10 Mouse [VirtualBox USB Tablet] on usb-0000:00:06.0-1/input0
2026-07-16T18:32:17.914269-04:00 WarpnixOS kernel: clocksource: Long readout interval, skipping watchdog check: cs_nsec: 1141739625 wd_nsec: 1141738776
2026-07-16T18:32:17.914269-04:00 WarpnixOS kernel: raid6: avx2x4   gen() 33556 MB/s
2026-07-16T18:32:17.914271-04:00 WarpnixOS kernel: raid6: avx2x2   gen() 39074 MB/s
2026-07-16T18:32:17.914273-04:00 WarpnixOS kernel: raid6: avx2x1   gen() 31917 MB/s
2026-07-16T18:32:17.914273-04:00 WarpnixOS kernel: raid6: using algorithm avx2x2 gen() 39074 MB/s
2026-07-16T18:32:17.914273-04:00 WarpnixOS kernel: raid6: .... xor() 32933 MB/s, rmw enabled
2026-07-16T18:32:17.914273-04:00 WarpnixOS kernel: raid6: using avx2x2 recovery algorithm
2026-07-16T18:32:17.914274-04:00 WarpnixOS kernel: xor: automatically using best checksumming function   avx       
2026-07-16T18:32:17.914274-04:00 WarpnixOS kernel: Btrfs loaded, zoned=yes, fsverity=yes
2026-07-16T18:32:17.914277-04:00 WarpnixOS kernel: EXT4-fs (sda1): orphan cleanup on readonly fs
2026-07-16T18:32:17.914277-04:00 WarpnixOS kernel: EXT4-fs (sda1): mounted filesystem d28f9adf-16f0-4a19-9b08-4f5bead6a937 ro with ordered data mode. Quota mode: none.
2026-07-16T18:32:17.914400-04:00 WarpnixOS kernel: EXT4-fs (sda1): re-mounted d28f9adf-16f0-4a19-9b08-4f5bead6a937 r/w.
2026-07-16T18:32:17.914401-04:00 WarpnixOS kernel: ppdev: user-space parallel port driver
2026-07-16T18:32:17.914401-04:00 WarpnixOS kernel: lp: driver loaded but no devices found
2026-07-16T18:32:17.914410-04:00 WarpnixOS kernel: Adding 524284k swap on /swapfile.  Priority:-1 extents:1 across:524284k 
2026-07-16T18:32:17.914410-04:00 WarpnixOS kernel: vboxguest: loading out-of-tree module taints kernel.
2026-07-16T18:32:17.914411-04:00 WarpnixOS kernel: vboxguest: module verification failed: signature and/or required key missing - tainting kernel
2026-07-16T18:32:17.914413-04:00 WarpnixOS kernel: vgdrvHeartbeatInit: Setting up heartbeat to trigger every 2000 milliseconds
2026-07-16T18:32:17.914414-04:00 WarpnixOS kernel: Host supports full mouse state reporting, switching to extended mouse integration protocol
2026-07-16T18:32:17.914414-04:00 WarpnixOS kernel: piix4_smbus 0000:00:07.0: SMBus Host Controller at 0x4100, revision 0
2026-07-16T18:32:17.914414-04:00 WarpnixOS kernel: input: VirtualBox mouse integration as /devices/pci0000:00/0000:00:04.0/input/input7
2026-07-16T18:32:17.914414-04:00 WarpnixOS kernel: vmwgfx 0000:00:02.0: vgaarb: deactivate vga console
2026-07-16T18:32:17.914414-04:00 WarpnixOS kernel: Console: switching to colour dummy device 80x25
2026-07-16T18:32:17.914415-04:00 WarpnixOS kernel: vboxguest: Successfully loaded version 7.1.16 r172425
2026-07-16T18:32:17.914417-04:00 WarpnixOS kernel: vboxguest: misc device minor 262, IRQ 20, I/O port d040, MMIO at 00000000f0400000 (size 0x400000)
2026-07-16T18:32:17.914418-04:00 WarpnixOS kernel: vboxguest: Successfully loaded version 7.1.16 r172425 (interface 0x00010004)
2026-07-16T18:32:17.914418-04:00 WarpnixOS kernel: vmwgfx 0000:00:02.0: [drm] FIFO at 0x00000000f0000000 size is 2048 KiB
2026-07-16T18:32:17.914418-04:00 WarpnixOS kernel: vmwgfx 0000:00:02.0: [drm] VRAM at 0x00000000e0000000 size is 131072 KiB
2026-07-16T18:32:17.914418-04:00 WarpnixOS kernel: vmwgfx 0000:00:02.0: [drm] Running on SVGA version 2.
2026-07-16T18:32:17.914418-04:00 WarpnixOS kernel: vmwgfx 0000:00:02.0: [drm] Capabilities: rect copy, cursor, cursor bypass, cursor bypass 2, alpha cursor, extended fifo, pitchlock, irq mask, gmr, traces, gmr2, screen object 2, command buffers, gbobject, 
2026-07-16T18:32:17.914454-04:00 WarpnixOS kernel: vmwgfx 0000:00:02.0: [drm] *ERROR* vmwgfx seems to be running on an unsupported hypervisor.
2026-07-16T18:32:17.914454-04:00 WarpnixOS kernel: vmwgfx 0000:00:02.0: [drm] *ERROR* This configuration is likely broken.
2026-07-16T18:32:17.914455-04:00 WarpnixOS kernel: vmwgfx 0000:00:02.0: [drm] *ERROR* Please switch to a supported graphics device to avoid problems.
2026-07-16T18:32:17.914455-04:00 WarpnixOS kernel: vmwgfx 0000:00:02.0: [drm] DMA map mode: Caching DMA mappings.
2026-07-16T18:32:17.914455-04:00 WarpnixOS kernel: vmwgfx 0000:00:02.0: [drm] Legacy memory limits: VRAM = 131072 KiB, FIFO = 2048 KiB, surface = 393216 KiB
2026-07-16T18:32:17.914455-04:00 WarpnixOS kernel: vmwgfx 0000:00:02.0: [drm] MOB limits: max mob size = 131072 KiB, max mob pages = 32768
2026-07-16T18:32:17.914458-04:00 WarpnixOS kernel: vmwgfx 0000:00:02.0: [drm] Max GMR ids is 8192
2026-07-16T18:32:17.914458-04:00 WarpnixOS kernel: vmwgfx 0000:00:02.0: [drm] Max number of GMR pages is 1048576
2026-07-16T18:32:17.914459-04:00 WarpnixOS kernel: vmwgfx 0000:00:02.0: [drm] Maximum display memory size is 131072 KiB
2026-07-16T18:32:17.914459-04:00 WarpnixOS kernel: vmwgfx 0000:00:02.0: [drm] Screen Target display unit initialized
2026-07-16T18:32:17.914459-04:00 WarpnixOS kernel: vmwgfx 0000:00:02.0: [drm] Fifo max 0x00200000 min 0x00001000 cap 0x00000355
2026-07-16T18:32:17.914459-04:00 WarpnixOS kernel: vmwgfx 0000:00:02.0: [drm] Using command buffers with DMA pool.
2026-07-16T18:32:17.914462-04:00 WarpnixOS kernel: vmwgfx 0000:00:02.0: [drm] Available shader model: Legacy.
2026-07-16T18:32:17.914462-04:00 WarpnixOS kernel: ------------[ cut here ]------------
2026-07-16T18:32:17.914462-04:00 WarpnixOS kernel: WARNING: kernel/rcu/tree_plugin.h:823 at rcu_sched_clock_irq+0x390/0x3a0, CPU#0: (udev-worker)/404
2026-07-16T18:32:17.914463-04:00 WarpnixOS kernel: Modules linked in: snd_timer(+) snd vmwgfx(+) drm_ttm_helper i2c_piix4 ttm soundcore vboxguest(OE) i2c_smbus joydev input_leds mac_hid sch_fq_codel parport_pc lp ppdev parport msr efi_pstore nfnetlink dmi_sysfs autofs4 btrfs libblake2b xor raid6_pq hid_generic usbhid hid psmouse serio_raw vga16fb ghash_clmulni_intel video ahci vgastate pata_acpi e1000 wmi libahci aesni_intel
2026-07-16T18:32:17.914463-04:00 WarpnixOS kernel: CPU: 0 UID: 0 PID: 404 Comm: (udev-worker) Tainted: G           OE       7.0.0-22-generic #22-Ubuntu PREEMPT(lazy) 
2026-07-16T18:32:17.914463-04:00 WarpnixOS kernel: Tainted: [O]=OOT_MODULE, [E]=UNSIGNED_MODULE
2026-07-16T18:32:17.914466-04:00 WarpnixOS kernel: Hardware name: innotek GmbH VirtualBox/VirtualBox, BIOS VirtualBox 12/01/2006
2026-07-16T18:32:17.914466-04:00 WarpnixOS kernel: RIP: 0010:rcu_sched_clock_irq+0x390/0x3a0
2026-07-16T18:32:17.914466-04:00 WarpnixOS kernel: Code: 02 8b 80 68 d4 42 90 a8 04 0f 84 a3 fe ff ff e9 8d fe ff ff 48 8b 03 a8 10 75 ca be 04 00 00 00 48 89 df e8 b2 37 f5 ff eb bb <0f> 0b e9 f7 fc ff ff 66 0f 1f 84 00 00 00 00 00 90 90 90 90 90 90
2026-07-16T18:32:17.914467-04:00 WarpnixOS kernel: RSP: 0000:ffffcd9140ad7db0 EFLAGS: 00010086
2026-07-16T18:32:17.914468-04:00 WarpnixOS kernel: RAX: 00000000ffffffff RBX: ffff8c895a120000 RCX: 0000000000000000
2026-07-16T18:32:17.914468-04:00 WarpnixOS kernel: RDX: 0000000000000000 RSI: 0000000000000000 RDI: 0000000000000001
2026-07-16T18:32:17.914471-04:00 WarpnixOS kernel: RBP: ffffcd9140ad7dd0 R08: 0000000000000000 R09: 0000000000000000
2026-07-16T18:32:17.914471-04:00 WarpnixOS kernel: R10: 0000000000000000 R11: 0000000000000000 R12: 0000000000000001
2026-07-16T18:32:17.914471-04:00 WarpnixOS kernel: R13: 00000001f57534ff R14: ffffffff8d58e150 R15: ffff8c8b53a21ac0
2026-07-16T18:32:17.914471-04:00 WarpnixOS kernel: FS:  000075f4a8d48c80(0000) GS:ffff8c8bc3600000(0000) knlGS:0000000000000000
2026-07-16T18:32:17.914471-04:00 WarpnixOS kernel: CS:  0010 DS: 0000 ES: 0000 CR0: 0000000080050033
2026-07-16T18:32:17.914472-04:00 WarpnixOS kernel: CR2: 0000639ae8218308 CR3: 000000011e619000 CR4: 00000000000506f0
2026-07-16T18:32:17.914475-04:00 WarpnixOS kernel: Call Trace:
2026-07-16T18:32:17.914475-04:00 WarpnixOS kernel:  <TASK>
2026-07-16T18:32:17.914475-04:00 WarpnixOS kernel:  ? account_process_tick+0xf1/0x160
2026-07-16T18:32:17.914475-04:00 WarpnixOS kernel:  update_process_times+0x91/0xe0
2026-07-16T18:32:17.914475-04:00 WarpnixOS kernel:  tick_nohz_handler+0x96/0x1a0
2026-07-16T18:32:17.914476-04:00 WarpnixOS kernel:  __hrtimer_run_queues+0x10c/0x270
2026-07-16T18:32:17.914476-04:00 WarpnixOS kernel:  ? srso_alias_return_thunk+0x5/0xfbef5
2026-07-16T18:32:17.914479-04:00 WarpnixOS kernel:  hrtimer_interrupt+0x104/0x250
2026-07-16T18:32:17.914479-04:00 WarpnixOS kernel:  __sysvec_apic_timer_interrupt+0x58/0x150
2026-07-16T18:32:17.914479-04:00 WarpnixOS kernel:  ? srso_alias_return_thunk+0x5/0xfbef5
2026-07-16T18:32:17.914479-04:00 WarpnixOS kernel:  sysvec_apic_timer_interrupt+0x44/0xd0
2026-07-16T18:32:17.914480-04:00 WarpnixOS kernel:  asm_sysvec_apic_timer_interrupt+0x1b/0x20
2026-07-16T18:32:17.914480-04:00 WarpnixOS kernel: RIP: 0033:0x75f4a84b5153
2026-07-16T18:32:17.914484-04:00 WarpnixOS kernel: Code: 5e 48 83 e0 f0 48 39 d0 73 5b 48 89 c2 48 c1 ea 04 48 83 ea 02 48 83 fa 3f 77 5c 48 8b 05 45 cc 15 00 48 8d 72 12 64 48 8b 08 <48> 8b 44 f1 08 48 85 c0 74 31 a8 0f 0f 85 ab 00 00 00 48 89 c7 48
2026-07-16T18:32:17.914484-04:00 WarpnixOS kernel: RSP: 002b:00007ffc06eeb838 EFLAGS: 00000293
2026-07-16T18:32:17.914484-04:00 WarpnixOS kernel: RAX: fffffffffffffea0 RBX: 0000000000000013 RCX: 0000639ae7eba650
2026-07-16T18:32:17.914484-04:00 WarpnixOS kernel: RDX: 0000000000000000 RSI: 0000000000000012 RDI: 0000000000000013
2026-07-16T18:32:17.914485-04:00 WarpnixOS kernel: RBP: 00007ffc06eeb850 R08: 0000000000000000 R09: 0000000000000008
2026-07-16T18:32:17.914485-04:00 WarpnixOS kernel: R10: 00007ffc06eebb00 R11: 0000639ae820ff50 R12: 0000639ae7ee4fd5
2026-07-16T18:32:17.914488-04:00 WarpnixOS kernel: R13: 0000639ae820fea0 R14: 0000639ae7ee4fd5 R15: 0000000000000000
2026-07-16T18:32:17.914488-04:00 WarpnixOS kernel:  </TASK>
2026-07-16T18:32:17.914488-04:00 WarpnixOS kernel: ---[ end trace 0000000000000000 ]---
2026-07-16T18:32:17.914488-04:00 WarpnixOS kernel: [drm] Initialized vmwgfx 2.21.0 for 0000:00:02.0 on minor 0
2026-07-16T18:32:17.914489-04:00 WarpnixOS kernel: fbcon: vmwgfxdrmfb (fb0) is primary device
2026-07-16T18:32:17.914489-04:00 WarpnixOS kernel: Console: switching to colour frame buffer device 160x50
2026-07-16T18:32:17.914489-04:00 WarpnixOS kernel: vmwgfx 0000:00:02.0: [drm] fb0: vmwgfxdrmfb frame buffer device
2026-07-16T18:32:17.914492-04:00 WarpnixOS kernel: intel_rapl_common: Found RAPL domain package
2026-07-16T18:32:17.914492-04:00 WarpnixOS kernel: intel_rapl_common: Found RAPL domain core
2026-07-16T18:32:17.914492-04:00 WarpnixOS kernel: snd_intel8x0 0000:00:05.0: allow list rate for 1028:0177 is 48000
2026-07-16T18:32:17.914493-04:00 WarpnixOS kernel: audit: type=1400 audit(1784241137.670:2): apparmor="STATUS" operation="profile_load" profile="unconfined" name="QtWebEngineProcess" pid=578 comm="apparmor_parser"
2026-07-16T18:32:17.914493-04:00 WarpnixOS kernel: audit: type=1400 audit(1784241137.670:3): apparmor="STATUS" operation="profile_load" profile="unconfined" name="balena-etcher" pid=582 comm="apparmor_parser"
2026-07-16T18:32:17.914493-04:00 WarpnixOS kernel: audit: type=1400 audit(1784241137.670:4): apparmor="STATUS" operation="profile_load" profile="unconfined" name=4D6F6E676F444220436F6D70617373 pid=577 comm="apparmor_parser"
2026-07-16T18:32:17.914501-04:00 WarpnixOS kernel: audit: type=1400 audit(1784241137.670:5): apparmor="STATUS" operation="profile_load" profile="unconfined" name="Discord" pid=576 comm="apparmor_parser"
2026-07-16T18:32:17.914502-04:00 WarpnixOS kernel: audit: type=1400 audit(1784241137.670:6): apparmor="STATUS" operation="profile_load" profile="unconfined" name="1password" pid=575 comm="apparmor_parser"
2026-07-16T18:32:17.914502-04:00 WarpnixOS kernel: audit: type=1400 audit(1784241137.673:7): apparmor="STATUS" operation="profile_load" profile="unconfined" name="babeld" pid=581 comm="apparmor_parser"
2026-07-16T18:32:17.914502-04:00 WarpnixOS kernel: audit: type=1400 audit(1784241137.674:8): apparmor="STATUS" operation="profile_load" profile="unconfined" name="buildah" pid=586 comm="apparmor_parser"
2026-07-16T18:32:17.914502-04:00 WarpnixOS kernel: audit: type=1400 audit(1784241137.674:9): apparmor="STATUS" operation="profile_load" profile="unconfined" name="brave" pid=585 comm="apparmor_parser"
2026-07-16T18:32:17.914506-04:00 WarpnixOS kernel: audit: type=1400 audit(1784241137.674:10): apparmor="STATUS" operation="profile_load" profile="unconfined" name="bwrap" pid=587 comm="apparmor_parser"
2026-07-16T18:32:17.914507-04:00 WarpnixOS kernel: audit: type=1400 audit(1784241137.675:11): apparmor="STATUS" operation="profile_load" profile="unconfined" name="unpriv_bwrap" pid=587 comm="apparmor_parser"
2026-07-16T18:32:18.205546-04:00 WarpnixOS kernel: NET: Registered PF_QIPCRTR protocol family
2026-07-16T18:32:18.323350-04:00 WarpnixOS kernel: e1000: enp0s3 NIC Link is Up 1000 Mbps Full Duplex, Flow Control: RX
2026-07-16T18:32:19.064831-04:00 WarpnixOS kernel: 22:32:19.063880 main     VBoxService 7.1.16 r172425 (verbosity: 0) linux.amd64 (Jan 27 2026 11:51:23) release log
2026-07-16T18:32:19.064854-04:00 WarpnixOS kernel: 22:32:19.063881 main     Log opened 2026-07-16T22:32:19.063878000Z
2026-07-16T18:32:19.064856-04:00 WarpnixOS kernel: 22:32:19.063943 main     OS Product: Linux
2026-07-16T18:32:19.064856-04:00 WarpnixOS kernel: 22:32:19.063956 main     OS Release: 7.0.0-22-generic
2026-07-16T18:32:19.064857-04:00 WarpnixOS kernel: 22:32:19.063971 main     OS Version: #22-Ubuntu SMP PREEMPT_DYNAMIC Mon May 25 15:54:34 UTC 2026
2026-07-16T18:32:19.064857-04:00 WarpnixOS kernel: 22:32:19.063982 main     Executable: /opt/VBoxGuestAdditions-7.1.16/sbin/VBoxService
2026-07-16T18:32:19.064857-04:00 WarpnixOS kernel: 22:32:19.063983 main     Process ID: 1336
2026-07-16T18:32:19.064858-04:00 WarpnixOS kernel: 22:32:19.063983 main     Package type: LINUX_64BITS_GENERIC
2026-07-16T18:32:19.069029-04:00 WarpnixOS kernel: 22:32:19.067402 main     7.1.16 r172425 started. Verbose level = 0
2026-07-16T18:32:19.069033-04:00 WarpnixOS kernel: 22:32:19.067950 main     vbglR3GuestCtrlDetectPeekGetCancelSupport: Supported (#1)
2026-07-16T18:32:19.076530-04:00 WarpnixOS kernel: vboxsf: g_fHostFeatures=0x8000000f g_fSfFeatures=0x1 g_uSfLastFunction=29
2026-07-16T18:32:19.076538-04:00 WarpnixOS kernel: vboxsf: Successfully loaded version 7.1.16 r172425
2026-07-16T18:32:19.076539-04:00 WarpnixOS kernel: vboxsf: Successfully loaded version 7.1.16 r172425 on 7.0.0-22-generic (LINUX_VERSION_CODE=0x70000)
2026-07-16T18:32:19.077462-04:00 WarpnixOS kernel: 22:32:19.076617 automount vbsvcAutomounterMountIt: Successfully mounted 'Desktop' on '/media/shared'
2026-07-16T18:38:20.120574-04:00 WarpnixOS kernel: NOTICE: Automounting of tracing to debugfs is deprecated and will be removed in 2030
2026-07-16T18:38:42.865553-04:00 WarpnixOS kernel: block loop0: the capability attribute has been deprecated.
2026-07-16T18:38:43.347896-04:00 WarpnixOS kernel: bdi 7:0: the stable_pages_required attribute has been removed. Use the stable_writes queue attribute instead.
2026-07-16T18:38:44.843634-04:00 WarpnixOS kernel: WARNING! power/level is deprecated; use power/control instead
2026-07-16T18:40:46.520568-04:00 WarpnixOS kernel: 22:40:46.520301 automount vbsvcAutomounterMountIt: Successfully mounted 'github2' on '/media/sf_github2'
2026-07-16T18:41:16.811588-04:00 WarpnixOS kernel: ACPI Error: AE_ERROR, While parsing command line (20251212/dbinput-1266)
2026-07-16T18:41:17.585576-04:00 WarpnixOS kernel: 22:41:17.584566 automount vbsvcAutomounterMountIt: Successfully mounted 'Desktop' on '/media/shared'
